id,full_name,first_name,last_name,occupation,field,organization,country,birth_year,death_year,aptronym_type,aptronym_score,name_element,connection,name_origin,name_status,person_source_url,name_source_url,discovery_source_url,notes,review_status
apt-0001,A. J. Splatt,A. J.,Splatt,urologist,medicine,,,,,phonetic,3,Splatt,Co-authored a urology paper that launched New Scientist's nominative determinism column.,,unknown,https://en.wikipedia.org/wiki/Nominative_determinism,,https://en.wikipedia.org/wiki/Nominative_determinism,Full given name Anthony; paper with D. Weedon 1977.,probable
apt-0002,Aaron Doctor,Aaron,Doctor,obstetrician-gynecologist,medicine,,United States,,,direct,5,Doctor,His surname is Doctor and he practises as a physician.,,unknown,https://npiregistry.cms.hhs.gov/,,https://doi.org/10.1179/002777310x12682237914945,Abel 2010 found disproportionate Doctor surnames among physicians. Audit: person_source_url is NPI registry homepage only; confirms licence exists but not specialty or employer from this URL.,probable
apt-0003,Aaron Judge,Aaron,Judge,MLB outfielder,sports,New York Yankees,United States,1992,,wordplay|ironic,3,Judge,His surname is the title of the umpire who rules on his at-bats.,,unknown,https://www.baseball-reference.com/players/j/judgeaa01.shtml,,,,verified
apt-0004,Aaron Snow,Aaron,Snow,NHL left wing,sports,Dallas Stars,Canada,1988,,semantic,2,Snow,His surname matches the cold conditions associated with hockey.,,unknown,https://www.hockey-reference.com/players/s/snowaa01.html,,,Audit: Snow/cold is a generic surname link shared by any hockey player; score inflated from 3.,verified
apt-0005,Abby Stork,Abby,Stork,obstetrician-gynecologist,medicine,,United States,,,semantic,5,Stork,"The stork is folklore's bird that delivers babies, matching obstetrics.",,unknown,https://npiregistry.cms.hhs.gov/,,https://npiregistry.cms.hhs.gov/,Audit: person_source_url is NPI registry homepage only; confirms licence exists but not specialty or employer from this URL.,probable
apt-0006,Abu Hafs Amr Haddad,Abu Hafs Amr,Haddad,Sufi mystic and blacksmith,religion,,Iran,,879,translation,5,Haddad,Al-Haddad means the blacksmith in Arabic; he worked as a smith in Nishapur.,Arabic: blacksmith,birth_name,https://en.wikipedia.org/wiki/Abu_Hafs_Amr_Haddad,https://en.wikipedia.org/wiki/Haddad,,9th-century figure.,verified
apt-0007,Adam Gunn,Adam,Gunn,decathlete,sports,,United States,1870,1935,semantic,2,Gunn,"Gunn evokes firearms, a weak fit for a 1904 all-around silver medalist.",,unknown,https://www.olympedia.org/athletes/78488,,,,borderline
apt-0008,Adam Riess,Adam,Riess,astrophysicist,science,Johns Hopkins University,United States,1969,,phonetic,2,Riess,Riess is a weak phonetic echo of rise for an astrophysicist who discovered cosmic acceleration.,,birth_name,https://en.wikipedia.org/wiki/Adam_Riess,,,"Nobel laureate; borderline phonetic fit. Audit: Connection uses ""resembles""; Nobel laureate but name fit is speculative at best.",borderline
apt-0009,Adam Speker,Adam,Speker,Barrister,law,5RB,United Kingdom,,,phonetic,4,Speker,"Speker sounds like speaker, the advocate's core courtroom role.",Variant of English speaker,unknown,https://www.5rb.com/barrister/adam-speker-kc/,,https://www.counselmagazine.co.uk/articles/the-name-of-the-law,Media and defamation silk; KC 2020.,verified
apt-0010,Adam Weiner,Adam,Weiner,urologist,medicine,,United States,,,semantic,4,Weiner,"Weiner is slang for penis, making his name an icebreaker in urology.",,unknown,https://www.theguardian.com/lifeandstyle/2024/sep/17/aptronym-job-normative-determinism,,https://www.theguardian.com/lifeandstyle/2024/sep/17/aptronym-job-normative-determinism,,verified
apt-0011,Adolf Jäger,Adolf,Jäger,football forward,sports,FC Altona 93,Germany,1889,1944,translation,4,Jäger,"Jäger means hunter in German, fitting a prolific early-century forward.",German: hunter,birth_name,https://en.wikipedia.org/wiki/Adolf_J%C3%A4ger,https://en.wiktionary.org/wiki/J%C3%A4ger,,Scored Germany's only goal at the 1912 Olympics.,verified
apt-0012,Adrian Speck,Adrian,Speck,Barrister,law,8 New Square,United Kingdom,1969,,phonetic,3,Speck,"Speck resembles speak, fitting an advocate who argues patent and media cases.",Variant of English speaker,unknown,https://8newsquare.co.uk/barrister/adrian-speck/,,,KC 2012; IP litigator. Audit: Speck/speak resemblance is hedged phonetic link. Flagged automatically: connection wording asserts a loose link.,borderline
apt-0013,Aerial Powers,Aerial,Powers,basketball player,sports,,United States,1994,,semantic,2,Aerial,"Aerial suggests flight, fitting a WNBA athlete.",,birth_name,https://en.wikipedia.org/wiki/Aerial_Powers,,https://www.theguardian.com/lifeandstyle/2024/sep/17/aptronym-job-normative-determinism,"Audit: Aerial/flight is a mild given-name echo, not a clear 4; common English word. Flagged automatically: connection wording asserts a loose link.",borderline
apt-0014,Aidan Stone,Aidan,Stone,football goalkeeper,sports,Truro City,England,1999,,semantic,3,Stone,His surname Stone suggests a stonewall in goal.,,birth_name,https://en.wikipedia.org/wiki/Aiden_Stone,,,Former Mansfield Town and Port Vale keeper. Flagged automatically: connection wording asserts a loose link.,borderline
apt-0015,Aimee Blood,Aimee,Blood,registered nurse,medicine,,United States,,,semantic,3,Blood,Blood is a substance nurses routinely handle in clinical care.,,unknown,https://npiregistry.cms.hhs.gov/,,https://www.standard.co.uk/lifestyle/the-name-game-the-weird-science-of-nominative-determinism-6384728.html,Blood surname among physicians listed in Evening Standard; verified RN via NPI. Audit: person_source_url is NPI registry homepage only; confirms licence exists but not specialty or employer from this URL.,probable
apt-0016,Akihiko Hoshide,Akihiko,Hoshide,astronaut,science,JAXA,Japan,1968,,translation,4,Hoshi,Hoshi (星) means star in Japanese; he commanded the International Space Station.,Japanese: star,birth_name,https://en.wikipedia.org/wiki/Akihiko_Hoshide,https://en.wiktionary.org/wiki/%E6%98%9F,https://ja.wikipedia.org/wiki/%E3%82%A2%E3%83%97%E3%83%88%E3%83%AD%E3%83%8B%E3%83%A0,,verified
apt-0017,Akira Kurosawa,Akira,Kurosawa,film director,arts,,Japan,1910,1998,translation,4,Kurosawa,"Kurosawa means black swamp, apt for the dark moral landscapes of his samurai epics.",Japanese: black + swamp,birth_name,https://en.wikipedia.org/wiki/Akira_Kurosawa,https://en.wikipedia.org/wiki/Kurosawa_(surname),,Kanji 黒沢. Audit: Kurosawa black swamp for dark moral landscapes is invented kanji reading for film director.,rejected
apt-0018,Al Haynes,Al,Haynes,airline captain,transport,United Airlines,United States,1931,2019,semantic,2,Haynes,Weak surname link; included as captain who saved 185 aboard United Flight 232 in 1989.,,birth_name,https://en.wikipedia.org/wiki/Al_Haynes,,,"DC-10 captain during Sioux City emergency landing. Audit: Notes admit weak surname link; included only because of Flight 232 fame, not name fit.",rejected
apt-0019,Alain Casanova,Alain,Casanova,football manager,sports,Toulouse,France,1961,,ironic,3,Casanova,His surname evokes a lover but he was sacked by Toulouse after a poor start.,,birth_name,https://en.wikipedia.org/wiki/Alain_Casanova,,https://www.espn.com/espn/print?id=37577543,Former Toulouse player and manager. Flagged automatically: connection wording asserts a loose link.,borderline
apt-0020,Alan Ball,Alan,Ball,football midfielder,sports,England national team,England,1945,2007,semantic,4,Ball,His surname is the object at the centre of association football.,,birth_name,https://en.wikipedia.org/wiki/Alan_Ball_(footballer),,https://www.topendsports.com/fun/names/apt.htm,Youngest member of England's 1966 World Cup squad.,verified
apt-0021,Alan Heavens,Alan,Heavens,astronomer,science,,United States,,,semantic,4,Heavens,His surname names the sky studied by astronomers.,,unknown,https://profiles.imperial.ac.uk/a.heavens,,https://slate.com/news-and-politics/2005/12/charol-shakeshaft-topped.html,Audit: Wikipedia article never existed; Imperial College profile confirms Professor Alan Heavens FRSE as Chair in Astrostatistics (cosmology).,verified
apt-0022,Alastair Cook,Alastair,Cook,cricketer,sports,England,England,1984,,semantic,2,Cook,His surname Cook names a kitchen trade in the ESPNcricinfo profession XI.,,birth_name,https://en.wikipedia.org/wiki/Alastair_Cook,,https://www.espncricinfo.com/story/espncricinfo-xi-cricketers-names-that-are-also-professions-722219,England's leading Test run-scorer.,verified
apt-0023,Albert Sidney Major Jr.,Albert,Major,U.S. Navy captain,military,United States Navy,United States,1908,1955,semantic,4,Major,His surname is Major while he reached the rank of Navy captain.,,unknown,https://usnamemorialhall.org/honorees/capt-albert-s-major-jr-usn/,,,,verified
apt-0024,Alec Steele,Alec,Steele,blacksmith,trades,,United Kingdom,1997,,phonetic,4,Steele,"Steele is a homophone of steel, the metal he forges as a blacksmith and YouTuber.",,birth_name,https://en.wikipedia.org/wiki/Alec_Steele,,https://en.wikipedia.org/wiki/Aptronym,British blacksmith with 3M+ YouTube subscribers.,verified
apt-0025,Alessandro Volta,Alessandro,Volta,physicist,science,,Italy,1745,1827,direct,1,Volta,The volt unit of electric potential is named directly for him.,,birth_name,https://en.wikipedia.org/wiki/Alessandro_Volta,,,Inventor of the voltaic pile. Audit: The volt unit was named after Volta; the name did not fit the work—the work took the name. Backwards eponym logic.,rejected
apt-0026,Alexander Burns Wallace,Alexander Burns,Wallace,plastic surgeon,medicine,Bangour General Hospital,Scotland,1906,1974,semantic,5,Burns,Wallace introduced the Rule of Nines for estimating burn surface area in The Lancet in 1951.,Middle name Burns; Wallace Rule of Nines,birth_name,https://en.wikipedia.org/wiki/Alexander_Burns_Wallace,,https://en.wikipedia.org/wiki/Nominative_determinism,Birth post-1920 but historical surgical eponym.,verified
apt-0027,Alexander Graham Bell,Alexander,Bell,inventor,science,,United States,1847,1922,semantic,5,Bell,"He invented the telephone, an instrument that rings a bell.",,unknown,https://en.wikipedia.org/wiki/Alexander_Graham_Bell,,https://en.wikipedia.org/wiki/Aptronym,,verified
apt-1266,Alf Hitchcock,Alfred,Hitchcock,chief constable and national police lead on knife crime,law,Association of Chief Police Officers; Ministry of Defence Police,United Kingdom,1958,2017,wordplay|other,3,Hitchcock,He shared his name with the director of Psycho while serving as British policing's national spokesman on knife crime.,,birth_name,https://en.wikipedia.org/wiki/Alf_Hitchcock,,https://en.wikipedia.org/wiki/Nominative_determinism,"Cited as a nominative determinism case by New Scientist's Feedback column and by Wikipedia. The fit rests on a famous namesake rather than on the meaning of the surname, so it is scored as wordplay rather than semantic. Born Alfred Henry Hitchcock; served as Metropolitan Police deputy assistant commissioner, then chief constable of Bedfordshire and of the Ministry of Defence Police. Restored after an earlier dedupe pass wrongly merged him with the film director.",verified
apt-0028,Alfred Adler,Alfred,Adler,psychiatrist,science,,Austria,1870,1937,translation,3,Adler,Adler means eagle in German; Jung linked his surname to the will to power.,German: eagle,birth_name,https://en.wikipedia.org/wiki/Alfred_Adler,https://en.wiktionary.org/wiki/Adler,https://en.wikipedia.org/wiki/Nominative_determinism,Adler means eagle in German but Jung's will-to-power reading is anecdotal; no documented name-occupation link in sources.,verified
apt-0029,Alfred Dennis,Alfred,Dennis,dentist,medicine,,United States,,,phonetic,3,Dennis,"Dennis sounds like dentist, matching Pelham et al. finding that Dennises gravitate to dentistry.",,unknown,https://npiregistry.cms.hhs.gov/,,https://doi.org/10.1037/0022-3514.82.4.469,Name-first NPI verification of Dennis dentist pattern. Audit: person_source_url is NPI registry homepage only; confirms licence exists but not specialty or employer from this URL.,probable
apt-0030,Alfred Diver,Alfred,Diver,cricketer,sports,Cambridgeshire,England,1827,1876,wordplay,3,Ducky,"Known as Ducky Diver, his nickname matched his surname for a Victorian professional.",,professional_name,https://www.espncricinfo.com/cricketers/ducky-diver-12183,,,Birth name Alfred John Day Diver; 84 first-class matches.,verified
apt-0031,Alfred Hitchcock,Alfred,Hitchcock,film director,arts,Association of Chief Police Officers,England,1899,1980,semantic,3,Hitchcock,"Hitchcock suggests a sudden hitch and shock, apt for the master of suspense.",,birth_name,https://en.wikipedia.org/wiki/Alfred_Hitchcock,,https://en.wikipedia.org/wiki/Aptronym,Distinct from ACPO knife-crime spokesman of same surname. / Not the film director; ACPO spokesman. Audit: Connection fabricates hitch+shock from Hitchcock; notes also reference wrong ACPO spokesman merge. No sourced etymology links surname to suspense.,rejected
apt-0032,Alfred Russel Wallace,Alfred,Wallace,naturalist,science,,England,1823,1913,semantic,2,Wallace,Wallace suggests a wall only weakly for the co-discoverer of natural selection.,English topographic: wall,birth_name,https://en.wikipedia.org/wiki/Alfred_Russel_Wallace,https://www.etymonline.com/word/wall,,Independent discovery of evolution by natural selection.,borderline
apt-0033,Alison Light,Alison,Light,painter,arts,,United States,,,direct,4,Light,"Light names illumination, apt for a Sarasota abstract painter.",,unknown,https://lightartwork.com/,,https://lightartwork.com/,,verified
apt-0034,Allan Dennis,Allan,Dennis,dentist,medicine,,United States,,,phonetic,3,Dennis,"Dennis resembles dentist, echoing Pelham et al. implicit egotism finding.",,unknown,https://npiregistry.cms.hhs.gov/,,https://doi.org/10.1037/0022-3514.82.4.469,Audit: person_source_url is NPI registry homepage only; confirms licence exists but not specialty or employer from this URL. Flagged automatically: connection wording asserts a loose link.,borderline
apt-0035,Allen Korn,Allen,Korn,podiatrist,medicine,,United States,,,phonetic,2,Korn,Corn is a common foot ailment treated by podiatrists.,,unknown,https://slate.com/news-and-politics/2005/12/charol-shakeshaft-topped.html,,https://slate.com/news-and-politics/2005/12/charol-shakeshaft-topped.html,Audit: Korn/corn foot ailment is phonetic stretch.,probable
apt-0036,Allison Field,Allison,Field,television meteorologist,weather,WABC New York,United States,1923,2023,semantic,4,Field,Her surname Field matches her career as a television meteorologist like her father Frank Field.,,unknown,https://en.wikipedia.org/wiki/Frank_Field_(meteorologist),https://en.wiktionary.org/wiki/field,,"Daughter of Frank Field; occupation confirmed via Frank Field Wikipedia article. Audit: Her surname descends from her father Frank Field's anglicisation of Feld, so the aptness is inherited from a name change one generation earlier. Audit: person_source_url verified Frank Field not Allison; daughter confirmed in Frank Field Wikipedia; birth_name unverified for Allison.",probable
apt-0037,Alper Gezeravci,Alper,Gezeravci,astronaut,transport,Turkish Space Agency,Turkey,1979,,translation,3,Gezeravci,"Gezeravci means traveller in Turkish, fitting an astronaut and airline captain.",Turkish: traveller,birth_name,https://en.wikipedia.org/wiki/Alper_Gezeravci,https://en.wiktionary.org/wiki/gezmek,,First Turkish citizen in space on Axiom-3.,verified
apt-0038,Am Rong,Am,Rong,Khmer Rouge spokesman,politics,,United States,1929,1975,phonetic,3,Rong,Western journalists noted the irony of a spokesman named Am Rong giving overly optimistic war briefings.,,birth_name,https://en.wikipedia.org/wiki/Am_Rong,,https://slate.com/news-and-politics/2005/12/charol-shakeshaft-topped.html,Country should be Cambodia not United States. person_source_url was Slate listicle. Audit: person_source_url was Slate listicle; country was United States. Wikipedia confirms Cambodian spokesman and name irony.,probable
apt-0039,Amanda Cheesley,Amanda,Cheesley,Press officer at Copa-Cogeca farming lobby,politics,Copa-Cogeca,Belgium,,,semantic,4,Cheesley,"Cheesley evokes cheese, apt for a press officer at Europe's largest farming union.",,unknown,https://www.politico.eu/article/nominative-determinism-brief-history-of-names-that-sound-like-jobs/,,https://www.politico.eu/article/nominative-determinism-brief-history-of-names-that-sound-like-jobs/,Person verified via Politico article only. Audit: Cheesley evokes cheese via hedging; -ley diminutive is not cheese and person verified only via Politico listicle.,rejected
apt-0040,Ambroise Paré,Ambroise,Paré,surgeon,medicine,,France,1510,1590,other,2,Paré,Paré is his historical French surname with no documented occupational etymology link.,French: paré (prepared),birth_name,https://en.wikipedia.org/wiki/Ambroise_Par%C3%A9,https://en.wiktionary.org/wiki/par%C3%A9,,"Surgeon to four French kings. Audit: Paré is his French surname, not a documented translation link to paré (prepared).",probable
apt-0041,Amy Castor,Amy,Castor,storm tracker,weather,News 9 Oklahoma City,United States,,,phonetic,2,Castor,"Her surname Castor echoes caster, fitting a field storm tracker who feeds live weather video.",,unknown,https://www.cbsnews.com/news/storm-chasers-val-and-amy-castor/,,,Flagged automatically: connection wording asserts a loose link.,borderline
apt-0042,Amy Freeze,Amy,Freeze,meteorologist,weather,WABC-TV,United States,1974,,semantic,4,Freeze,Her surname Freeze denotes cold weather she forecasts as a television meteorologist.,,birth_name,https://en.wikipedia.org/wiki/Amy_Freeze,,https://en.wikipedia.org/wiki/Aptronym,"Audit: Score 5 inflated; connection used hedging ""evokes"" for a clear but not near-exact surname match.",verified
apt-0043,Amy Gore,Amy,Gore,surgical critical care surgeon,medicine,,United States,,,semantic,3,Gore,Gore denotes bloodshed inherent to critical care surgery.,,unknown,https://npiregistry.cms.hhs.gov/,,,Audit: person_source_url is NPI registry homepage only; confirms licence exists but not specialty or employer from this URL.,probable
apt-0044,Amy Winehouse,Amy,Winehouse,singer-songwriter,arts,,England,1983,2011,wordplay,2,Winehouse,"Winehouse joins wine and house, apt for a singer who died of alcohol poisoning at home.",,birth_name,https://en.wikipedia.org/wiki/Amy_Winehouse,,https://en.wikipedia.org/wiki/Aptronym,Audit: Winehouse wordplay is morbid coincidence but surname is birth name; connection overstated at 4.,verified
apt-0045,Anderson Nurse,Anderson,Nurse,registered nurse,medicine,,United States,,,direct,5,Nurse,His surname is Nurse and he works as a registered nurse.,,unknown,https://npiregistry.cms.hhs.gov/,,,Audit: person_source_url is NPI registry homepage only; confirms licence exists but not specialty or employer from this URL.,probable
apt-0046,Andre Brooks,Andre,Brooks,meteorologist,weather,KX News Bismarck,United States,,,semantic,3,Brooks,His surname Brooks denotes streams and waterways relevant to Plains hydrology and flooding.,,unknown,https://www.kxnet.com/author/andre-brooks/,https://en.wiktionary.org/wiki/brook,,,verified
apt-0047,Andre Fang,Andre,Fang,dentist,medicine,,United States,,,semantic,4,Fang,"Fangs are teeth, the focus of dentistry.",,unknown,https://npiregistry.cms.hhs.gov/,,,Audit: person_source_url is NPI registry homepage only; confirms licence exists but not specialty or employer from this URL.,probable
apt-0048,André-Marie Ampère,André-Marie,Ampère,physicist,science,,France,1775,1836,direct,1,Ampère,The ampere unit of electric current is named directly for him.,,birth_name,https://en.wikipedia.org/wiki/Andr%C3%A9-Marie_Amp%C3%A8re,,,SI base unit namesake. Audit: The ampere unit was named after Ampère; backwards eponym—name followed the discovery not the reverse.,rejected
apt-0049,Andre Wisdom,Andre,Wisdom,football defender,sports,Liverpool,England,1993,,ironic,3,Wisdom,His surname is wisdom but he once drove his car into a woodland puddle on a wrong turn.,,birth_name,https://en.wikipedia.org/wiki/Andre_Wisdom,,https://www.espn.com/espn/print?id=37577543,Liverpool academy graduate; later at Derby County.,verified
apt-0050,Andreas Vesalius,Andreas,Vesalius,anatomist,medicine,University of Padua,Habsburg Netherlands,1514,1564,other,2,Vesalius,Vesalius offers no documented name-to-anatomy link though he founded modern human dissection.,,birth_name,https://en.wikipedia.org/wiki/Andreas_Vesalius,,,Author of De humani corporis fabrica (1543).,borderline
apt-0051,Andreas Wank,Andreas,Wank,ski jumper,sports,,Germany,1988,,phonetic,2,Wank,His surname is an English vulgarism unrelated to ski jumping.,,unknown,https://www.olympedia.org/athletes/119519,,https://www.keranews.org/2012-07-25/olympic-athletes-names-endurance-track-moist-swimming-and-a-leeper,German surname; English homophone only.,borderline
apt-0052,Andrew Ballaro,Andrew,Ballaro,consultant urologist,medicine,Royal Free Hospital,United Kingdom,,,semantic,2,Ball,Ball is a common English surname with only slang overlap to urology.,,unknown,https://mrandrewballaro.co.uk/,,https://doi.org/10.1308/147363515X14134529299420,GMC 4027768; Ball surname listed in Limb et al. 2015 urology table. Audit: Ball/testicle slang is weak for common name element; Limb aggregate surname only partly attested.,probable
apt-0053,Andrew Fisher,Andrew,Fisher,oceanographer,science,University of California Santa Cruz,United States,,,semantic,4,Fisher,Fisher denotes one who fishes fitting an oceanographer studying hydrothermal vents and seafloor water.,,unknown,https://eps.ucsc.edu/people/?directoryprofilecruzid=afisher,,,Distinguished professor of Earth and planetary sciences.,verified
apt-0054,Andrew Fountain,Andrew,Fountain,glaciologist,science,Portland State University,United States,,,semantic,3,Fountain,His surname Fountain names flowing water fitting a glaciologist who studies meltwater from glaciers.,,unknown,https://www.pdx.edu/faculty-experts/expert/andrew-fountain,,https://www.neatorama.com/2013/03/19/The-Name-Number-for-Geology-and-for-Other-Professions/,Professor of geology and geography. Audit: Score 5 inflated; fountain-of-water link needs explanation and is not near-exact.,verified
apt-0055,Andrew Hull Foote,Andrew,Foote,Rear admiral,military,United States Navy,United States,1806,1863,phonetic,3,Foote,"Foote is a homophone of foot, while he commanded the Western Gunboat Flotilla on the Mississippi.",,birth_name,https://en.wikipedia.org/wiki/Andrew_Hull_Foote,,,Son of Senator Samuel Foot/Foote.,probable
apt-0056,Andrew Painter,Andrew,Painter,MLB pitcher,sports,Philadelphia Phillies,United States,2003,,direct,5,Painter,His surname matches the position name pitcher.,,unknown,https://www.baseball-reference.com/players/p/paintan01.shtml,,,,verified
apt-1267,Andrew Pothecary,Andrew,Pothecary,rheumatology lead pharmacist,medicine,Royal Cornwall Hospitals NHS Trust,United Kingdom,,,direct,5,Pothecary,Pothecary is the historical word for a pharmacist and he is a specialist hospital pharmacist.,English: apothecary (pharmacist),unknown,https://pharmaceutical-journal.com/article/feature/i-have-issued-15-repeat-prescriptions-this-morning-a-day-in-the-life-of-a-rheumatology-pharmacist,https://en.wiktionary.org/wiki/apothecary,https://improbable.com/2015/03/17/nominative-determinism-a-pothecary-the-pharmacist/,Profiled in The West Briton as Mr A Pothecary the pharmacist; lead pharmacist since 2011.,verified
apt-0057,Andrew Waterhouse,Andrew,Waterhouse,wine chemist,science,University of California Davis,United States,,,semantic|ironic,4,Waterhouse,Waterhouse names water fitting a professor of viticulture and enology studying wine chemistry.,English compound surname,unknown,https://wineserver.ucdavis.edu/people/andrew-waterhouse,,,Nominative contradeterminism example: water expert in wine. / Professor emeritus of enology; nominative contradeterminism case cited in literature.,verified
apt-0058,Andrija Vuković,Andrija,Vuković,football goalkeeper,sports,FK Rad,Serbia,1986,,translation,3,Vuković,Vuković derives from vuk meaning wolf in Serbian.,Serbian: wolf,birth_name,https://en.wikipedia.org/wiki/Andrija_Vukovi%C4%87,https://en.wiktionary.org/wiki/vuk,,Serbian SuperLiga goalkeeper.,verified
apt-0059,Andy Carroll,Andy,Carroll,football striker,sports,England national team,England,1989,,semantic,4,Carroll,At 6 ft 4 in he was a Premier League header specialist with 24 headed goals.,,birth_name,https://en.wikipedia.org/wiki/Andy_Carroll,,https://news.williamhill.com/football/premier-league/most-headed-goals-in-top-flight-history/,Newcastle and Liverpool striker. Audit: Carroll has no etymological link to heading; connection fabricates a stat (24 headed goals) as name fit.,rejected
apt-0060,Angel Colon,Angel,Colon,gastroenterologist,medicine,,United States,,,semantic,5,Colon,His surname names the organ his specialty treats.,,unknown,https://slate.com/news-and-politics/2005/12/charol-shakeshaft-topped.html,,https://slate.com/news-and-politics/2005/12/charol-shakeshaft-topped.html,,probable
apt-0061,Angel Martínez Vivas,Angel,Martínez Vivas,Catholic bishop,religion,Diocese of Tsiroanomandidy,Madagascar,1904,1981,semantic,4,Angel,His given name Angel names the heavenly messengers central to Christian faith he preached as bishop.,,unknown,https://www.catholic-hierarchy.org/bishop/bmarviv.html,,,"Bishop of Tsiroanomandidy Madagascar 1959–1977. Audit: Angel given name for Catholic bishop is standard Hispanic naming, not aptronym.",rejected
apt-0062,Angel Means,Angel,Means,hospice director,medicine,Visiting Nurse Association,United States,,,wordplay,4,Means,Angel with means leads end-of-life hospice care.,,unknown,https://www.sevendaysvt.com/arts-culture/aptronyms-2014-are-descriptive-monikers-coincidence-or-fate-2488690/,,https://www.sevendaysvt.com/arts-culture/aptronyms-2014-are-descriptive-monikers-coincidence-or-fate-2488690/,,probable
apt-0063,Angel Rodríguez Gamoneda,Angel,Rodríguez Gamoneda,Catholic bishop,religion,Vicariate of Iquitos,Peru,1893,1985,semantic,4,Angel,His given name Angel names heavenly messengers central to the faith he preached as bishop.,,unknown,https://www.catholic-hierarchy.org/bishop/broga.html,,,Vicar apostolic of Iquitos Peru 1955–1967. Audit: Same Angel given-name pattern for bishop; not a surname coincidence.,rejected
apt-0064,Angus King,Angus,King,U.S. senator and former governor,politics,United States Senate,United States,1944,,semantic,4,King,"His surname is King while he served as governor and senator, offices associated with executive authority.",,birth_name,https://en.wikipedia.org/wiki/Angus_King,,,Audit: King is a common English surname; holding governor/senator office does not create an aptronym.,rejected
apt-0065,Ann Greathouse,Ann,Greathouse,realtor,business,,United States,,,semantic,4,Greathouse,Her surname sells the product realtors market.,,unknown,https://slate.com/news-and-politics/2005/12/charol-shakeshaft-topped.html,,https://slate.com/news-and-politics/2005/12/charol-shakeshaft-topped.html,,probable
apt-0066,Anna Pavlova,Anna,Pavlova,ballerina,arts,Imperial Russian Ballet,Russia,1881,1931,wordplay,3,Pavlova,"Pavlova shares its name with the light meringue dessert, apt for a delicate prima ballerina.",,unknown,https://en.wikipedia.org/wiki/Anna_Pavlova,,,"Dessert named after her, not vice versa. Audit: Pavlova dessert named after ballerina not vice versa; inverse naming not aptronym.",rejected
apt-0067,Anna Smashnova,Anna,Smashnova,tennis player,sports,,Israel,1976,,semantic,4,Smashnova,"Smash is a forceful tennis shot, echoed in her surname.",,birth_name,https://en.wikipedia.org/wiki/Anna_Smashnova,,,Soviet-born; competed for Israel. Flagged automatically: connection wording asserts a loose link.,borderline
apt-0068,Anne Dyer,Anne,Dyer,natural dyes author,science,,United Kingdom,,,semantic,5,Dyer,Dyer names her trade matching her book Dyes from Natural Sources.,,unknown,https://www.newscientist.com/article/1833344-feedback-238/,,https://www.newscientist.com/article/1833344-feedback-238/,New Scientist Feedback noted the perfect title-subject match.,verified
apt-0069,Anne Mary Fang,Anne Mary,Fang,prosthodontist,medicine,,United States,,,semantic,4,Fang,"Fangs are teeth, central to prosthodontic dentistry.",,unknown,https://npiregistry.cms.hhs.gov/,,,Audit: person_source_url is NPI registry homepage only; confirms licence exists but not specialty or employer from this URL.,probable
apt-0070,Annkatrin Rose,Annkatrin,Rose,plant molecular biologist,science,Appalachian State University,United States,,,semantic,4,Rose,Her surname names the rose fitting a botanist specializing in plant molecular biology.,,unknown,https://biology.appstate.edu/directory/dr-annkatrin-rose,,,Associate professor of plant molecular biology.,verified
apt-0071,Anthony Brewergray,Anthony,Brewergray,head brewer,food,Mountain Monk Brewers,Australia,,,direct,5,Brewer,His surname contains Brewer and he is the head brewer at a craft brewery.,Compound surname,unknown,https://www.bordermail.com.au/story/8886430/inside-mail-north-east-beer-brewer-by-name-and-nature-living-destiny/,,,Opened commercial brewery Boxing Day 2022.,verified
apt-0072,Anthony Hazard,Anthony,Hazard,insurance agency owner,business,Hazard Insurance Inc,United States,,,semantic,5,Hazard,"Hazard names the peril insured against, fitting an insurance agency owner.",,unknown,https://www.insuranceproviders.com/agents/hazard-hazard-insurance-inc-homestead/,,,"Owner of Hazard Insurance Inc in Homestead, Florida.",verified
apt-0073,Anthony Rush,Anthony,Rush,NFL defensive tackle,sports,Indianapolis Colts,United States,1995,,semantic,3,Rush,His surname matches the pass-rush role of an interior lineman.,,unknown,https://www.pro-football-reference.com/players/R/RushAn00.htm,,,,verified
apt-0074,Anthony Stone,Anthony,Stone,urologist,medicine,,United Kingdom,,,semantic,3,Stone,Stone names kidney stones treated in urology.,,unknown,https://npiregistry.cms.hhs.gov/,,,Audit: person_source_url is NPI registry homepage only; confirms licence exists but not specialty or employer from this URL.,probable
apt-0075,Anthony Weiner,Anthony,Weiner,politician,politics,,United States,1964,,semantic,4,Weiner,His surname became ironic during sexting scandals involving explicit photos.,,birth_name,https://en.wikipedia.org/wiki/Anthony_Weiner,,https://en.wikipedia.org/wiki/Aptronym,,verified
apt-0076,Anthony Weller,Anthony,Weller,"novelist, poet and musician",arts,,United States,1957,2021,semantic,3,Weller,Weller suggests one who wells up with words and music across four creative careers.,English: one who wells,unknown,https://www.anthonyweller.com/,,https://www.bostonglobe.com/2021/06/27/metro/paralyzed-by-illness-anthony-weller-63-wrote-sonnets-letter-time/,Son of Pulitzer-winning correspondent George Weller. Audit: Weller suggests one who wells up with words is invented etymology.,rejected
apt-0077,Aral Okay,Aral,Okay,geologist,science,Istanbul Technical University,Turkey,1953,2023,wordplay,4,Okay,His surname reads as the English word okay fitting a geologist who mapped complex Turkish terranes.,,unknown,https://haberler.itu.edu.tr/en/newsdetail/2024/05/17/prof-dr-aral-okay-s-scientific-legacy,,https://improbable.com/2011/06/19/okay-geologist/,Featured in Improbable Research Scientists Who Are Okay series.,verified
apt-0078,Arianna Huffington,Arianna,Huffington,media executive and author,media,HuffPost,United States,1950,,wordplay,3,Huffington,"Huffington built HuffPost, making her surname synonymous with online news.",,professional_name,https://en.wikipedia.org/wiki/Arianna_Huffington,,,Born Ariadni-Anna Stasinopoulou. Audit: Huffington built HuffPost makes surname synonymous with news is corporate wordplay not aptronym. Wikipedia gives the birth name as Ariadnē-Anna Stasinopoúlou.,rejected
apt-0079,Arina Naaktgeboren,Arina,Naaktgeboren,maternity nurse,medicine,,Netherlands,,,translation,4,Naaktgeboren,"Naaktgeboren means born naked in Dutch, apt for a kraamverzorgster helping newborns.",Dutch: born naked,unknown,https://www.538.nl/radio/538-nieuws/artikelen/ferry-kok-die-als-kok-werkt-op-een-ferry-wint-de-eerste-hennie-de-haan-cup,https://en.wiktionary.org/wiki/naakt,https://www.floorzorgt.nl/floor-onderzoekt/hilarisch-deze-zorgmedewerkers-hebben-een-naam-die-past-bij-hun-beroep,Listed in Hennie de Haan Cup top ten. Audit: Radio 538 Hennie de Haan Cup list is ephemeral media source; person not on employer page.,probable
apt-0080,Armin Jäger,Armin,Jäger,football goalkeeper,sports,VfB Stuttgart,Germany,1962,,translation|ironic,3,Jäger,"Jäger means hunter in German, contrary to a goalkeeper who stops rather than hunts.",German: hunter,birth_name,https://en.wikipedia.org/wiki/Armin_J%C3%A4ger,https://en.wiktionary.org/wiki/J%C3%A4ger,,Bundesliga goalkeeper 1983-1989.,verified
apt-0081,Arsène Wenger,Arsène,Wenger,football manager,sports,Arsenal,France,1949,,wordplay,5,Wenger,Arsene Wenger at Arsenal was widely called destiny by name.,,birth_name,https://en.wikipedia.org/wiki/Ars%C3%A8ne_Wenger,,https://www.nytimes.com/athletic/6524643/2025/08/04/football-names-clubs-managers-arsenal-wenger/,"Audit: Connection invents destiny-by-name wordplay on Arsenal, not Wenger; Wenger is Alsatian occupational surname for wagon-maker.",rejected
apt-0082,Art Hawkins,Art,Hawkins,wildlife biologist,science,Minnesota Department of Natural Resources,United States,1930,2006,phonetic,2,Hawkins,"His surname Hawkins is a near-homophone of hawks, the raptors he studied as a waterfowl biologist.",,unknown,https://www.outdoornews.com/2006/03/16/waterfowlers-lose-conservation-giant/,https://en.wiktionary.org/wiki/hawk,,Longtime DNR waterfowl research leader. Audit: Source confirms waterfowl biologist not hawk researcher; Hawkins/hawks homophone is invented—the row misstates his specialty.,borderline
apt-0083,Art Spiegelman,Art,Spiegelman,cartoonist,arts,,United States,1948,,translation,4,Spiegelman,"Spiegelman means mirror man in German, fitting a cartoonist who reflected the Holocaust.",German: mirror + man,birth_name,https://en.wikipedia.org/wiki/Art_Spiegelman,https://en.wiktionary.org/wiki/Spiegel,,Maus Pulitzer Prize winner.,verified
apt-0084,Arthur Bliss,Arthur,Bliss,composer,arts,,England,1891,1975,semantic,3,Bliss,"Bliss names joy, apt for a composer of celebratory ceremonial music.",,birth_name,https://en.wikipedia.org/wiki/Arthur_Bliss,,,Master of the Queen's Music.,verified
apt-0085,Ashleigh Johnson,Ashleigh,Johnson,water polo goaltender,sports,United States national team,United States,1994,,semantic,2,Johnson,Her common surname does not describe keeping but she became the defining American water polo goalkeeper.,,birth_name,https://en.wikipedia.org/wiki/Ashleigh_Johnson,,,Two Olympic gold medals; first Black woman on US water polo team. Audit: Connection explicitly states Johnson does not describe goalkeeping; row is padding.,rejected
apt-0086,Sir Astley Paston Cooper,Astley,Cooper,surgeon and anatomist,medicine,Guy's Hospital,England,1768,1841,semantic,2,Cooper,Cooper denotes a barrel-maker though by 1800 his surname persisted while he became the leading surgeon of his generation.,English occupational: cooper (barrel-maker),birth_name,https://en.wikipedia.org/wiki/Astley_Cooper,https://www.etymonline.com/word/cooper,,Serjeant-Surgeon to George IV; ligated abdominal aorta. Audit: Cooper/barrel-maker unrelated to surgery despite historical figure.,verified
apt-0087,Auguste Lumière,Auguste,Lumière,cinema pioneer,arts,Lumière Company,France,1862,1954,translation,4,Lumière,Lumière means light in French; early film depended on light.,French: light,birth_name,https://en.wikipedia.org/wiki/Auguste_and_Louis_Lumi%C3%A8re,https://en.wiktionary.org/wiki/lumi%C3%A8re,https://en.wikipedia.org/wiki/Aptronym,,verified
apt-0088,Avicenna,Avicenna,Avicenna,physician and philosopher,medicine,,Iran,980,1037,other,2,Avicenna,Avicenna is a Latinized honorific rather than a descriptive cognomen for the Canon of Medicine author.,,pseudonym,https://en.wikipedia.org/wiki/Avicenna,,,Birth name Ibn Sina; aptronym reading is weak.,borderline
apt-0089,Axel Frost,Axel,Frost,freestyle skier,sports,,Sweden,1995,,semantic,4,Frost,"Frost is ice crystals on cold surfaces, apt for a Youth Olympic ski-cross racer.",,unknown,https://www.olympedia.org/athletes/2300910,,,,verified
apt-0090,Ayn Learn,Ayn,Learn,language arts teacher,education,Placentia-Yorba Linda Unified School District,United States,,,direct,5,Learn,Her surname names the outcome teachers seek for every pupil.,,unknown,https://clsfall2017.sched.com/speaker/david_learn.6y2xdnw,,,Teaches language arts alongside David Learn.,verified
apt-0091,Bailey Swift,Bailey,Swift,sprinter,sports,,United Kingdom,2002,,semantic,4,Swift,Swift suggests speed for a World Athletics-listed 200 m and 400 m sprinter.,,unknown,https://worldathletics.org/athletes/x/14842015,,,Flagged automatically: connection wording asserts a loose link.,borderline
apt-0092,Baker Mayfield,Baker,Mayfield,NFL quarterback,sports,Tampa Bay Buccaneers,United States,1995,,wordplay,3,Mayfield,His surname Mayfield pairs with his first name to suggest making plays on the field.,,unknown,https://www.pro-football-reference.com/players/M/MayfBa00.htm,,,Flagged automatically: connection wording asserts a loose link.,borderline
apt-0093,Bankee Kwan,Bankee,Kwan,financial services CEO,business,CASH Financial Services Group,Hong Kong,,,semantic,5,Bankee,His given name Bankee and role leading a firm called CASH both evoke banking.,,unknown,https://www.cash.com.hk/en/aboutus_mgt.html,,,Chairman and CEO of CASH Financial Services Group. Flagged automatically: connection wording asserts a loose link.,borderline
apt-0094,Barb Wolfe,Barb,Wolfe,veterinarian,medicine,Colorado State University College of Veterinary Medicine,United States,,,semantic,3,Wolfe,Wolfe is a wild canine treated in zoological veterinary medicine.,,unknown,https://vetmedbiosci.colostate.edu/directory/member/?id=barb-wolfe-40668,,,,verified
apt-0095,Barbara Snow,Barbara,Snow,ornithologist,science,,United Kingdom,1921,2007,semantic,3,Snow,Her surname Snow names frozen precipitation relevant to her decades of ornithological fieldwork in cold climates.,,birth_name,https://en.wikipedia.org/wiki/Barbara_Snow_(ornithologist),,https://en.wikipedia.org/wiki/Nominative_determinism,"née Whitaker; married David Snow. Audit: Score 5 inflated; connection hedged with ""evokes"" and snow is not specific to ornithology.",verified
apt-1268,Barbara Trimmer,Barbara,Trimmer,hairdresser,trades,,United States,,,direct,5,Trimmer,Trimmer names the cutting tool central to hairdressing.,,unknown,https://www.deseret.com/1997/6/22/19319526/vocationally-apt-names-aren-t-always-a-blessing-ask-undertaker-cramer-stiff-judge-aaron-ment-or-exte/,,,Named in Dow Jones/Deseret News 1997 roundup of vocationally apt names.,probable
apt-0096,Barbara Walters,Barbara,Walters,television journalist,media,ABC News,United States,1929,2022,semantic,2,Walters,Walters evokes waiting on and interviewing the famous.,English: wafer maker,birth_name,https://en.wikipedia.org/wiki/Barbara_Walters,,,Pioneering female network news anchor. Audit: Walters evokes waiting on celebrities is unsourced folk etymology on famous journalist.,rejected
apt-0097,Barbara Wolfe,Barbara,Wolfe,veterinarian,medicine,Ohio State University College of Veterinary Medicine,United States,,,semantic,3,Wolfe,Wolfe is a wild canid whose health falls under veterinary medicine.,,unknown,https://vet.osu.edu/people/barbara-wolfe,,,,verified
apt-0098,Barnaby Smith,Barnaby,Smith,poet and music journalist,media,,Australia,,,semantic,2,Smith,Smith is a common maker surname with only a faint link to crafting verse.,English: metalworker,unknown,https://thequietus.com/tq-charts/columns-of-the-year/top-40-best-compilation-albums-of-all-time/,,https://www.linkedin.com/in/barnaby-smith-33a48543,Freelance writer for The Quietus and Rolling Stone Australia. Audit: Smith common maker surname with faint verse link is generic occupational noise.,rejected
apt-0099,Barney Frank,Barney,Frank,U.S. representative and Financial Services chairman,politics,United States House of Representatives,United States,1940,2026,direct,5,Frank,His surname is Frank and he was famously blunt and accessible to the press.,,legal_name,https://en.wikipedia.org/wiki/Barney_Frank,,https://www.ukiahdailyjournal.com/2026/05/09/national-perspective-barney-franks-deafening-whisper/,Born Barnett Frank; legally changed to Barney.,verified
apt-0100,Barny Boatman,Barny,Boatman,poker player,sports,,United Kingdom,1967,,semantic,3,Boatman,"Boatman rows or sails boats, loosely apt for a Hendon Mob professional poker player.",,birth_name,https://en.wikipedia.org/wiki/Barny_Boatman,,,Member of the Hendon Mob. Flagged automatically: connection wording asserts a loose link.,borderline
apt-0101,Baron Hill,Baron,Hill,U.S. representative,politics,United States House of Representatives,United States,1953,,direct,4,Baron,His given name Baron evokes noble rank while he served in Congress.,,birth_name,https://en.wikipedia.org/wiki/Baron_Hill_(politician),,,Flagged automatically: connection wording asserts a loose link.,borderline
apt-0102,Basil Butcher,Basil,Butcher,cricketer,sports,West Indies,Guyana,1933,2017,semantic,3,Butcher,"His surname is Butcher, fitting the ESPNcricinfo XI of profession surnames.",,birth_name,https://en.wikipedia.org/wiki/Basil_Butcher,,https://www.espncricinfo.com/story/espncricinfo-xi-cricketers-names-that-are-also-professions-722219,West Indies middle-order batsman of the 1960s.,verified
apt-0103,Bear Woods,Bear,Woods,head football coach,education,Wetumpka High School,United States,,,semantic,4,Woods,Woods names the timber of football goalposts and Wood evokes coaching legend Bear Bryant.,,unknown,https://wetumpkasports.com/information/directory/index,,,Head football coach at Wetumpka High School Alabama. Audit: Connection invents goalpost timber plus Bear Bryant echo; Woods is a common surname.,rejected
apt-0104,Bekim Kastrati,Bekim,Kastrati,football forward,sports,Fortuna Düsseldorf,Albania,1974,2009,other,1,Kastrati,"His surname was noted after a collision that injured his groin, a strained pun.",,birth_name,https://en.wikipedia.org/wiki/Bekim_Kastrati,,https://www.espn.com/espn/print?id=37577543,"Borderline; included for ESPN list completeness. Audit: Aptronym is a post-injury groin pun (testicle fracture vs Kastrati); fabricated, not a name meaning.",rejected
apt-0105,Ben Wettervogel,Ben,Wettervogel,television meteorologist,weather,ZDF Germany,Germany,1964,,translation|wordplay,5,Wettervogel,"His surname compounds Wetter (weather) and Vogel (bird), literally weather bird.",German,birth_name,https://de.wikipedia.org/wiki/Ben_Wettervogel,https://en.wiktionary.org/wiki/Wetter,,,verified
apt-0106,Benjamin Britten,Benjamin,Britten,composer,arts,,England,1913,1976,phonetic,2,Britten,"Britten faintly echoes Britain, apt for England's leading 20th-century opera composer.",,birth_name,https://en.wikipedia.org/wiki/Benjamin_Britten,,,Audit: Britten faintly echoes Britain is phonetic padding on famous composer.,rejected
apt-0107,Benjamin Hale Settle,Benjamin Hale,Settle,U.S. district judge,law,U.S. District Court for the Western District of Washington,United States,1947,,semantic,4,Settle,Settle names what judges encourage parties to do instead of going to trial.,English verb surname,unknown,https://www.fjc.gov/history/judges/settle-benjamin-hale,https://www.etymonline.com/word/settle,,Former Army JAG officer; senior status 2020.,verified
apt-0108,Benjamin Millepied,Benjamin,Millepied,dancer and choreographer,arts,Paris Opera Ballet,France,1977,,translation,4,Millepied,"Millepied means thousand feet in French, apt for a ballet dancer.",French: thousand feet,birth_name,https://en.wikipedia.org/wiki/Benjamin_Millepied,https://en.wiktionary.org/wiki/mille,https://www.imdb.com/fr/name/nm1018521/bio/,,verified
apt-0109,Benjamin Rush,Benjamin,Rush,physician and signer of the Declaration,medicine,University of Pennsylvania,United States,1745,1813,semantic,2,Rush,Rush suggests urgency fitting the physician who championed bloodletting and treated yellow-fever epidemics.,English: rush (hurry),birth_name,https://en.wikipedia.org/wiki/Benjamin_Rush,https://www.etymonline.com/word/rush,,"Father of American psychiatry; signed Declaration of Independence. Audit: Rush/hurry link is speculative virtue etymology, not documented name meaning. Flagged automatically: connection wording asserts a loose link.",borderline
apt-0110,Benjamin Stone,Benjamin,Stone,urologist,medicine,,United States,,,semantic,3,Stone,"Stone denotes kidney stones, a core urology condition.",,unknown,https://npiregistry.cms.hhs.gov/,,https://npiregistry.cms.hhs.gov/,Audit: person_source_url is NPI registry homepage only; confirms licence exists but not specialty or employer from this URL.,probable
apt-0111,Benjamin Winger,Benjamin,Winger,ornithologist,science,University of Michigan,United States,,,semantic,4,Winger,His surname denotes wings fitting the songbirds he studies as curator of birds.,,unknown,https://lsa.umich.edu/eeb/people/faculty/wingerb.html,,https://www.newscientist.com/article/2017525-feedback-nominative-determinism-redux/,Associate professor and U-M Museum of Zoology bird curator.,verified
apt-0112,Bernard Foing,Bernard,Foing,space scientist,science,European Space Agency,France,,,phonetic,2,Foing,Foing sounds like going apt for a chief mission scientist who sent probes to the Moon.,,birth_name,https://en.wikipedia.org/wiki/Bernard_Foing,,https://en.wikipedia.org/wiki/Nominative_determinism,Principal Project Scientist for SMART-1 lunar mission. Audit: Foing sounds like going is phonetic invention; lunar mission scientist but surname has no documented apt meaning.,borderline
apt-0113,Bert Beveridge,Bert,Beveridge,vodka distiller,business,Tito's Handmade Vodka,United States,,,semantic,5,Beveridge,"His surname is a near-homophone of beverage, fitting a spirits founder.",,unknown,https://en.wikipedia.org/wiki/Tito%27s_Vodka,,https://en.wikipedia.org/wiki/Aptronym,Known professionally as Tito Beveridge.,verified
apt-0114,Bert Ironmonger,Bert,Ironmonger,cricketer,sports,Australia,Australia,1882,1971,direct,4,Ironmonger,"His surname is Ironmonger, a hardware trade, in the ESPNcricinfo profession XI.",,birth_name,https://en.wikipedia.org/wiki/Bert_Ironmonger,,https://www.espncricinfo.com/story/espncricinfo-xi-cricketers-names-that-are-also-professions-722219,Left-arm spinner; 74 Test wickets.,verified
apt-0115,Bianca Knight,Bianca,Knight,sprinter,sports,,United States,1989,,semantic,2,Knight,"Knight is a chess piece, a distant fit for a 4×100 m relay gold medalist.",,unknown,https://www.olympedia.org/athletes/126533,,,,borderline
apt-0116,Bianca Vet,Bianca,Vet,weight-loss coach,medicine,,Netherlands,,,translation,4,Vet,Vet means fat in Dutch; she works as an afslankcoach.,Dutch: fat,unknown,https://onzetaal.nl/educatie/ik-zit-op-de/basisschool/bijzondere-woorden/aptoniem,https://en.wiktionary.org/wiki/vet,https://www.dbnl.org/tekst/dela012alge01_01/dela012alge01_01_05592.php,Person attested only in onzetaal.nl aptonym list; independent profile not found. Audit: Bianca Vet verified only from Dutch aptonym word list with no independent employer page.,borderline
apt-0117,Bill Archer,Bill,Archer,U.S. representative and Ways and Means chairman,politics,United States House of Representatives,United States,1928,2026,semantic,3,Archer,"Archer evokes bowmen, a martial echo for a fiscal-policy chairman.",,birth_name,https://en.wikipedia.org/wiki/Bill_Archer,,,Audit: Archer evokes bowmen via hedging language; no pointed name-to-Ways-and-Means fit.,rejected
apt-0118,Bill Giles,Bill,Giles,head of BBC Weather Centre,weather,BBC / Met Office,United Kingdom,1939,,semantic,2,Giles,His surname Giles is noted in obituaries alongside horrendous clouds from H-bomb tests he observed.,,unknown,https://www.theguardian.com/uk-news/2019/mar/19/use-forecast-to-talk-about-climate-change-urges-ex-bbc-presenter,,,Weak: Giles not inherently weather-related.,borderline
apt-0119,Bill Grant,Bill,Grant,U.S. representative,politics,United States House of Representatives,United States,1943,,semantic,2,Grant,"Grant suggests granting funds, a weak link for a Florida congressman.",,unknown,https://bioguide.congress.gov/search/bio/G000382,,,Audit: Grant is a common surname; granting-funds wordplay is invented padding for a Florida congressman.,rejected
apt-0120,Billy Schwind,Billy,Schwind,Mesonet systems meteorologist,weather,Kentucky Mesonet,United States,,,translation,4,Schwind,"His surname Schwind is German for wind, the element his mesonet stations measure.",German,unknown,http://l.kymesonet.org/about.html,https://en.wiktionary.org/wiki/Wind,,Listed on Kentucky Mesonet about page.,verified
apt-0121,Blade Jenkins,Blade,Jenkins,NHL prospect,sports,New York Islanders,United States,2000,,semantic,3,Blade,His given name matches the blade of a hockey stick.,,unknown,https://www.hockey-reference.com/players/j/jenkibl01.html,,,,verified
apt-0122,Blas Cantó,Blas,Cantó,singer,arts,,Spain,1991,,translation,4,Cantó,Cantó is the Spanish preterite of cantar (to sing); he is a professional vocalist.,Spanish: sang (cantar),birth_name,https://en.wikipedia.org/wiki/Blas_Cant%C3%B3,https://en.wiktionary.org/wiki/cantar,https://verne.elpais.com/verne/2019/10/11/articulo/1570790600_618544.html,Surname may be topographic; cantar homophony cited in El País.,verified
apt-0123,Bob Barber,Bob,Barber,cricketer,sports,England,England,1935,,semantic,2,Barber,His surname Barber appears in the ESPNcricinfo XI of profession names.,,birth_name,https://en.wikipedia.org/wiki/Bob_Barber_(cricketer),,https://www.espncricinfo.com/story/espncricinfo-xi-cricketers-names-that-are-also-professions-722219,Left-handed batsman and legbreak bowler.,verified
apt-0124,Bob Flowerdew,Bob,Flowerdew,gardener,trades,,England,1952,,semantic,4,Flowerdew,His surname evokes flower dew in horticulture.,,birth_name,https://en.wikipedia.org/wiki/Bob_Flowerdew,,https://99percentinvisible.org/article/outerbridge-crossing-exploring-the-world-of-aptonyms-redundant-place-names/,Flagged automatically: connection wording asserts a loose link.,borderline
apt-0125,Bob Hope,Bob,Hope,comedian and actor,arts,,United States,1903,2003,semantic,3,Hope,Hope names the optimism he sold to troops and television audiences.,,unknown,https://en.wikipedia.org/wiki/Bob_Hope,,,Born Leslie Townes Hope.,verified
apt-0126,Bob Rock,Bob,Rock,music producer,arts,,Canada,1954,,direct,5,Rock,"Rock is the genre he produced for Metallica, Aerosmith and Mötley Crüe.",,birth_name,https://en.wikipedia.org/wiki/Bob_Rock,,https://en.wikipedia.org/wiki/Aptronym,,verified
apt-0127,Bob Walk,Bob,Walk,baseball pitcher,sports,,United States,1956,1983,ironic,3,Walk,"A walk is a base on balls, undesirable for a pitcher.",,birth_name,https://en.wikipedia.org/wiki/Bob_Walk,,https://en.wikipedia.org/wiki/Aptronym,,verified
apt-0128,Bob Wise,Bob,Wise,U.S. representative and governor,politics,United States House of Representatives,United States,1948,,semantic,3,Wise,His surname Wise suggests the judgment expected of legislators and a two-term governor.,,birth_name,https://en.wikipedia.org/wiki/Bob_Wise,,https://fordhaminstitute.org/national/commentary/apt-education-aptonyms,President of Alliance for Excellent Education 2005–2015. Flagged automatically: connection wording asserts a loose link.,borderline
apt-0129,Bob Woodward,Bob,Woodward,investigative journalist,media,The Washington Post,United States,1943,,semantic,2,Woodward,Woodward suggests moving forward through thickets of political secrecy.,English: toward the wood,birth_name,https://en.wikipedia.org/wiki/Bob_Woodward,,,Co-reporter on Watergate. Audit: Woodward suggests moving through thickets is invented metaphor for Watergate reporter.,rejected
apt-0130,Bobby George,Bobby,George,darts player and television presenter,sports,,United Kingdom,1945,,semantic,2,George,George is a common name; a weak link to darts via King George pub games.,,birth_name,https://en.wikipedia.org/wiki/Bobby_George,,,"Robert Francis George, the King of Darts, face of televised darts and a Bullseye guest. Kept rejected: the name-to-darts link is invented. Audit: His own site no longer resolves. Replaced with the Wikipedia article, which also gives his full name and birth year. Row stays rejected.",rejected
apt-0131,Bobby Hooper,Bobby,Hooper,ABA guard,sports,Indiana Pacers,United States,1944,,phonetic,3,Hooper,"His surname is a near-homophone of hoop, the basket in basketball.",,unknown,https://www.basketball-reference.com/players/h/hoopebo01.html,,,,verified
apt-0132,Bolitha James Laws,Bolitha James,Laws,Chief judge,law,U.S. District Court for the District of Columbia,United States,1891,1958,direct,5,Laws,"His surname is laws, the statutes he applied as D.C. district chief judge.",English common noun surname,unknown,https://www.fjc.gov/history/judges/laws-bolitha-james,,,Distinct from Lord Justice John Laws; D.C. chief judge 1948–1958.,verified
apt-0133,Bonnie Beaver,Bonnie,Beaver,gynecologist,medicine,,United States,,,semantic,4,Beaver,Slang beaver is a crude anatomical reference in gynecology context.,,unknown,https://slate.com/news-and-politics/2005/12/charol-shakeshaft-topped.html,,https://slate.com/news-and-politics/2005/12/charol-shakeshaft-topped.html,,probable
apt-0134,Bono,Bono,,singer-songwriter,arts,U2,Ireland,1960,,translation,2,Bono,"Bono is derived from Bono Vox, good voice in Latin, fitting a rock singer.",Latin: good,professional_name,https://en.wikipedia.org/wiki/Bono,https://en.wiktionary.org/wiki/bonus,,"Birth name Paul David Hewson. Audit: Bono from Bono Vox good voice is chosen stage name from Latin, not birth-name coincidence.",verified
apt-0135,Boyd Skinner,Boyd,Skinner,dermatologist,medicine,,United States,,,semantic,2,Skinner,"Skinner suggests skin, the organ of dermatology.",,unknown,https://npiregistry.cms.hhs.gov/,,https://npiregistry.cms.hhs.gov/,Audit: person_source_url is NPI registry homepage only; confirms licence exists but not specialty or employer from this URL. Flagged automatically: connection wording asserts a loose link.,borderline
apt-0136,Brad Hand,Brad,Hand,baseball pitcher,sports,,United States,1990,,semantic,2,Hand,A pitcher delivers the ball with his hand.,,birth_name,https://en.wikipedia.org/wiki/Brad_Hand,,https://www.theguardian.com/lifeandstyle/2024/sep/17/aptronym-job-normative-determinism,Audit: Every pitcher uses a hand; applies to all pitchers equally.,verified
apt-0137,Brad Slaughter,Brad,Slaughter,meat department manager,food,,United States,,,semantic,4,Slaughter,"His surname denotes killing livestock, matching supermarket meat management.",,unknown,https://www.thesun.co.uk/news/7990629/experts-names-bizarre-similarity-to-job/,,https://icon.ink/articles/nominative-determinism-examples-jobs/,Tabloid photo identification; employer not named in source.,probable
apt-0138,Braeden Winters,Braeden,Winters,meteorologist,weather,National Weather Service Grand Junction,United States,,,semantic,4,Winters,His surname Winters names the cold season in mountain and high-desert forecasting.,,unknown,https://www.gjsentinel.com/news/western_colorado/december-heat-wave-in-grand-junction-is-unprecedented/article_85cdcec1-22c2-4cac-aa03-6a369d8a9e5b.html,https://en.wiktionary.org/wiki/winter,,NWS Grand Junction WFO staff. Audit: weather.gov/gjt/staff returns 404; NWS staff page rot—review_status lowered until alternate source confirmed. Audit: weather.gov/gjt/staff returns 404; Grand Junction Sentinel article quotes NWS Meteorologist Braeden Winters at the Grand Junction WFO.,probable
apt-0139,Brandon Fields,Brandon,Fields,NFL punter,sports,Miami Dolphins,United States,1984,,semantic,2,Fields,He punted on football fields for a living.,,unknown,https://www.pro-football-reference.com/players/F/FielBr20.htm,,,Audit: Fields/football fields is circular; any player on any field would fit.,verified
apt-0140,Brett Goode,Brett,Goode,NFL long snapper,sports,Green Bay Packers,United States,1984,,wordplay,2,Goode,"His surname is good, apt for a specialist with a flawless snap.",,unknown,https://www.pro-football-reference.com/players/G/GoodBr99.htm,,,,verified
apt-0141,Brett Welch,Brett,Welch,Chief legal officer,law,Metropolitan Police Service,United Kingdom,,,phonetic,2,Welch,"Welch faintly echoes wretch and law's Welch/Welsh homophones, a weak link to policing counsel.",English topographic surname,unknown,https://www.counselmagazine.co.uk/articles/at-the-sharp-end--brett-welch,,,Met Police CLO; former government litigation director. Audit: Connection admits faint homophone to wretch/Welsh; invented stretch with no occupational link.,rejected
apt-0142,Brian Atwater,Brian,Atwater,geologist,science,U.S. Geological Survey,United States,1951,,semantic,5,Atwater,Atwater names water fitting a geologist who documented Cascadia tsunami and coastal subsidence.,,birth_name,https://en.wikipedia.org/wiki/Brian_Atwater,,https://www.neatorama.com/2013/03/19/The-Name-Number-for-Geology-and-for-Other-Professions/,Science 1987 paper on great Holocene earthquakes.,verified
apt-0143,Brian Baldinger,Brian,Baldinger,football defensive lineman,sports,,United States,1959,,semantic,3,Baldinger,Balding suggests a balding head; he played a head-knocking position.,,birth_name,https://en.wikipedia.org/wiki/Brian_Baldinger,,https://slate.com/news-and-politics/2005/12/charol-shakeshaft-topped.html,Audit: Balding/head-knocking link is invented physical comedy with no name meaning.,rejected
apt-0144,Brian Barker,Brian,Barker,Old Bailey senior circuit judge,law,Central Criminal Court,United Kingdom,,,semantic,1,Barker,Barker suggests barking orders from the bench at the Old Bailey.,English occupational surname,unknown,http://www.liverycompanies.info/a-z-list-of-companies/old-bailey-judges-at-the.html,https://www.etymonline.com/word/bark,,Recorder of London 2013–2015; weak. Audit: Barker/barking orders is weak occupational stretch.,borderline
apt-0145,Brian Cox,Brian,Cox,urologist,medicine,,United States,,,semantic,2,Cox,"Cox is vulgar slang for penis, noted in Limb et al. among urology surnames.",,unknown,https://npiregistry.cms.hhs.gov/,,https://doi.org/10.1308/147363515X14134529299420,Audit: Common surname with glancing link; rubric score 2 not 3.,probable
apt-0146,Brian Dick,Brian,Dick,urologist,medicine,,United States,,,semantic,4,Dick,"Dick is slang for penis, fitting urology.",,unknown,https://npiregistry.cms.hhs.gov/,,,,probable
apt-0147,Brian Mast,Brian,Mast,U.S. representative and Army veteran,politics,United States House of Representatives,United States,1980,,semantic,3,Mast,"His surname is Mast, the spar on a ship, loosely apt for a veteran who chairs Foreign Affairs.",,birth_name,https://en.wikipedia.org/wiki/Brian_Mast,,,Audit: Connection admits loosely apt ship-mast echo; invented martial padding for Foreign Affairs chair.,rejected
apt-0148,Brian Payne,Brian,Payne,cardiologist,medicine,,United States,,,semantic,2,Payne,Payne suggests angina and cardiac pain.,,unknown,https://npiregistry.cms.hhs.gov/,,,Audit: person_source_url is NPI registry homepage only; confirms licence exists but not specialty or employer from this URL. Flagged automatically: connection wording asserts a loose link.,borderline
apt-1269,Brian Runge,Brian,Runge,MLB umpire,sports,Major League Baseball,United States,1970,,semantic,3,Runge,Runge names the base runners he ruled safe or out across 14 major-league seasons.,,birth_name,https://en.wikipedia.org/wiki/Brian_Runge,,https://www.retrosheet.org/downloads/csvumpires.html,First third-generation MLB umpiring family; crew chief for Philip Humber's perfect game.,verified
apt-0149,Briny Baird,Briny,Baird,professional golfer,sports,,United States,1971,,semantic,2,Briny,"Briny means salty like seawater, a faint link to water hazards on golf courses.",,unknown,https://www.pgatour.com/player/20498/briny-baird,,,,borderline
apt-0150,Bronislav Yermak,Bronislav,Yermak,bank vice president and pilot,business,MDM-Bank,Russia,1970,2009,semantic,3,Yermak,He combined banking at MDM-Bank with private aviation until his fatal plane crash.,,birth_name,https://en.wikipedia.org/wiki/Bronislav_Yermak,,,Rose from trader to head of FOREX operations at MDM-Bank. Audit: Yermak MDM-Bank entry has no name-to-banking etymology; occupation list padding.,rejected
apt-0151,Brooke Brighton,Brooke,Brighton,meteorologist,weather,Spectrum News Kansas City,United States,,,phonetic,2,Brighton,"Her surname Brighton contains bright, evoking sunny clear-sky conditions.",,unknown,https://spectrumlocalnews.com/mo/kansas-city/about-us/2024/07/31/brooke-brighton,https://en.wiktionary.org/wiki/bright,,"Audit: Connection uses ""evoking sunny""—invented semantic stretch on a place-name surname.",borderline
apt-0152,Brooks Garner,Brooks,Garner,meteorologist,weather,FOX 35 Orlando,United States,,,semantic,3,Brooks,His first name Brooks evokes brooks and streams tied to hydrology and flooding forecasts.,,unknown,https://www.fox35orlando.com/person/g/brooks-garner,https://en.wiktionary.org/wiki/brook,,Flagged automatically: connection wording asserts a loose link.,borderline
apt-0153,Bruce Stone,Bruce,Stone,urologist,medicine,,United States,,,semantic,3,Stone,Stone denotes kidney stones managed in urology.,,unknown,https://npiregistry.cms.hhs.gov/,,,Audit: person_source_url is NPI registry homepage only; confirms licence exists but not specialty or employer from this URL.,probable
apt-1270,Bruno Bozzetto,Bruno,Bozzetto,animator and film director,arts,Bruno Bozzetto Film,Italy,1938,,translation,4,Bozzetto,Bozzetto means a preparatory sketch or model and he has drawn animated films for six decades.,Italian: sketch (bozzetto),birth_name,https://en.wikipedia.org/wiki/Bruno_Bozzetto,https://it.wikipedia.org/wiki/Bozzetto,,,verified
apt-0154,Bruno Fromage,Bruno,Fromage,dairy company managing director,business,Danone UK,France,,,translation,5,Fromage,Fromage means cheese in French; he leads a dairy company.,French: cheese,unknown,http://news.bbc.co.uk/today/hi/today/newsid_9664000/9664697.stm,https://en.wiktionary.org/wiki/fromage,http://news.bbc.co.uk/today/hi/today/newsid_9664000/9664697.stm,,probable
apt-0155,Byron Stone,Byron,Stone,geologist,science,U.S. Geological Survey,United States,,,semantic,5,Stone,His surname names stone the material he has mapped across eight states for four decades.,,unknown,https://www.usgs.gov/staff-profiles/byron-stone,,,Specialist in Quaternary glacial geology since 1969.,verified
apt-0156,C. J. Berry,C.,Berry,wine expert,science,,United Kingdom,,,semantic,4,Berry,Berry names the fruit central to the homemade wines he documented.,,unknown,https://wit.substack.com/p/the-wits-guide-to-nominative-determinism,,https://wit.substack.com/p/the-wits-guide-to-nominative-determinism,Cited in New Scientist Feedback 1994. Audit: Only sourced from WIT Substack nominative-determinism listicle; person and wine expertise unverified on an authoritative page.,rejected
apt-0157,C. Michael Knee,C. Michael,Knee,rheumatologist,medicine,St. Joseph's University Medical Center,United States,,,semantic,5,Knee,Knee is a joint central to rheumatology practice.,,unknown,https://health.usnews.com/doctors/c-knee-59376,,https://www.standard.co.uk/lifestyle/the-name-game-the-weird-science-of-nominative-determinism-6384728.html,"Person source is a physician directory listing, specialty self-reported.",probable
apt-0158,C. Sharpe Minor,C.,Sharpe Minor,silent-film organist,arts,,United States,1885,,wordplay,5,Sharpe Minor,Sharpe Minor puns on the musical key C-sharp minor for a theatre organist.,Music: C-sharp minor,professional_name,https://catalog.afi.com/Person/25676-C.-Sharpe-Minor,,https://ladailymirror.com/2017/10/30/mary-mallory-hollywood-heights-organist-c-sharp-minor-major-talent-2/,Birth name Charles Sulzer Sharpe Minor; adopted marquee spelling.,verified
apt-0159,Cameron Goode,Cameron,Goode,NFL linebacker,sports,Miami Dolphins,United States,1998,,wordplay,3,Goode,"His surname is good, a word coaches use to praise solid play.",,unknown,https://www.pro-football-reference.com/players/G/GoodCa00.htm,,,,verified
apt-0160,Camilla Snowman Andresen,Camilla,Snowman,professor of glaciology,science,GEUS / University of Bergen,Denmark,,,semantic,4,Snowman,Her middle name Snowman names a snow figure fitting a professor who researches the Greenland Ice Sheet.,,unknown,https://pub.geus.dk/en/persons/camilla-snowman-andresen/,https://en.wiktionary.org/wiki/snowman,,"Distinct from Daniel Snowman already in master file. Audit: Middle-name aptronym is strong but not score-5 obvious; connection used ""evokes.""",verified
apt-0161,Carl Anthony Fisher,Carl,Fisher,Catholic auxiliary bishop,religion,Archdiocese of Los Angeles,United States,1945,1993,semantic,3,Fisher,"Fisher suggests fishers of men, fitting an auxiliary bishop of Los Angeles.",,unknown,https://www.catholic-hierarchy.org/bishop/bfisher.html,,,Auxiliary bishop of Los Angeles 1986–1993. Audit: Fisher suggests fishers of men for auxiliary bishop is biblical cliché not surname fit.,rejected
apt-0162,Carl Archer,Carl,Archer,sprinter,sports,,Trinidad and Tobago,1948,,semantic,2,Archer,"Archer means bowman, a distant fit for a 4×100 m relay Olympian.",,unknown,https://www.olympedia.org/athletes/76901,,,,borderline
apt-0163,Carl Jung,Carl,Jung,psychiatrist,science,,Switzerland,1875,1961,translation,4,Jung,Jung means young in German; Jung cited himself as championing rebirth in psychology.,German: young,birth_name,https://en.wikipedia.org/wiki/Carl_Jung,https://en.wiktionary.org/wiki/Jung,https://en.wikipedia.org/wiki/Nominative_determinism,Jung noted the Freud-Adler-Jung name pattern in Synchronicity.,verified
apt-0164,Carl Linnaeus,Carl,Linnaeus,botanist,science,Uppsala University,Sweden,1707,1778,semantic,4,Linnaeus,Linnaeus honors the twinflower Linnaea which he adopted as his personal emblem.,Latinized from Lind (linden); Linnaea flower,birth_name,https://en.wikipedia.org/wiki/Carl_Linnaeus,https://en.wikipedia.org/wiki/Linnaea,,Created binomial nomenclature.,verified
apt-0165,Carl Richard Cavonius,Carl,Cavonius,visual scientist,science,Leibniz Research Centre for Working Environment and Human Factors,Germany,1932,2003,other,3,Cavonius,He coined the term nominative determinism while working as a vision scientist.,,unknown,https://thisistrue.com/nominative-determinism/,,https://www.newscientist.com/article/2017525-feedback-nominative-determinism-redux/,Suggested the term to New Scientist Feedback in 1994.,verified
apt-0166,Carla Dove,Carla,Dove,ornithologist,science,Smithsonian Institution,United States,1962,,semantic,5,Dove,Her surname names a bird species she studies professionally.,,birth_name,https://en.wikipedia.org/wiki/Carla_Dove,,https://en.wikipedia.org/wiki/Aptronym,,verified
apt-1271,Carlo Buontempo,Carlo,Buontempo,climate service director,weather,Copernicus Climate Change Service,Italy,1973,,translation,4,Buontempo,Buontempo compounds buon tempo meaning good weather in Italian and he directs Europe's Copernicus climate service.,Italian: good weather (buon + tempo),unknown,https://www.ecmwf.int/en/about/who-we-are/staff-profiles/carlo-buontempo,https://en.wiktionary.org/wiki/buono,,No dedicated Wikipedia biography; ECMWF staff profile confirms role.,verified
apt-1272,Carlos Pace,Carlos,Pace,Formula One driver,sports,Brabham,Brazil,1944,1977,semantic,4,Pace,"Pace names speed, the quality a Formula One driver chases; he set five fastest laps in F1.",,birth_name,https://en.wikipedia.org/wiki/Carlos_Pace,,,1975 Brazilian Grand Prix winner; Interlagos circuit renamed for him.,verified
apt-0167,Carmelita Jeter,Carmelita,Jeter,sprinter,sports,,United States,1979,,semantic,3,Jeter,Jeter evokes jet speed for a 100 m silver and relay gold medalist.,,unknown,https://www.olympedia.org/athletes/126627,,,Audit: Jeter/jet speed is a mild echo; overstated at 4 for a common surname variant. Flagged automatically: connection wording asserts a loose link.,borderline
apt-0168,Carol Kirkwood,Carol,Kirkwood,BBC weather presenter,weather,BBC,United Kingdom,1962,,semantic,1,Kirkwood,Kirkwood means church wood; very weak nature echo for a weather presenter.,,unknown,https://www.bbc.com/news/articles/cdxdk4z717jo,https://en.wiktionary.org/wiki/kirk,,Retired BBC Breakfast weather presenter 2026.,borderline
apt-0169,Carolyn Screech,Carolyn,Screech,owl sanctuary co-founder,science,Screech Owl Sanctuary,United Kingdom,,,semantic,5,Screech,Her surname names the screech owl the species her sanctuary treats and rehabilitates.,,unknown,https://www.bbc.com/news/uk-england-cornwall-16068468,,https://www.newscientist.com/article/1849552-feedback-507/,Co-founded Screech Owl Sanctuary with Tom Screech.,verified
apt-0170,Carrie Wolf Ritchie,Carrie,Wolf Ritchie,zookeeper,trades,Columbus Zoo and Aquarium,United States,,,semantic,4,Wolf,Her maiden surname Wolf suits a zookeeper who works with animals.,,unknown,https://thevillagereporter.com/montpelier-native-carrie-wolf-ritchie-puts-her-love-of-animals-to-use-in-columbus/,https://en.wiktionary.org/wiki/wolf,,,verified
apt-0171,Casey Cloud,Casey,Cloud,broadcast meteorologist,weather,Cloud's Weather LLC,United States,,,semantic,5,Cloud,"His surname is cloud, the visible mass of water droplets central to weather forecasting.",,unknown,https://cloudsweather.com/about/,https://en.wiktionary.org/wiki/cloud,,,verified
apt-0172,Catfish Hunter,Jim,Hunter,MLB pitcher,sports,Oakland Athletics,United States,1946,1999,semantic,3,Catfish,"His nickname Catfish evoked a slippery, hard-to-handle pitcher.",,professional_name,https://www.baseball-reference.com/players/h/hunteca01.shtml,,,"Birth name James Augustus Hunter. Audit: Catfish was invented for him by Charlie Finley as publicity, complete with a fabricated backstory. The row's claim that it evoked a slippery, hard-to-handle pitcher is reasoning applied after the fact.",rejected
apt-0173,Catherine Ann Limb,Catherine,Limb,general practitioner,medicine,Leigh View Medical Practice,United Kingdom,,,semantic,4,Limb,Her surname is the anatomical term for an arm or leg in a family of limb-focused doctors.,,unknown,https://healthgps.co.uk/gp/4319-leigh-view-medical-practice/,,https://doi.org/10.1308/147363515X14134529299420,GMC 3070497; co-author of Limb et al. 2015.,verified
apt-0174,Catherine Anne Fairpo,Catherine Anne,Fairpo,Tax tribunal judge,law,First-tier Tribunal Tax Chamber,United Kingdom,,,semantic,2,Fair,"Fair evokes fairness, the standard she applies when adjudicating tax disputes.",English virtue element fair,unknown,https://www.judiciary.uk/appointments-and-retirements/appointment-as-a-judge-of-the-first-tier-tribunal-tax-chamber-catherine-fairpo/,https://www.etymonline.com/word/fair,https://www.legalcheek.com/2024/01/tasty-tax-law-walkers-poppadoms-are-actually-crisps-judge-rules/,Appointed full-time Tax Chamber judge June 2021; known as Judge Fairpo. Audit: Fair/fairness virtue link is speculative for Fairpo compound surname. Flagged automatically: connection wording asserts a loose link.,borderline
apt-0175,Cathy Brewer,Cathy,Brewer,wine sales director,food,Villiera Wines,South Africa,,,semantic,4,Brewer,Her married surname Brewer fits her career marketing wine from a family winery.,,legal_name,https://icwm.co.za/members/brewer/,,,Qualified Cape Wine Master 1994; surname via marriage.,verified
apt-0176,Cecil Beaton,Cecil,Beaton,photographer and costume designer,arts,,England,1904,1980,phonetic,3,Beaton,"Beaton sounds like beautify, fitting a photographer of elegant portraits.",,birth_name,https://en.wikipedia.org/wiki/Cecil_Beaton,,,Oscar-winning designer for My Fair Lady. Audit: Beaton sounds like beautify for portrait photographer is invented homophone.,rejected
apt-0177,Cecil Fielder,Cecil,Fielder,baseball first baseman,sports,,United States,1963,1988,semantic,4,Fielder,A fielder is a defensive baseball player.,,birth_name,https://en.wikipedia.org/wiki/Cecil_Fielder,,https://en.wikipedia.org/wiki/Aptronym,,verified
apt-0178,Celia Hunter,Celia,Hunter,conservationist,science,Alaska Conservation Foundation,United States,1919,2001,ironic,4,Hunter,Her surname Hunter is ironic for a wilderness advocate who fought to protect wildlife from hunting pressure.,,unknown,https://alaskaconservation.org/about/people/history-founders/celia-hunter/,https://en.wiktionary.org/wiki/hunter,,Co-founder Alaska Conservation Society.,verified
apt-0179,Chari Hart,Chari,Hart,cardiologist,medicine,,United States,,,phonetic,2,Hart,Hart is a homophone of heart.,,unknown,https://npiregistry.cms.hhs.gov/,,,Audit: person_source_url is NPI registry homepage only; confirms licence exists but not specialty or employer from this URL.,probable
apt-0180,Charles Bell,Charles,Bell,anatomist and surgeon,medicine,University of Edinburgh,Scotland,1774,1842,semantic,2,Bell,Bell is a common English surname; his eponymous Bell palsy makes the name famous but not occupationally apt.,English: bell,birth_name,https://en.wikipedia.org/wiki/Charles_Bell,,,"Bell's palsy and Bell's law on motor vs sensory nerves. Audit: Bell is eponym source for Bell palsy, not an occupational name fit; common surname.",verified
apt-0181,Charles Chamberlain,Charles,Chamberlain,U.S. representative,politics,United States House of Representatives,United States,1917,2004,semantic,3,Chamberlain,Chamberlain names a royal household officer during fourteen terms in Congress.,English: royal household officer,unknown,https://bioguide.congress.gov/search/bio/C000275,https://www.etymonline.com/word/chamberlain,,,verified
apt-0182,Charles Coward,Charles,Coward,British Army warrant officer and Holocaust rescuer,military,British Army,United Kingdom,1905,1976,ironic,5,Coward,"Despite a surname meaning coward, he repeatedly escaped captivity and saved hundreds at Auschwitz.",,birth_name,https://en.wikipedia.org/wiki/Charles_Coward,,https://www.english-heritage.org.uk/visit/blue-plaques/charles-coward/,,verified
apt-0183,Charles David Walker,Charles,Walker,payload specialist astronaut,transport,NASA,United States,1948,,semantic,3,Walker,Walker flew as the first commercial payload specialist aboard three Space Shuttle missions.,,birth_name,https://en.wikipedia.org/wiki/Charles_David_Walker,,,"McDonnell Douglas electrophoresis payload specialist on STS-41-D, STS-51-D and STS-61-B. Audit: Connection describes shuttle flights; Walker surname has no documented apt meaning.",rejected
apt-0184,Charles Ewan Law,Charles Ewan,Law,Recorder and politician,law,Recorder of London,United Kingdom,1792,1850,direct,5,Law,"His surname is law, and he served as Recorder of London pronouncing death sentences.",English common noun surname,birth_name,https://en.wikipedia.org/wiki/Charles_Law_(British_politician),,,MP for Cambridge University; QC.,verified
apt-0185,Charles Franklin Brooks,Charles Franklin,Brooks,meteorologist and AMS founder,weather,American Meteorological Society,United States,1891,1958,semantic,3,Brooks,His middle and surname Brooks evoke brooks and streams in hydrometeorology.,,unknown,https://www.ametsoc.org/ams/about-ams/ams-awards-honors/awards/service-awards/the-charles-franklin-brooks-award/,https://en.wiktionary.org/wiki/brook,,AMS Brooks Award named for him. Flagged automatically: connection wording asserts a loose link.,borderline
apt-0186,Charles J. Precourt,Charles,Precourt,astronaut,transport,NASA,United States,1955,,semantic,2,Precourt,Weak surname link; included as four-flight shuttle pilot and astronaut corps chief.,,birth_name,https://en.wikipedia.org/wiki/Charles_J._Precourt,,,Pilot on STS-71; chief of the Astronaut Office 1998–2002. Audit: Notes admit weak surname link; included only for shuttle-pilot fame.,rejected
apt-0187,Charles Lawson,Charles,Lawson,Old Bailey judge,law,Central Criminal Court,United Kingdom,,,semantic,3,Lawson,"Lawson embeds law, apt for a judge presiding at the Old Bailey.",Patronymic containing law,unknown,https://www.heraldscotland.com/news/12548266.man-convicted-in-rape-case-cleared-after-10-years-in-jail/,,http://www.liverycompanies.info/a-z-list-of-companies/old-bailey-judges-at-the.html,Permanent Old Bailey judge circa 1972–1982 per CCC roster. Audit: Lawson/law embedded is moderate not strong.,probable
apt-0188,Charles Lyell,Charles,Lyell,geologist,science,,Scotland,1797,1875,other,2,Lyell,Lyell has no documented semantic link though Principles of Geology shaped Darwin.,,birth_name,https://en.wikipedia.org/wiki/Charles_Lyell,,,Uniformitarianism champion.,borderline
apt-0189,Charles Palmer,Charles,Palmer,trap shooter,sports,,United Kingdom,1869,1947,semantic,3,Palmer,"To palmer is an old term for aimless shooting, loosely apt for a trap gold medalist.",,unknown,https://www.olympedia.org/athletes/42394,,,Audit: No dictionary or shooting source supports to palmer as aimless shooting; invented etymology.,rejected
apt-0190,Charles Payne,Charles,Payne,urologist,medicine,,United States,,,semantic,2,Payne,Payne denotes pain treated in urology.,,unknown,https://npiregistry.cms.hhs.gov/,,,Audit: person_source_url is NPI registry homepage only; confirms licence exists but not specialty or employer from this URL.,probable
apt-0191,Charles Reade,Charles,Reade,novelist,arts,,England,1814,1884,semantic,4,Reade,"His surname is a homophone of read, what novelists enable.",,birth_name,https://en.wikipedia.org/wiki/Charles_Reade,,https://www.theguardian.com/media/mind-your-language/2014/oct/31/mind-your-language-nominative-determinism,,verified
apt-0192,Charlie Gunn,Charlie,Gunn,race walker,sports,,United Kingdom,1885,1983,semantic,2,Gunn,Gunn evokes a gun; a weak fit for a race walker rather than a shooter.,,unknown,https://www.olympedia.org/athletes/69096,,,,borderline
apt-0193,Charlie Hill,Charlie,Hill,road cyclist,sports,,United Kingdom,1886,1961,semantic,3,Hill,"Hill suggests climbing, apt for a long-distance road race Olympian.",,unknown,https://www.olympedia.org/athletes/14748,,,Flagged automatically: connection wording asserts a loose link.,borderline
apt-0194,Charol Shakeshaft,Charol,Shakeshaft,education researcher,education,,United States,1949,,semantic,4,Shakeshaft,She researches educator sexual misconduct.,,birth_name,https://en.wikipedia.org/wiki/Charol_Shakeshaft,,https://slate.com/news-and-politics/2005/12/charol-shakeshaft-topped.html,,verified
apt-0195,Chase Young,Chase,Young,NFL defensive end,sports,Washington Commanders,United States,1999,,wordplay|semantic,3,Chase,As a pass rusher his first name Chase describes what he does to quarterbacks.,English occupational surname,unknown,https://www.pro-football-reference.com/players/Y/YounCh00.htm,,,LinkedIn confirms role; weak as primary source.,verified
apt-0196,Chesley Sullenberger,Chesley,Sullenberger,airline captain,transport,US Airways,United States,1951,,semantic,2,Sullenberger,Weak surname link; included as captain of the Miracle on the Hudson ditching.,,birth_name,https://en.wikipedia.org/wiki/Chesley_B._Sullenberger,,,US Airways Flight 1549 captain; all 155 aboard survived. Audit: Notes admit weak surname link; included only for Miracle on the Hudson fame.,rejected
apt-0197,Chester Stone,Chester,Stone,urologist,medicine,,United States,,,semantic,3,Stone,Stone names calculi treated by urologists.,,unknown,https://npiregistry.cms.hhs.gov/,,,Audit: person_source_url is NPI registry homepage only; confirms licence exists but not specialty or employer from this URL.,probable
apt-0198,Chip Reese,Chip,Reese,poker player,sports,,United States,1951,2007,semantic,4,Chip,"Chip is his nickname and a poker betting token, apt for a poker legend.",,professional_name,https://en.wikipedia.org/wiki/Chip_Reese,,,Birth name David Edward Reese.,verified
apt-0199,Chris Cannon,Chris,Cannon,U.S. representative,politics,United States House of Representatives,United States,1950,,semantic,3,Cannon,His surname is Cannon during six terms in the House from Utah.,,unknown,https://bioguide.congress.gov/search/bio/C000116,,,,verified
apt-0200,Chris Gardocki,Chris,Gardocki,NFL punter,sports,Pittsburgh Steelers,United States,1969,,wordplay,2,Gardocki,His surname echoes guard though he played as a punter.,,unknown,https://www.pro-football-reference.com/players/G/GardCh20.htm,,,Flagged automatically: connection wording asserts a loose link.,borderline
apt-0201,Chris Goode,Chris,Goode,NFL defensive back,sports,Indianapolis Colts,United States,1963,,wordplay,2,Goode,"His surname is good, a word coaches use to praise solid play.",,unknown,https://www.pro-football-reference.com/players/G/GoodCh20.htm,,,,verified
apt-0202,Chris Moneymaker,Chris,Moneymaker,poker player,sports,,United States,1975,,wordplay,5,Moneymaker,"His surname describes winning money, which he did at the 2003 World Series of Poker.",,birth_name,https://en.wikipedia.org/wiki/Chris_Moneymaker,,https://en.wikipedia.org/wiki/Aptronym,,verified
apt-1273,Chris Roach,Chris,Roach,pest-control inspector,trades,Terminix,United States,,,direct,5,Roach,Roach names the insects he inspects for as a Terminix pest-control inspector.,,unknown,https://www.deseret.com/1997/6/22/19319526/vocationally-apt-names-aren-t-always-a-blessing-ask-undertaker-cramer-stiff-judge-aaron-ment-or-exte/,,,Sterling Virginia Terminix inspector; Dow Jones/Deseret News 1997 profile.,verified
apt-0203,Chris Rock,Chris,Rock,comedian and actor,arts,,United States,1965,,direct,2,Rock,Rock names the hard material his stand-up hammers against.,,birth_name,https://en.wikipedia.org/wiki/Chris_Rock,,https://en.wikipedia.org/wiki/Aptronym,Audit: Rock names hard material stand-up hammers against is metaphor not name meaning.,verified
apt-0204,Chris Wheeler,Chris,Wheeler,road cyclist,sports,,Australia,1914,1984,semantic,4,Wheeler,"Wheeler evokes bicycle wheels, apt for an Olympic road race cyclist.",,unknown,https://www.olympedia.org/athletes/17166,,,Flagged automatically: connection wording asserts a loose link.,borderline
apt-0205,Chris Wood,Chris,Wood,football striker,sports,Nottingham Forest,New Zealand,1991,,semantic,3,Wood,His surname Wood evokes the woodwork and posts strikers hit.,,birth_name,"https://en.wikipedia.org/wiki/Chris_Wood_(footballer,_born_1991)",,,New Zealand record goalscorer. Flagged automatically: connection wording asserts a loose link.,borderline
apt-0206,Christian Fuchs,Christian,Fuchs,football defender,sports,Leicester City,Austria,1986,,translation,5,Fuchs,"His surname means fox in German, matching Leicester City Foxes.",German: fox,birth_name,https://en.wikipedia.org/wiki/Christian_Fuchs,https://en.wiktionary.org/wiki/Fuchs,https://www.bbc.co.uk/sport/av/football/34090732,Premier League champion 2015-16.,verified
apt-0207,Christian Pain Edwards,Christian,Edwards,mixed martial artist,sports,,United States,1998,,semantic,4,Pain,"Pain is his fight nickname, apt for a Jackson-Wink MMA light heavyweight.",,professional_name,https://www.sherdog.com/fighter/Christian-Edwards-270755,,,"Audit: Pain is a chosen fight name. A fighter who picks a menacing ring name is marketing, not nominative determinism.",rejected
apt-0208,Christian Poser,Christian,Poser,bobsledder,sports,,Germany,1986,,ironic,2,Poser,"Poser suggests fakery, loosely ironic for an Olympic bobsled pilot.",,unknown,https://www.olympedia.org/athletes/127817,,,,borderline
apt-0209,Christian Weber,Christian,Weber,fashion designer,arts,Weber+Weber Sartoria,Austria,,,translation,4,Weber,Weber means weaver in German; he designs tailored menswear and womenswear.,German: weaver,unknown,https://weberweber.it/en/pages/uber-uns,https://en.wiktionary.org/wiki/Weber,,Designer site confirms name and profession.,verified
apt-0210,Christiane Amanpour,Christiane,Amanpour,television journalist,media,CNN,England,1958,,translation,3,Aman,"Aman means peace in Persian, contrasting with her war-zone reporting.",Persian: peace,birth_name,https://en.wikipedia.org/wiki/Christiane_Amanpour,https://en.wiktionary.org/wiki/آمین,,Audit: Aman means peace in Persian contrasting war-zone reporting is given-name stretch not aptronym.,rejected
apt-0211,Christiane Endler,Christiane,Endler,football goalkeeper,sports,Olympique Lyonnais,Chile,1991,,translation,2,Endler,"Endler relates to Ende meaning end in German, apt for the last line of defence.",German: end,birth_name,https://en.wikipedia.org/wiki/Christiane_Endler,https://en.wiktionary.org/wiki/Ende,,FIFA Best Women's Goalkeeper 2021. Audit: Endler is not derived from German Ende; fabricated last-line-of-defence etymology.,rejected
apt-0212,Christopher Coke,Christopher,Coke,drug lord,business,Shower Posse,Jamaica,1969,,semantic,4,Coke,"Coke names cocaine, the commodity his organization trafficked.",,birth_name,https://en.wikipedia.org/wiki/Christopher_Coke,,https://en.wikipedia.org/wiki/Aptronym,Leader of the Shower Posse criminal enterprise.,verified
apt-0213,Christopher K. Payne,Christopher,Payne,urologist,medicine,Vista Urology and Pelvic Pain Partners,United States,,,semantic,4,Payne,"Payne denotes suffering, fitting his career treating urologic chronic pelvic pain.",,unknown,https://www.vistaurology.com/about-us/about-dr-payne,,https://doi.org/10.1016/j.pain.2011.10.005,Co-author of Urologic chronic pelvic pain (Pain 2012); Payne also in Limb et al. cardiology/urology lists.,verified
apt-0214,Christopher Limb,Christopher,Limb,consultant general surgeon,medicine,University Hospitals Sussex NHS Foundation Trust,United Kingdom,,,semantic,5,Limb,"His surname denotes an arm or leg, the focus of much surgical anatomy.",,unknown,https://www.uhsussex.nhs.uk/consultants/mr-christopher-limb/,,https://doi.org/10.1308/147363515X14134529299420,Co-author of Limb et al. 2015; specialises in colorectal cancer surgery.,verified
apt-0215,Christopher Michael Barker,Christopher,Barker,veterinary professor,medicine,UC Davis School of Veterinary Medicine,United States,,,semantic,2,Barker,"Barker suggests a dog's sound, fitting veterinary medicine.",,unknown,https://profiles.ucdavis.edu/chris.barker,,,Audit: Barker/dog sound weak for vet professor. Flagged automatically: connection wording asserts a loose link.,borderline
apt-0216,Christopher Payne,Christopher,Payne,urologist,medicine,The Urology Team,United States,,,semantic,3,Payne,Payne denotes pain common in urological conditions.,,unknown,https://care.healthline.com/find-care/provider/dr-christopher-payne-1649315292,,,,verified
apt-0217,Christopher Spray,Christopher,Spray,water scientist,science,University of Dundee,United Kingdom,,,semantic,5,Spray,His surname names water spray fitting his chair in water science and policy.,,unknown,https://discovery.dundee.ac.uk/en/persons/chris-spray/,,https://www.newscientist.com/article/1978183-feedback-return-of-nominative-determinism/,Former Chair of Water Science and Policy at UNESCO Centre.,verified
apt-0218,Christopher Wren,Christopher,Wren,architect,arts,,England,1632,1723,semantic,3,Wren,"Wren names a small bird, apt for the architect who rebuilt London's skyline after the Great Fire.",English: small bird,birth_name,https://en.wikipedia.org/wiki/Christopher_Wren,,,Designed St Paul's Cathedral. Audit: Wren small bird for architect who rebuilt skyline is weak animal-name echo.,rejected
apt-1274,Chuck Long,Chuck,Long,NFL quarterback,sports,Detroit Lions,United States,1963,,wordplay,4,Long,"Long names the long passes a quarterback throws, his position in the NFL and at Iowa.",,birth_name,https://en.wikipedia.org/wiki/Chuck_Long,,,College Football Hall of Fame; first-round NFL pick in 1986.,verified
apt-0219,Cinderela Rice Guevara,Cinderela,Guevara,County judge and former justice of the peace,law,Presidio County,United States,,,other,3,Cinderela,Her fairy-tale given name Cinderela contrasts with her power to pronounce death inquests as county judge.,Given name referencing Cinderella,unknown,https://www.marfapublicradio.org/2022-10-24/candidate-interview-cinderela-guevara-incumbent-presidio-county-judge-running-for-reelection,,https://www.legalcheek.com/2016/02/lawyers-with-brilliant-names-you-just-couldnt-make-up/,Pronounced Justice Antonin Scalia dead by phone in 2016.,verified
apt-0220,Ciro Immobile,Ciro,Immobile,footballer,sports,,Italy,1990,,translation,2,Immobile,"Immobile means motionless in Italian, ironic for an agile forward.","Italian: immobile, motionless",birth_name,https://en.wikipedia.org/wiki/Ciro_Immobile,https://en.wiktionary.org/wiki/immobile,https://en.wikipedia.org/wiki/Aptronym,"Listed as inaptronym: he is known for movement, contrary to surname meaning.",verified
apt-0221,Claire Loiseau,Claire,Loiseau,avian disease ecologist,science,San Francisco State University,France,,,translation,5,Loiseau,Loiseau is French for bird matching her research on diseases in Alaskan bird populations.,French l'oiseau: the bird,unknown,https://doi.org/10.1371/journal.pone.0044729,https://en.wiktionary.org/wiki/oiseau,https://www.newscientist.com/article/1978183-feedback-return-of-nominative-determinism/,"Corresponding author on PLOS ONE avian malaria paper. Audit: Cited name source /wiki/loiseau does not exist. Replaced with the underlying French noun oiseau, which is what the surname contracts.",verified
apt-0222,Clara Barton,Clara,Barton,nurse and Red Cross founder,medicine,American Red Cross,United States,1821,1912,semantic,1,Barton,Barton is a place-name surname with no strong link to nursing the wounded.,,birth_name,https://en.wikipedia.org/wiki/Clara_Barton,,,Founded American Red Cross; Angel of the Battlefield. Audit: Barton has no documented nursing link; padding historical figure.,borderline
apt-0223,Clarence Gamble,Clarence,Gamble,contraception researcher,science,Pathfinder Fund,United States,1894,1966,semantic,2,Gamble,Gamble suggests risk fitting a researcher who funded large-scale contraceptive field trials.,,unknown,https://hollisarchives.lib.harvard.edu/repositories/14/resources/9255,,https://www.newscientist.com/article/1849552-feedback-507/,"Co-authored intra-uterine contraceptive device studies. Audit: Gamble/risk link uses ""suggests""—speculative wordplay unrelated to contraception research.",borderline
apt-0224,Claude Bataille,Claude,Bataille,lawyer,law,,France,,,translation,4,Bataille,Bataille means battle in French; apt for a trial lawyer.,French: battle,unknown,https://fatrazie.com/aptonyme-2/54-aptonymes-par-domiciliation,https://fr.wiktionary.org/wiki/bataille,,Listed in French aptonym registry. Audit: Fatrazie aptonym registry is discovery source only; no independent lawyer profile.,borderline
apt-0225,Claude Monet,Claude,Monet,painter,arts,,France,1840,1926,translation|ironic,3,Monet,"Monet resembles monnaie, French for money, ironic for an Impressionist who struggled financially.",French: money (monnaie),birth_name,https://en.wikipedia.org/wiki/Claude_Monet,https://en.wiktionary.org/wiki/monnaie,,Homophone pun rather than etymology. Audit: Monet/monnaie homophone is invented; Monet is toponymic surname unrelated to money.,rejected
apt-0226,Claudio Gentile,Claudio,Gentile,footballer,sports,,Italy,1953,,translation,2,Gentile,"Gentile means gentle in Italian, ironic for a famously tough defender.","Italian: gentle, kind",birth_name,https://en.wikipedia.org/wiki/Claudio_Gentile,https://en.wiktionary.org/wiki/gentile,https://en.wikipedia.org/wiki/Aptronym,Inaptronym: renowned hard-man defender.,verified
apt-0227,Clifford Butcher,Clifford,Butcher,consultant orthopaedic foot and ankle surgeon,medicine,Aintree University Hospital,United Kingdom,,,ironic,3,Butcher,Butcher suggests rough cutting though he performs precise foot and ankle surgery.,,unknown,https://www.anklearthritis.co.uk/mr-clifford-butcher,,,Flagged automatically: connection wording asserts a loose link.,borderline
apt-0228,Clint Eastwood,Clint,Eastwood,actor and film director,arts,,United States,1930,,semantic,2,Eastwood,"Eastwood names timber from the east, faintly apt for a Western icon.",,birth_name,https://en.wikipedia.org/wiki/Clint_Eastwood,,,Audit: Eastwood timber-from-the-east stretch for Western star; place-name surname.,rejected
apt-0229,Clive Rush,Clive,Rush,NFL end and punter,sports,Green Bay Packers,United States,1931,,semantic,3,Rush,His surname matches the pass rush even though he also punted.,,unknown,https://www.pro-football-reference.com/players/R/RushCl20.htm,,,,verified
apt-0230,Clyde Kluttz,Clyde,Kluttz,MLB catcher,sports,Boston Braves,United States,1917,1979,ironic,4,Kluttz,His surname sounds like klutz yet he made the majors as a catcher.,,unknown,https://www.baseball-reference.com/players/k/kluttcl01.shtml,,https://doi.org/10.1179/175622709x462478,,verified
apt-0231,Colin Bass,Colin,Bass,bassist,arts,Camel,England,1951,,semantic,4,Bass,His surname names the low guitar he plays.,,birth_name,https://en.wikipedia.org/wiki/Colin_Bass,,https://www.theguardian.com/media/mind-your-language/2014/oct/31/mind-your-language-nominative-determinism,,verified
apt-1275,Constantinos Daskalakis,Constantinos,Daskalakis,theoretical computer science professor,education,MIT,United States,1981,,translation,3,Daskalakis,Daskalakis derives from daskalos meaning teacher in Greek and he is a university professor.,Greek: teacher (daskalos),birth_name,https://en.wikipedia.org/wiki/Constantinos_Daskalakis,https://en.wiktionary.org/wiki/%CE%B4%CE%AC%CF%83%CE%BA%CE%B1%CE%BB%CE%BF%CF%82,,Patronymic surname; parents were schoolteachers per Wikipedia.,verified
apt-0232,Cool Papa Bell,James,Bell,Negro leagues outfielder,sports,St. Louis Stars,United States,1903,1991,semantic,3,Cool,His nickname Cool Papa matched his calm demeanor and legendary speed.,,professional_name,https://en.wikipedia.org/wiki/Cool_Papa_Bell,,,"James Thomas Bell, Negro leagues centre fielder 1922-46, elected to the Baseball Hall of Fame in 1974 and widely held to be the fastest man to play the game. Audit: The Baseball Reference slug was wrong and returned 404. Replaced with Wikipedia, but the row fails on causation: Cool Papa was a nickname awarded for the demeanour and speed it describes, so the name did not happen to fit the man.",rejected
apt-0233,Cooper Rush,Cooper,Rush,NFL quarterback,sports,Dallas Cowboys,United States,1993,,ironic,3,Rush,As a quarterback he orchestrates the offense rather than the defensive rush his name suggests.,,unknown,https://www.pro-football-reference.com/players/R/RushCo00.htm,,,Flagged automatically: connection wording asserts a loose link.,borderline
apt-0234,Corona Rintawan,Corona,Rintawan,physician,medicine,Muhammadiyah COVID-19 Command Center,Indonesia,1975,,semantic,5,Corona,He led Indonesia's COVID-19 response during the coronavirus pandemic.,,birth_name,https://en.wikipedia.org/wiki/Corona_Rintawan,,https://en.wikipedia.org/wiki/Aptronym,"Audit: person_source_url pointed to generic Aptronym list, not this person biography.",verified
apt-0235,Cosmo Gerald Maitland Gordon,Cosmo Gerald,Gordon,Senior circuit judge,law,Central Criminal Court (Old Bailey),United Kingdom,1945,,semantic,1,Gordon,"At the Old Bailey his surname coincides with gavel-like courtroom authority, though the link is weak.",Scottish surname,unknown,https://www.liverycompanies.info/a-z-list-of-companies/old-bailey-judges-at-the.html,,,Senior Circuit Judge at Old Bailey 1994–2017. Audit: Gordon/gavel authority link is invented; no etymological connection.,borderline
apt-0236,Cotton Mather,Cotton,Mather,Puritan minister,religion,Old North Church,United States,1663,1728,semantic,3,Cotton,Cotton names the fiber crop though he was a Boston divine who promoted smallpox inoculation.,English: cotton (fiber),birth_name,https://en.wikipedia.org/wiki/Cotton_Mather,https://www.etymonline.com/word/cotton,,Given name Cotton from maternal grandfather John Cotton.,verified
apt-0237,Court S. Rich,Court S.,Rich,Attorney,law,Rose Law Group,United States,,,direct|wordplay,5,Court,His given name Court pairs with his profession arguing cases before courts.,Given name Court,unknown,https://www.roselawgroup.com/rich-court-s/,,https://www.counselmagazine.co.uk/articles/the-name-of-the-law,Co-founder; renewable-energy regulatory practice.,verified
apt-0238,Courtney Lee,Courtney,Lee,NBA guard,sports,Boston Celtics,United States,1985,,wordplay,3,Courtney,His first name Court- evokes the basketball court.,,unknown,https://www.basketball-reference.com/players/l/leeco01.html,,,Flagged automatically: connection wording asserts a loose link.,borderline
apt-0239,Craig M. Bone,Craig,Bone,orthopedic surgeon,medicine,Spokane Orthopedics,United States,,,semantic,5,Bone,Bone is the tissue his orthopaedic practice treats.,,unknown,https://www.healthgrades.com/physician/dr-craig-bone-25c66,,https://www.standard.co.uk/lifestyle/the-name-game-the-weird-science-of-nominative-determinism-6384728.html,"Person source is a physician directory listing, specialty self-reported.",probable
apt-1276,Cramer J. Stiff,Cramer,Stiff,licensed cemeterian and undertaker,trades,Mount Rose Cemetery,United States,,,semantic,5,Stiff,Stiff describes a corpse and he is a licensed undertaker and grief counsellor.,,unknown,https://www.deseret.com/1997/6/22/19319526/vocationally-apt-names-aren-t-always-a-blessing-ask-undertaker-cramer-stiff-judge-aaron-ment-or-exte/,,,Marketing director for Mount Rose Cemetery; Dow Jones/Deseret News 1997 profile.,verified
apt-0240,Creflo Dollar,Creflo,Dollar,megachurch pastor,religion,World Changers Church International,United States,1962,,semantic,4,Dollar,"His surname names money, contrasting with his wealth-preaching ministry.",,birth_name,https://en.wikipedia.org/wiki/Creflo_Dollar,,https://en.wikipedia.org/wiki/Aptronym,,verified
apt-0241,Crescent Hardy,Crescent,Hardy,U.S. representative,politics,United States House of Representatives,United States,1957,,semantic,2,Hardy,"Hardy suggests toughness, a weak fit for a one-term Nevada congressman.",,unknown,https://bioguide.congress.gov/search/bio/H001070,,,First name legally Crescent. Audit: Hardy is a common surname; toughness inference from Hardy is generic padding.,rejected
apt-0242,Crispin Blunt,Crispin,Blunt,Member of Parliament,politics,House of Commons,United Kingdom,1956,,wordplay,4,Blunt,"Blunt is slang for a cannabis cigar, matching his speech on liberalising cannabis law.",English adjective blunt,unknown,https://www.legalcheek.com/2019/03/blunt-to-give-cannabis-talk-to-law-students/,https://www.etymonline.com/word/blunt,,Former prisons minister; cannabis-law reform advocate.,verified
apt-0243,Cuff (Shooters Hill draper),,Cuff,draper,trades,Shooters Hill district,England,,,semantic,4,Cuff,A draper surnamed Cuff was listed at Shooters Hill in the 1888 Kentish Note Book.,English: cuff (sleeve edge),unknown,https://en.wikipedia.org/wiki/Kentish_Note_Book,https://www.etymonline.com/word/cuff,https://en.wikipedia.org/wiki/Nominative_determinism,Individual not identified in parish records; Rennick ground rules apply. Audit: Individual not identified; source is Kentish Note Book periodical not a person record.,rejected
apt-0244,Cy Young,Denton,Young,MLB pitcher,sports,Boston Americans,United States,1867,1955,semantic,3,Cy,His nickname Cy short for cyclone described his overpowering fastball.,,professional_name,https://www.baseball-reference.com/players/y/youngcy01.shtml,,,"Birth name Denton True Young. Audit: Cy is short for Cyclone, a nickname awarded after a tryout in which his fastball wrecked a wooden fence. The name was given because of the pitching, so it did not coincidentally fit it.",rejected
apt-0245,D. Weedon,D.,Weedon,urologist,medicine,,,,,semantic,3,Weedon,Co-authored urology research paired with Splatt in the New Scientist origin story.,,unknown,https://en.wikipedia.org/wiki/Nominative_determinism,,https://en.wikipedia.org/wiki/Nominative_determinism,,probable
apt-0246,Dae-Sik Moon,Dae-Sik,Moon,astronomer,science,University of Toronto,Canada,,,semantic,2,Moon,His surname names the Moon studied by astronomers and supported by his instrumentation work.,,unknown,https://www.astro.utoronto.ca/people/faculty/name/dae-sik-moon/,,,Experimental astrophysicist studying supernovae and GRBs. Audit: Faculty page confirms supernova/GRB instrumentation work not lunar science; Moon is a common Korean surname.,borderline
apt-0247,Dale Strong,Dale,Strong,U.S. representative,politics,United States House of Representatives,United States,1970,,semantic,3,Strong,His surname Strong fits a congressman who emphasizes law-and-order messaging.,,unknown,https://bioguide.congress.gov/search/bio/S001220,,,Audit: Strong is a common surname; law-and-order messaging inference is post-hoc padding.,rejected
apt-0248,Dallas Raines,Dallas,Raines,chief meteorologist,weather,KABC-TV Los Angeles,United States,,,semantic,5,Raines,"His surname is the plural of rain, the precipitation he forecasts daily on television.",,birth_name,https://en.wikipedia.org/wiki/Dallas_Raines,https://en.wiktionary.org/wiki/rain,https://abc7.com/about/newsteam/dallas-raines,,verified
apt-0249,Damien Fitzhenry,Damien,Fitzhenry,hurler,sports,Wexford,Ireland,1974,,semantic,3,Fitzhenry,His surname is associated with Wexford hurling and he was their greatest goalkeeper.,,birth_name,https://en.wikipedia.org/wiki/Damien_Fitzhenry,,https://www.houseofnames.com/fitzhenry-family-crest,All-Ireland SHC winner 1996; two All-Stars.,verified
apt-0250,Dana Perino,Dana,Perino,White House press secretary,politics,George W. Bush administration,United States,1972,,phonetic,2,Perino,"Perino resembles persona, a weak link to a television spokesperson career.",,birth_name,https://en.wikipedia.org/wiki/Dana_Perino,,,Audit: Agent admitted score-2 press-secretary padding; Perino/persona homophone is too weak for any score.,rejected
apt-0251,Dani Byrd,Dani,Byrd,linguist,science,University of Southern California,United States,,,phonetic,4,Byrd,Byrd is a homophone of bird while she studies speech articulation in phonetics.,,unknown,https://dornsife.usc.edu/profile/dani-byrd/,,,Professor of linguistics; speech production specialist.,verified
apt-0252,Daniel C. Dey,Daniel,Dey,research forester,trades,USDA Forest Service Northern Research Station,United States,,,semantic,2,Dey,"His surname Dey is a homophone of day, linking to daylight and photosynthesis in oak silviculture.",,unknown,https://research.fs.usda.gov/download/treesearch/38176.pdf,https://en.wiktionary.org/wiki/day,,Oak ecosystem silviculture synthesis lead author. Audit: Dey/day homophone linking to photosynthesis is invented forestry padding from USDA author mining.,rejected
apt-1277,Daniel Harp,Daniel,Harp,music teacher,education,,United States,,,direct,5,Harp,Harp names the instrument he teaches in music lessons.,,unknown,https://www.deseret.com/1997/6/22/19319526/vocationally-apt-names-aren-t-always-a-blessing-ask-undertaker-cramer-stiff-judge-aaron-ment-or-exte/,,,Named in Dow Jones/Deseret News 1997 roundup of vocationally apt names.,probable
apt-0253,Daniel Skinner,Daniel,Skinner,dermatologist,medicine,,United States,,,semantic,2,Skinner,"Skinner evokes skin, the focus of dermatology.",,unknown,https://npiregistry.cms.hhs.gov/,,,Audit: person_source_url is NPI registry homepage only; confirms licence exists but not specialty or employer from this URL. Flagged automatically: connection wording asserts a loose link.,borderline
apt-0254,Daniel Snowman,Daniel,Snowman,historian,science,,England,1938,,semantic,3,Snowman,His surname Snowman names snow fitting an author of polar exploration books.,,birth_name,https://en.wikipedia.org/wiki/Daniel_Snowman,,https://en.wikipedia.org/wiki/Nominative_determinism,"Audit: Polar historian not glaciologist; connection hedged with ""evokes.""",verified
apt-0255,Daniel Thew Wright,Daniel Thew,Wright,U.S. district judge,law,Supreme Court of the District of Columbia,United States,1864,1943,phonetic,2,Wright,"Wright sounds like right, the standard judges apply in court.",English occupational surname,unknown,https://www.fjc.gov/history/judges/wright-daniel-thew,,,Historical D.C. trial judge. Audit: Wright/right homophone is extremely common surname; score 1-2 per rubric.,probable
apt-0256,Danielle Outlaw,Danielle,Outlaw,police commissioner,law,,United States,1976,,ironic,4,Outlaw,Her surname names criminals though she leads police.,,birth_name,https://en.wikipedia.org/wiki/Danielle_Outlaw,,https://en.wikipedia.org/wiki/Aptronym,,verified
apt-0257,Danny Elfman,Danny,Elfman,film composer,arts,,United States,1953,,wordplay,3,Elfman,"Elfman suggests elfin fantasy, fitting his scores for Tim Burton and Oz.",,birth_name,https://en.wikipedia.org/wiki/Danny_Elfman,,,Former leader of Oingo Boingo. Audit: Elfman suggests elfin fantasy for Burton scores is invented wordplay.,rejected
apt-0258,Danny Vuković,Danny,Vuković,football goalkeeper,sports,Central Coast Mariners,Australia,1985,,translation,3,Vuković,Vuković derives from vuk meaning wolf in Serbo-Croatian.,Serbo-Croatian: wolf,birth_name,https://en.wikipedia.org/wiki/Danny_Vukovi%C4%87,https://en.wiktionary.org/wiki/vuk,,A-League record for clean sheets; only keeper to score in the league.,verified
apt-0259,Darius Rush,Darius,Rush,NFL cornerback,sports,Pittsburgh Steelers,United States,2000,,semantic,2,Rush,His surname echoes pass rush though he played in the secondary.,,unknown,https://www.pro-football-reference.com/players/R/RushDa00.htm,,,Flagged automatically: connection wording asserts a loose link.,borderline
apt-0260,Darren Potter,Darren,Potter,football midfielder,sports,Wolverhampton Wanderers,Ireland,1984,,wordplay,3,Potter,He played for Wolves while Graham Potter served the Potters at Stoke.,,birth_name,https://en.wikipedia.org/wiki/Darren_Potter,,https://www.nytimes.com/athletic/6524643/2025/08/04/football-names-clubs-managers-arsenal-wenger/,Republic of Ireland international; on loan then permanently at Wolves. Audit: Wolves vs Stoke Potters club-nickname coincidence is not a name-to-role aptronym.,rejected
apt-0261,Dave Camp,Dave,Camp,U.S. representative and Ways and Means chairman,politics,United States House of Representatives,United States,1953,,semantic,3,Camp,His surname Camp evokes military encampments during a career including Armed Services committee work.,,birth_name,https://en.wikipedia.org/wiki/Dave_Camp,,,Audit: Camp evokes military encampments via hedging; common surname padding.,rejected
apt-0262,David A. Payne,David,Payne,consultant urologist,medicine,Kettering General Hospital,United Kingdom,,,semantic,3,Payne,"Payne suggests pain, common in urological presentations.",,unknown,https://www.baus.org.uk/patients/surgical_outcomes/nephrectomy/2017/surgeon.aspx?id=1178,,https://doi.org/10.1308/147363515X14134529299420,GMC 4090090. Audit: Ramsay Health URL slug mr-david-payne 404; BAUS surgeon profile confirms GMC 4090090 consultant urologist at Kettering General Hospital. Flagged automatically: connection wording asserts a loose link.,borderline
apt-0263,David Bird,David,Bird,ornithologist,science,,United States,,,semantic,5,Bird,His surname names the animals he studies.,,unknown,https://www.mcgill.ca/avianscience/people/david-bird,,https://slate.com/news-and-politics/2005/12/charol-shakeshaft-topped.html,,verified
apt-0264,David C. Bury,David C.,Bury,U.S. district judge,law,U.S. District Court for the District of Arizona,United States,1942,,semantic,3,Bury,"Bury denotes interment, echoing the death cases federal courts adjudicate.",English verb surname,unknown,https://www.fjc.gov/history/judges/bury-david-c,https://www.etymonline.com/word/bury,,Senior status since 2012. Audit: Bury/interment echo is moderate stretch. Flagged automatically: connection wording asserts a loose link.,borderline
apt-0265,David Cohen,David,Cohen,Orthodox rabbi,religion,,Israel,1887,1972,translation,4,Cohen,"Cohen means priest in Hebrew, fitting an Orthodox rabbi known as Rav Ha-Nazir.",Hebrew: priest,birth_name,https://en.wikipedia.org/wiki/David_Cohen_(rabbi),https://en.wiktionary.org/wiki/kohen,,Known as Rav Ha-Nazir; father of She'ar Yashuv Cohen.,verified
apt-0266,David Copperfield,David,Copperfield,magician,arts,,United States,1956,,wordplay,2,Copperfield,Copperfield borrows Dickens's conjurer name for a stage magician.,,professional_name,https://en.wikipedia.org/wiki/David_Copperfield_(illusionist),,,Birth name David Seth Kotkin. Audit: Copperfield borrowed Dickens conjurer name for stage magician; birth name David Kotkin.,verified
apt-0267,David Dollar,David,Dollar,economist,science,World Bank,United States,1954,2023,semantic,4,Dollar,His surname is a unit of currency studied by economists.,,birth_name,https://en.wikipedia.org/wiki/David_Dollar,,https://en.wikipedia.org/wiki/Aptronym,,verified
apt-0268,David E. Smith,David,Smith,addiction medicine physician,medicine,Haight Ashbury Free Medical Clinic,United States,,,wordplay,5,Smith,"Smith paired with Donald Wesson forms Smith & Wesson, the firearms maker, in addiction-medicine publications.",,unknown,https://counselormagazine.com/article/the-emergence-of-addiction-medicine/,,https://doi.org/10.1080/02791072.1988.10472514,Co-author with Donald R. Wesson; name noted in JAMA follow-up to Bennett 1992. Audit: DOI had a duplicated year segment and did not resolve.,verified
apt-0269,David Fisher,David,Fisher,chef,food,7 Adams,United States,,,semantic,2,Fisher,"His surname denotes one who catches fish, apt for a Michelin-starred chef.",English occupational surname,unknown,https://guide.michelin.com/us/en/article/people/7-adams-one-michelin-star-san-francisco-california-power-couple,,,"Co-chef with Serena Fisher at One Michelin Star 7 Adams. Audit: Fisher occupational surname for Michelin chef is generic English surname, not fish-specific.",verified
apt-0270,David Goodfield,David,Goodfield,field hockey midfielder,sports,Great Britain,England,1995,,wordplay,4,Goodfield,"His surname names a good field, apt for an Olympic hockey midfielder.",,birth_name,https://en.wikipedia.org/wiki/David_Goodfield,,https://www.thepeoplesfriend.co.uk/lifestyle/nostalgia/apt-names-sport/,Team GB hockey; Paris 2024 Olympian.,verified
apt-0271,David Gore,David,Gore,surgeon,medicine,,United States,,,semantic,3,Gore,Gore suggests bloodshed associated with surgery.,,unknown,https://npiregistry.cms.hhs.gov/,,https://doi.org/10.1308/147363515X14134529299420,Gore listed among general surgery surnames in Limb et al. 2015; verified surgeon via NPI. Audit: Common surname with glancing link; rubric score 3 not 4. Flagged automatically: connection wording asserts a loose link.,borderline
apt-0272,David Hookes,David,Hookes,cricketer,sports,South Australia,Australia,1953,2004,semantic,4,Hookes,His surname evokes the hook shot that made him famous as an aggressive batsman.,,birth_name,https://en.wikipedia.org/wiki/David_Hookes,,https://www.topendsports.com/fun/names/apt.htm,Test century on debut 1977; later coach. Flagged automatically: connection wording asserts a loose link.,borderline
apt-0273,David J. Wald,David,Wald,seismologist,science,U.S. Geological Survey,United States,,,wordplay,2,Shake,"He created ShakeMap for post-earthquake shaking, though Wald means forest in German.",German,unknown,https://www.usgs.gov/staff-profiles/david-j-wald,https://en.wiktionary.org/wiki/Wald,,ShakeMap inventor; surname Wald unrelated to shaking.,borderline
apt-0274,David Learn,David,Learn,science teacher,education,Placentia-Yorba Linda Unified School District,United States,,,direct,5,Learn,His surname is the verb at the heart of teaching and learning.,,unknown,https://clsfall2017.sched.com/speaker/david_learn.6y2xdnw,,,Teaches science with wife Ayn Learn.,verified
apt-0275,David Leslie Limb,David,Limb,consultant orthopaedic surgeon,medicine,Leeds Teaching Hospitals NHS Trust,United Kingdom,1961,,semantic,5,Limb,"Limb is a body part central to orthopaedic surgery, and he specialises in shoulder and elbow surgery.",,unknown,https://www.leedsth.nhs.uk/consultants/mr-david-l-limb/,,https://doi.org/10.1308/147363515X14134529299420,Co-author of Limb et al. 2015 nominative determinism study.,verified
apt-0276,David Levy,David,Levy,U.S. representative,politics,United States House of Representatives,United States,1933,,semantic,3,Levy,"Levy denotes a tax or imposition, apt for a congressman on the Ways and Means Committee.",English: levy (tax),unknown,https://bioguide.congress.gov/search/bio/L000267,https://www.etymonline.com/word/levy,,,verified
apt-0277,David Loud,David,Loud,Broadway conductor,arts,,United States,,,semantic,3,Loud,He feared reviews calling the aptly named David Loud too loud.,,unknown,https://www.theguardian.com/lifeandstyle/2024/sep/17/aptronym-job-normative-determinism,,https://www.theguardian.com/lifeandstyle/2024/sep/17/aptronym-job-normative-determinism,,verified
apt-0278,David Møller Wolfe,David,Wolfe,footballer,sports,Wolverhampton Wanderers,Norway,2005,,semantic,2,Wolfe,"He signed for Wolves, matching his wolf-like surname.",,birth_name,https://en.wikipedia.org/wiki/David_M%C3%B8ller_Wolfe,,https://www.nytimes.com/athletic/6524643/2025/08/04/football-names-clubs-managers-arsenal-wenger/,"Audit: Signing for Wolves is club coincidence, not wolf surname meaning; overstated at 5.",verified
apt-0279,David M. Walker,David,Walker,astronaut,transport,NASA,United States,1944,2001,semantic,3,Walker,Walker commanded four Space Shuttle missions as a naval aviator and test pilot.,,birth_name,https://en.wikipedia.org/wiki/David_M._Walker_(astronaut),,,Captain USN; pilot on STS-51-A and commander on three later flights. Audit: Connection describes shuttle command; Walker surname has no documented apt meaning.,rejected
apt-0280,David Price,David,Price,economist,science,University of Toronto,Canada,,,semantic,3,Price,His surname Price names the economic variable central to his labour-economics research.,,unknown,https://www.rotman.utoronto.ca/FacultyAndResearch/Faculty/FacultyBios/Price,,,Associate professor of economic analysis and policy. Audit: Economist named Price is a common-surname glance not a near-exact fit; score 5 inflated.,verified
apt-0281,David Rodigan,David,Rodigan,reggae DJ and broadcaster,media,BBC Radio,England,1957,,phonetic,2,Rodigan,"Rodigan echoes reggae and rod, a faint fit for a dubplate-spinning DJ.",,birth_name,https://en.wikipedia.org/wiki/David_Rodigan,,https://www.theguardian.com/music/2017/feb/23/reggae-dj-david-rodigan-my-name-was-adopted-by-a-kingston-gangster-hes-dead-now,MBE; World Clash Champion. Audit: Rodigan echoes reggae and rod is invented phonetic stretch.,rejected
apt-0282,David Shepherd,David,Shepherd,cricket umpire,sports,England,England,1940,2009,semantic,3,Shepherd,"A shepherd guides a flock, apt for an umpire who guided play.",,birth_name,https://en.wikipedia.org/wiki/David_Shepherd_(umpire),,https://www.espncricinfo.com/story/espncricinfo-xi-cricketers-names-that-are-also-professions-722219,Famous one-hop signal; stood in 92 Tests.,verified
apt-0283,David Skinner,David,Skinner,dermatologist,medicine,,United States,,,semantic,2,Skinner,Skinner suggests skin treated in dermatology.,,unknown,https://npiregistry.cms.hhs.gov/,,,Audit: person_source_url is NPI registry homepage only; confirms licence exists but not specialty or employer from this URL. Flagged automatically: connection wording asserts a loose link.,borderline
apt-0284,David Snow,David,Snow,ornithologist,science,Natural History Museum,United Kingdom,1924,2009,semantic,3,Snow,His surname Snow names frozen precipitation from decades of ornithological fieldwork in cold climates.,,birth_name,https://en.wikipedia.org/wiki/David_Snow_(ornithologist),,https://en.wikipedia.org/wiki/Nominative_determinism,"Director of Charles Darwin Research Station 1963-64. Audit: Ornithologist not cryosphere scientist; connection uses ""evokes""; score 5 inflated.",verified
apt-0285,Dávid Strelec,Dávid,Strelec,football forward,sports,,Slovakia,2001,,translation,4,Strelec,"Strelec means shooter or striker in Slovak, a forward's role.","Slovak: shooter, striker",birth_name,https://en.wikipedia.org/wiki/D%C3%A1vid_Strelec,https://en.wiktionary.org/wiki/strelec,https://en.wikipedia.org/wiki/Aptronym,,verified
apt-0286,David Toews,David,Toews,ornithologist,science,Pennsylvania State University,United States,,,phonetic,2,Toews,"His surname Toews is a near-homophone of tweets, the sounds birds make in his research.",,unknown,https://www.huck.psu.edu/people/david-toews,https://en.wiktionary.org/wiki/tweet,,Associate professor studying bird speciation and plumage.,borderline
apt-0287,David W. Music,David W.,Music,composer of church music,arts,,United States,1957,,direct,5,Music,His surname is Music and he composes and publishes church music.,,birth_name,https://en.wikipedia.org/wiki/David_W._Music,,https://en.wikipedia.org/wiki/Aptronym,Professor emeritus of church music at Baylor.,verified
apt-0288,David Weedon,David,Weedon,dermatopathologist,medicine,Bond University,Australia,1941,,other,2,Weedon,Weedon co-authored the 1977 urology paper that launched New Scientist nominative determinism coverage.,,birth_name,https://en.wikipedia.org/wiki/David_Weedon,,https://doi.org/10.1111/j.1464-410X.1977.tb04095.x,Same author as 1977 urology paper; later became renowned dermatopathologist. Distinct from urology-only record in master set. Audit: Weedon does not derive from weed; urology paper co-authorship is the only documented link.,verified
apt-0289,Davis Love III,Davis,Love,professional golfer,sports,,United States,1964,,ironic,4,Love,"Love is tennis and golf scoring for zero, ironic for a major-winning golfer.",,birth_name,https://en.wikipedia.org/wiki/Davis_Love_III,,,,verified
apt-0290,Dawn Fairbanks,Dawn,Fairbanks,insurance agent,business,Carman and Fairbanks Insurance Services,United States,,,semantic,3,Fairbanks,"Fairbanks suggests fair banking and finance, loosely apt for an independent insurance agent.",,unknown,https://carmanfairbanksinsurance.com/about-us/our-team/dawn-fairbanks/,,,Founded Dawn Fairbanks Insurance Services in 2006. Audit: Fairbanks suggests fair banking for insurance agent is loose finance echo.,rejected
apt-0291,Dean Boring,Dean,Boring,office supplies executive,business,,United States,,,semantic,3,Boring,He leads Boring Office Supplies.,,unknown,https://slate.com/news-and-politics/2005/12/charol-shakeshaft-topped.html,,https://slate.com/news-and-politics/2005/12/charol-shakeshaft-topped.html,,probable
apt-0292,Deborah Couch,Deborah,Couch,psychiatrist,medicine,,United States,,,semantic,3,Couch,Couch is shorthand for the psychoanalytic couch used in psychiatry.,,unknown,https://npiregistry.cms.hhs.gov/,,https://lastwordonnothing.com/2020/01/16/nominative-determinism-and-its-discontents/,Psychiatrist Couch cited in New Scientist nominative determinism coverage; verified via NPI registry. Audit: person_source_url is NPI registry homepage only; confirms licence exists but not specialty or employer from this URL.,probable
apt-0293,Decimus Junius Brutus Albinus,Decimus,Brutus,Roman general,military,Roman Republic,Roman Republic,-85,-42,translation,3,Brutus,Brutus means dull or heavy in Latin ironically for an assassin of Caesar remembered for resolve.,Latin: brutus (dull/stupid),unknown,https://en.wikipedia.org/wiki/Decimus_Brutus,https://en.wiktionary.org/wiki/brutus,,One of Caesar's assassins; not Marcus Junius Brutus. Audit: Brutus (dull) ironic for a resolute assassin is valid but needs explanation; overstated at 4 for ancient translation case.,verified
apt-0294,Dennis Bird,Dennis,Bird,geologist,science,Stanford University,United States,,,semantic,2,Bird,His surname names bird while he is a professor of geological and environmental sciences.,,unknown,https://profiles.stanford.edu/dennis-bird,,,Studies water-rock reactions and biogeochemistry. Audit: Stanford profile confirms geologist studying biogeochemistry not birds; connection falsely implies ornithological fit.,borderline
apt-0295,Dennis Boyd,Dennis,Boyd,MLB pitcher,sports,Boston Red Sox,United States,1959,1989,semantic,3,Oil Can,His nickname Oil Can referred to the oil cans he drank from as a child.,,professional_name,https://en.wikipedia.org/wiki/Oil_Can_Boyd,,,"Dennis Ray Boyd, pitcher for the Red Sox, Expos and Rangers, 1982-91. Born 6 October 1959, not 1960. Audit: The Baseball Reference slug was wrong and returned 404. Replaced with Wikipedia, which also corrects the birth year. The row fails anyway: Oil Can is a nickname from drinking beer from oil cans in Mississippi and has no relation to pitching.",rejected
apt-0296,Dennis Gore,Dennis,Gore,surgeon,medicine,,United States,,,semantic,3,Gore,Gore suggests bloodshed associated with surgery.,,unknown,https://npiregistry.cms.hhs.gov/,,https://doi.org/10.1308/147363515X14134529299420,Audit: Common surname with glancing link; rubric score 3 not 4. Flagged automatically: connection wording asserts a loose link.,borderline
apt-0297,Denzil Price Marshall Jr.,Denzil Price,Marshall,U.S. district judge,law,U.S. District Court for the Eastern District of Arkansas,United States,1963,,semantic,3,Marshall,"Marshall denotes a law-enforcement officer, apt for a federal trial judge.",English occupational surname,unknown,https://www.fjc.gov/history/judges/marshall-denzil-price-jr,https://www.etymonline.com/word/marshal,,,verified
apt-0298,Derek Jeter,Derek,Jeter,MLB shortstop,sports,New York Yankees,United States,1974,,translation,3,Jeter,"His surname derives from French jeter meaning to throw, central to a shortstop's job.",From Old French jeter (to throw),unknown,https://www.baseball-reference.com/players/j/jeterde01.shtml,https://archive.nytimes.com/cityroom.blogs.nytimes.com/2011/09/01/when-a-persons-name-means-what-it-says/,https://www.providencejournal.com/story/opinion/2019/03/07/my-turn-gerry-goldstein-when-name-fits-game/53183563007/,Audit: French jeter etymology is sourced but requires explanation; canonical 4 overstated.,verified
apt-0299,Derek Kickett,Derek,Kickett,Australian rules footballer,sports,Sydney Swans,Australia,1969,,semantic,4,Kickett,"His surname Kickett evokes kicking, the core skill of Australian rules football.",,birth_name,https://en.wikipedia.org/wiki/Derek_Kickett,,https://www.topendsports.com/fun/names/apt.htm,179 goals in 152 games; indigenous pioneer. Flagged automatically: connection wording asserts a loose link.,borderline
apt-0300,Derrick Tooth,Derrick,Tooth,urologist,medicine,,United States,,,wordplay,4,Tooth,"Tooth is a homophone of truth but also evokes biting, in a urology context suggesting testicle slang.",,unknown,https://npiregistry.cms.hhs.gov/,,https://npiregistry.cms.hhs.gov/,Verified urologist via NPI registry name-first search. Audit: Connection invents tooth/truth/testicle wordplay with no defensible etymology or homophone link.,rejected
apt-0301,Des Britten,Des,Britten,Anglican priest and chef,religion,Wellington City Mission,New Zealand,1937,2020,semantic,4,Britten,He was both a celebrity television chef and an Anglican priest and city missioner.,,birth_name,https://en.wikipedia.org/wiki/Des_Britten,,,Knighted 2012; Wellington City Missioner 1994–2011.,verified
apt-0302,Deward Dopson,Deward,Dopson,NBA center,sports,Minneapolis Lakers,United States,1929,2015,phonetic,4,Swish,His nickname Swish names the sound of a perfect shot.,,professional_name,https://www.basketball-reference.com/players/d/dopsode01.html,,,"Known by nickname Swish. Audit: Swish was a nickname awarded for his shooting, so the name describes the achievement rather than anticipating it.",rejected
apt-0303,Dewey Hopper,Dewey,Hopper,television weatherman,weather,KPNX Phoenix,United States,,,semantic,3,Dewey,His first name Dewey evokes dew and moisture in desert monsoon coverage.,,unknown,https://hutchnews.com/story/news/local/arizona-weather/2018/07/10/haboob-definition-meaning-name-dust-storm-wind-monsoon/770406002/,https://en.wiktionary.org/wiki/dew,,KPNX weatherman 1973–1984; cited in haboob explainer. Flagged automatically: connection wording asserts a loose link.,borderline
apt-0304,Diana Woei,Diana,Woei,television meteorologist,weather,Omroep Flevoland,Netherlands,1965,,translation,2,Woei,"Woei evokes waaien (to blow) in Dutch, loosely fitting a weather presenter.",Dutch: waaien (to blow),unknown,https://wiki.beeldengeluid.nl/index.php/Diana_Woei,https://en.wiktionary.org/wiki/waaien,https://onzetaal.nl/educatie/ik-zit-op-de/basisschool/bijzondere-woorden/aptoniem,Surname is also Chinese; wind link is folk etymology. Audit: Notes already flag Woei/waaien as folk etymology; Dutch wiki confirms meteorologist but wind link is unsourced invention.,borderline
apt-0305,Dick Campion,Dick,Campion,swimmer,sports,,United Kingdom,1941,,wordplay,2,Campion,"Campion resembles champion, a faint fit for an Olympic 1500 m finalist and marathon swimmer.",,unknown,https://www.olympedia.org/athletes/47223,,,,borderline
apt-0306,Dick Gunn,Dick,Gunn,boxer,sports,,United Kingdom,1871,1961,semantic,3,Gunn,"Gunn evokes a gun, loosely apt for a featherweight boxing gold medalist.",,unknown,https://www.olympedia.org/athletes/3419,,,Later served as an Olympic boxing referee. Flagged automatically: connection wording asserts a loose link.,borderline
apt-0307,Dick Pole,Dick,Pole,MLB pitcher,sports,Boston Red Sox,United States,1950,,wordplay,2,Pole,His surname evokes the foul pole at the edge of the field.,,unknown,https://www.baseball-reference.com/players/p/poledi01.shtml,,,Flagged automatically: connection wording asserts a loose link.,borderline
apt-1278,Dickie Bird,Dickie,Bird,cricket umpire,sports,England and Wales Cricket Board,England,1933,2025,semantic,4,Bird,Bird names the cricket umpire who stood in 66 Test matches and 69 one-day internationals.,,birth_name,https://en.wikipedia.org/wiki/Dickie_Bird,,https://en.wikipedia.org/wiki/Aptronym,Birth name Harold Dennis Bird; school nickname Dickie.,verified
apt-0308,Dietmar Schütze,Dietmar,Schütze,football striker,sports,Hallescher FC Chemie,Germany,1962,,translation,4,Schütze,"Schütze means shooter in German, matching a striker's role.",German: shooter,birth_name,https://de.wikipedia.org/wiki/Dietmar_Sch%C3%BCtze,https://en.wiktionary.org/wiki/Sch%C3%BCtze,,GDR Oberliga striker; six goals in 1988-89. Audit: Person source was de.zxc.wiki (unacceptable); replaced with German Wikipedia.,verified
apt-0309,Dixie Dean,Dixie,Dean,football striker,sports,Everton,England,1907,1980,semantic,3,Dean,"He scored 125 headed goals, among the highest totals in football history.",,birth_name,https://en.wikipedia.org/wiki/Dixie_Dean,,https://finter.dk/most-headed-goals-in-football-history-ronaldo-crouch-klose-and-the-greatest-heading-records/,Scored 60 league goals in 1927-28. Audit: Dean does not mean header; connection substitutes headed-goal stats for a name link.,rejected
apt-0310,Dmitri Medvedev,Dmitri,Medvedev,prime minister,politics,Government of Russia,Russia,1965,,translation,3,Medvedev,Medvedev means bear's son in Russian.,Russian: bear,birth_name,https://en.wikipedia.org/wiki/Dmitry_Medvedev,https://en.wiktionary.org/wiki/medved,,Semantic animal surname not occupational. Audit: Medvedev means bear's son; semantic animal surname with no occupational or role fit.,rejected
apt-0311,Doc Strong,Doc,Strong,freestyle wrestler,sports,,United States,1916,1952,semantic,4,Strong,"Strong suggests physical power, apt for an Olympic lightweight wrestler.",,pseudonym,https://www.olympedia.org/athletes/60773,,,Birth name Harley de Witt Strong Jr.; nickname Doc. Flagged automatically: connection wording asserts a loose link.,borderline
apt-0312,Doctor Willard Bliss,Doctor,Bliss,physician,medicine,,United States,1825,1889,direct,5,Doctor,"His given name is literally Doctor, and he became a physician.",,legal_name,https://en.wikipedia.org/wiki/Doctor_Willard_Bliss,,https://en.wikipedia.org/wiki/Aptronym,Parents named him Doctor Willard Bliss after the physician who delivered him; confirmed NYT 9 July 1881.,verified
apt-0313,Dominique Dropsy,Dominique,Dropsy,goalkeeper,sports,,France,1951,2015,semantic,4,Dropsy,"Dropsy suggests dropping the ball, relevant to a goalkeeper.",,birth_name,https://en.wikipedia.org/wiki/Dominique_Dropsy,,http://news.bbc.co.uk/today/hi/today/newsid_9664000/9664697.stm,Flagged automatically: connection wording asserts a loose link.,borderline
apt-0314,Dominique Soin,Dominique,Soin,physician,medicine,,France,,,translation,4,Soin,Soin means care in French; he practises as a médecin.,French: care,unknown,https://fatrazie.com/aptonyme-2/3-exemples-d-aptonymes,https://fr.wiktionary.org/wiki/soin,https://fatrazie.com/aptonyme-2/51-aptonymes-2,Listed in French aptonym registry. Audit: Fatrazie registry only; no independent physician profile beyond aptonym list.,borderline
apt-0315,Don Black,Don,Black,white supremacist,politics,,United States,1933,,ironic,4,Black,His surname names a color associated with his racist ideology's targets.,,birth_name,https://en.wikipedia.org/wiki/Don_Black_(white_supremacist),,https://en.wikipedia.org/wiki/Aptronym,Inaptronym.,verified
apt-0316,Don Popadick,Don,Popadick,indecent exposure defendant,crime,,Canada,,,wordplay,5,Popadick,"His surname is slang for exposing oneself, matching his arrest.",,unknown,https://www.sevendaysvt.com/arts-culture/aptronyms-2014-are-descriptive-monikers-coincidence-or-fate-2488690/,,https://www.sevendaysvt.com/arts-culture/aptronyms-2014-are-descriptive-monikers-coincidence-or-fate-2488690/,,verified
apt-0317,Donald R. Wesson,Donald,Wesson,addiction medicine physician,medicine,University of California San Diego Medical Center,United States,,,wordplay,5,Wesson,"Wesson paired with David Smith forms Smith & Wesson, the gunmaker, in substance-abuse research.",,unknown,https://doi.org/10.1080/02791072.1972.10471491,,https://doi.org/10.1001/jama.1993.03500130051024,Co-author with David E. Smith; cited in Balestra JAMA letter on nominative determinism.,verified
apt-0318,Donald Trump,Donald,Trump,President of the United States,politics,The Trump Organization,United States,1946,,semantic,3,Trump,"His surname matches the trump card that beats all others, echoing his branding around winning.",English: trump (card games),birth_name,https://en.wikipedia.org/wiki/Donald_Trump,https://en.wiktionary.org/wiki/trump,https://en.wikipedia.org/wiki/Aptronym,"Family name was Drumpf. / Aptronym cited for trump card meaning. Audit: Trump card winning for dealmaker is card-game pun on famous surname, not occupation fit.",rejected
apt-0319,Dorothea Dix,Dorothea,Dix,nurse reformer,medicine,,United States,1802,1887,other,2,Dix,Dix offers no documented link to her asylum and battlefield nursing reforms.,,birth_name,https://en.wikipedia.org/wiki/Dorothea_Dix,,,Superintendent of Union Army nurses.,borderline
apt-0320,Dorothea Lange,Dorothea,Lange,photographer,arts,,United States,1895,1965,translation,3,Lange,"Lange means long in German, apt for her sweeping documentary frames.",German: long,professional_name,https://en.wikipedia.org/wiki/Dorothea_Lange,https://en.wiktionary.org/wiki/lang,,Migrant Mother photographer. Audit: Lange means long in German for documentary frames is weak translation on photographer. Wikipedia gives the birth name as Dorothea Margaretta Nutzhorn.,rejected
apt-0321,Doug Bowser,Doug,Bowser,Nintendo of America president,business,Nintendo of America,United States,1961,,other,1,Bowser,Listed mainly because he shares a name with Nintendo's Mario villain.,,birth_name,https://en.wikipedia.org/wiki/Doug_Bowser,,https://en.wikipedia.org/wiki/Aptronym,"Rejected: name link is to fictional character, not his executive role.",rejected
apt-0322,Douglas Given,Douglas,Given,earthquake early warning coordinator,science,U.S. Geological Survey,United States,,,wordplay,2,Shake,"He coordinates ShakeAlert, linking his work to seismic shaking rather than his surname.",,unknown,https://www.usgs.gov/news/state-news-release/shakealert-path-west-coast-earthquake-early-warning-how-a-few-seconds-can,https://en.wiktionary.org/wiki/shake,,ShakeAlert coordinator; surname Given is not etymologically apt. Audit: usgs.gov/staff-profiles/douglas-given 404; USGS news release identifies Doug Given as USGS Geophysicist and Earthquake Early Warning Coordinator for ShakeAlert.,borderline
apt-0323,Douglas Hart,Douglas,Hart,cardiologist,medicine,,United States,,,phonetic,2,Hart,"Hart is a homophone of heart, the organ studied in cardiology.",,unknown,https://npiregistry.cms.hhs.gov/,,https://doi.org/10.1308/147363515X14134529299420,Hart in Limb et al. 2015 cardiology surname list. Audit: person_source_url is NPI registry homepage only; confirms licence exists but not specialty or employer from this URL.,probable
apt-0324,Douglas Sharp,Douglas,Sharp,anesthesiologist,medicine,,United States,,,semantic,2,Sharp,Sharp suggests needles used for injections in anaesthesia.,,unknown,https://npiregistry.cms.hhs.gov/,,,Audit: person_source_url is NPI registry homepage only; confirms licence exists but not specialty or employer from this URL. Flagged automatically: connection wording asserts a loose link.,borderline
apt-0325,Duncan D. Hunter,Duncan,Hunter,U.S. representative,politics,United States House of Representatives,United States,1977,,semantic,3,Hunter,His surname Hunter matches his service as a Marine artillery officer before Congress.,,birth_name,https://en.wikipedia.org/wiki/Duncan_D._Hunter,,,Son of Duncan Hunter.,verified
apt-0326,Duncan Gay,Duncan,Gay,transport minister,politics,,Australia,,,ironic,4,Gay,"As minister he removed Sydney's rainbow crossing, ironic with his surname.",,unknown,https://www.theguardian.com/media/mind-your-language/2014/oct/31/mind-your-language-nominative-determinism,,https://www.theguardian.com/media/mind-your-language/2014/oct/31/mind-your-language-nominative-determinism,,probable
apt-0327,Duncan Hunter,Duncan,Hunter,U.S. representative,politics,United States House of Representatives,United States,1948,2020,semantic,3,Hunter,His surname Hunter fits a Marine Corps veteran who served on the Armed Services Committee.,,birth_name,https://en.wikipedia.org/wiki/Duncan_Hunter,,,,verified
apt-0328,Dustin Partridge,Dustin,Partridge,ornithologist,science,NYC Bird Alliance,United States,,,semantic,5,Partridge,His surname names a bird species he studies.,,unknown,https://www.theguardian.com/lifeandstyle/2024/sep/17/aptronym-job-normative-determinism,,https://www.theguardian.com/lifeandstyle/2024/sep/17/aptronym-job-normative-determinism,,verified
apt-0329,Dwight F. Wolfe,Dwight,Wolfe,veterinarian,medicine,Auburn University College of Veterinary Medicine,United States,,,semantic,3,Wolfe,Wolfe names a wild canine species treated by veterinarians.,,unknown,https://www.vetmed.auburn.edu/faculty/wolfe-dwight-f/,,,,verified
apt-0330,Early Wynn,Early,Wynn,baseball pitcher,sports,,United States,1920,1999,phonetic,4,Wynn,Win is what pitchers strive for; he won 300 games.,,birth_name,https://en.wikipedia.org/wiki/Early_Wynn,,https://en.wikipedia.org/wiki/Aptronym,,verified
apt-0331,Ebenezer Emmons,Ebenezer,Emmons,geologist,science,Geological Survey of North Carolina,United States,1799,1863,translation,4,Ebenezer,Ebenezer means stone of help in Hebrew apt for a physician-geologist who named the Adirondacks.,Hebrew: eben (stone) + ezer (help),birth_name,https://en.wikipedia.org/wiki/Ebenezer_Emmons,https://www.etymonline.com/word/Ebenezer,https://www.umb.edu.pl/photo/pliki/progress-file/phs/phs_2013_2/171-174_ohry.pdf,First ascent of Mount Marcy; father of American geology.,verified
apt-0332,Ed Currie,Ed,Currie,chili pepper breeder,food,,United States,1963,,semantic,3,Currie,"Curry dishes commonly use chili peppers, his breeding specialty.",,birth_name,https://en.wikipedia.org/wiki/Ed_Currie,,https://en.wikipedia.org/wiki/Aptronym,,verified
apt-0333,Ed Poles,Ed,Poles,Eastern Colored League infielder,sports,Baltimore Black Sox,United States,,1932,wordplay,3,Poles,His surname evokes the foul poles that define fair territory.,,unknown,https://www.baseball-reference.com/players/p/polesed01.shtml,,,Flagged automatically: connection wording asserts a loose link.,borderline
apt-0334,Eddy Carmack,Eddy,Carmack,oceanographer,science,Fisheries and Oceans Canada,Canada,,,semantic,5,Eddy,His forename Eddy names ocean eddies fitting an oceanographer who studies Arctic current systems.,,unknown,https://doi.org/10.1016/j.dsr2.2008.08.020,,https://www.neatorama.com/2013/03/19/The-Name-Number-for-Geology-and-for-Other-Professions/,Research on Arctic Ocean circulation.,verified
apt-0335,Edgar Allan Poe,Edgar Allan,Poe,writer and poet,arts,,United States,1809,1849,phonetic,2,Poe,"Poe sounds like po, a faint echo of the gloom in his Gothic tales.",,birth_name,https://en.wikipedia.org/wiki/Edgar_Allan_Poe,,,Audit: Poe sounds like po for Gothic gloom is invented phonetics.,rejected
apt-0336,Edgar Kaal,Edgar,Kaal,hairdresser,trades,Kapsalon Edgar Kaal,Netherlands,,,translation,4,Kaal,Kaal means bald in Dutch; he runs a barber shop.,Dutch: bald,unknown,https://www.berghapedia.nl/index.php/Klinkerstraat,https://en.wiktionary.org/wiki/kaal,https://www.dbnl.org/tekst/dela012alge01_01/dela012alge01_01_05592.php,"Runs Kapsalon Edgar Kaal in 's-Heerenberg. Only the salon is documented, in a local-history wiki and trade directories; there is no independent biography of the man, so this is capped at borderline. Audit: His salon's site no longer resolves. The replacement sources document the business rather than the individual, which is not enough for verified.",borderline
apt-0337,Édouard Manet,Édouard,Manet,painter,arts,,France,1832,1883,translation,3,Manet,"Manet is Latin for he remains, apt for a painter who stayed at the edge of tradition.",Latin: he remains,birth_name,https://en.wikipedia.org/wiki/%C3%89douard_Manet,https://en.wiktionary.org/wiki/manet,,Latin tag manet used in classical texts. Audit: Manet Latin he remains for edge-of-tradition painter is folk Latin pun not etymology.,rejected
apt-0338,Sir Edward Coke,Edward,Coke,jurist and Attorney General,law,,England,1552,1634,phonetic,3,Coke,Coke is pronounced cook in his era a faint homophone echo for the author of Institutes of the Lawes of England.,English surname Coke (cook homophone),birth_name,https://en.wikipedia.org/wiki/Edward_Coke,,,Prosecuted Gunpowder Plotters. Flagged automatically: connection wording asserts a loose link.,borderline
apt-0339,Edward Frederick Counsell,Edward Frederick,Counsell,Barrister,law,Unity Street Chambers,United Kingdom,,,direct,5,Counsell,"His surname is counsel, the role barristers perform in court.",English legal term surname,unknown,https://www.barstandardsboard.org.uk/barristers-register/F004680F94431C73A03715E6F64B51DD.html,,https://www.counselmagazine.co.uk/articles/the-name-of-the-law,Called 1990; family of lawyers and judges.,verified
apt-0340,Edward Jenner,Edward,Jenner,physician,medicine,,England,1749,1823,other,2,Jenner,Jenner offers no clear English occupational link though he pioneered smallpox vaccination.,,birth_name,https://en.wikipedia.org/wiki/Edward_Jenner,,,Kept for historical medicine set; aptronym fit is weak.,borderline
apt-0341,Edward Keelan,Edward,Keelan,consultant cardiologist,medicine,Mater Misericordiae University Hospital,Ireland,,,phonetic,2,Keelan,"Keelan echoes Keaney, lead author surname in the same bradycardia nominative-determinism paper.",,unknown,https://www.bmj.com/content/347/bmj.f6627,,https://doi.org/10.1136/bmj.f6627,Audit: Connection fabricates link to Keaney co-author surname; no cardiac homophone in Keelan.,rejected
apt-0342,Edward Major,Edward,Major,U.S. Army colonel,military,United States Army,United States,,,semantic,4,Major,"His surname matches his retired rank of colonel, one step above major.",,unknown,https://www.linkedin.com/in/edward-major-b5930836,,,LinkedIn as primary source; rank confirmed in profile. Audit: Primary source is LinkedIn only; unacceptable per research brief for person verification.,rejected
apt-0343,Edward Tatum,Edward,Tatum,geneticist,science,,United States,1909,1975,wordplay,3,Tatum,Tatum spelled backwards reads mutate fitting a Nobel geneticist who induced mutations.,,birth_name,https://en.wikipedia.org/wiki/Edward_Tatum,,https://en.wikipedia.org/wiki/Nominative_determinism,Reverse-name wordplay noted in New Scientist.,verified
apt-0344,Edwin Ford Hunter Jr.,Edwin Ford,Hunter,U.S. district judge,law,U.S. District Court for the Western District of Louisiana,United States,1911,2002,semantic,3,Hunter,His surname fits a jurist who spent decades adjudicating criminal and civil disputes.,English occupational surname,unknown,https://www.fjc.gov/history/judges/hunter-edwin-ford-jr,https://www.etymonline.com/word/hunt,,,verified
apt-0345,Edwin Kist,Edwin,Kist,funeral director,other,Edwin Kist Uitvaartverzorging,Netherlands,,,translation,5,Kist,Kist means coffin in Dutch; he runs a funeral home.,Dutch: coffin,unknown,https://edwinkist.nl/edwin-kist/,https://en.wiktionary.org/wiki/kist,https://onzetaal.nl/educatie/ik-zit-op-de/basisschool/bijzondere-woorden/aptoniem,,verified
apt-0346,Eleanor Laws KC,Eleanor,Laws,Barrister,law,QEB Hollis Whiteman,United Kingdom,,,direct,5,Laws,"Her surname is laws, matching her career as a leading criminal silk at the English Bar.",English common noun surname,unknown,https://chambers.com/lawyer/eleanor-laws-kc-uk-bar-14:233618,,https://www.counselmagazine.co.uk/articles/the-name-of-the-law,Specialises in serious crime; QC/KC.,verified
apt-0347,Elizabeth Blackwell,Elizabeth,Blackwell,physician,medicine,,United States,1821,1910,wordplay,2,Blackwell,Blackwell suggests a dark well a faint echo for the first woman to earn a U.S. medical degree.,English topographic surname,birth_name,https://en.wikipedia.org/wiki/Elizabeth_Blackwell,,,First woman MD in the United States (1849). Audit: Blackwell/dark well link is admitted faint echo.,borderline
apt-0348,Elizabeth Fisher,Elizabeth,Fisher,environmental law scholar,science,University of Oxford,United Kingdom,,,semantic,3,Fisher,Fisher names one who fishes loosely apt for an environmental lawyer focused on natural resources.,,unknown,https://www.law.ox.ac.uk/people/liz-fisher,,,Professor of environmental law; weak fit. Audit: law.ox.ac.uk/people/elizabeth-fisher 404; Oxford Law Faculty lists Professor Liz Fisher (Elizabeth Fisher) as Professor of Environmental Law.,borderline
apt-0349,Elizabeth S. Cochran,Elizabeth,Cochran,seismologist,science,U.S. Geological Survey,United States,,,wordplay,3,Quake,She co-founded the Quake Catcher Network while studying earthquakes for ShakeAlert.,,unknown,https://www.usgs.gov/staff-profiles/elizabeth-s-cochran,https://en.wiktionary.org/wiki/quake,,Surname not apt; connection via Quake Catcher Network project name.,borderline
apt-0350,Elizabeth Warren,Elizabeth,Warren,U.S. senator,politics,United States Senate,United States,1949,,semantic,2,Warren,"Warren can mean a guarded enclosure, a weak echo for a consumer-protection senator.",English: warren (enclosure),birth_name,https://en.wikipedia.org/wiki/Elizabeth_Warren,https://www.etymonline.com/word/warren,,Audit: Agent admitted Warren as intentional score-2 padding; warren (enclosure) is a common surname with no pointed fit.,rejected
apt-0351,Elizabeth Weatherhead,Elizabeth,Weatherhead,climatologist,weather,,United States,,,semantic,4,Weatherhead,Her surname combines weather with head of research.,,unknown,https://slate.com/news-and-politics/2005/12/charol-shakeshaft-topped.html,,https://slate.com/news-and-politics/2005/12/charol-shakeshaft-topped.html,,probable
apt-0352,Ellis Gardner,Ellis,Gardner,NFL offensive lineman,sports,Indianapolis Colts,United States,1961,,wordplay,3,Gardner,His surname evokes tending the field like a gardener.,,unknown,https://www.pro-football-reference.com/players/G/GardEl20.htm,,,Flagged automatically: connection wording asserts a loose link.,borderline
apt-0353,Els Suiker,Els,Suiker,diabetes nurse,medicine,,Netherlands,,,translation,4,Suiker,Suiker means sugar in Dutch; she works as a diabetes nurse.,Dutch: sugar,unknown,https://www.538.nl/radio/538-nieuws/artikelen/ferry-kok-die-als-kok-werkt-op-een-ferry-wint-de-eerste-hennie-de-haan-cup,https://en.wiktionary.org/wiki/suiker,https://www.floorzorgt.nl/floor-onderzoekt/hilarisch-deze-zorgmedewerkers-hebben-een-naam-die-past-bij-hun-beroep,Person verified via Radio 538 list only. Audit: Radio 538 list only; diabetes nurse role not confirmed on independent clinic page.,probable
apt-0354,Emilio Botín,Emilio,Botín,bank executive,business,Grupo Santander,Spain,1934,2014,translation,3,Botín,Botín can mean booty or spoils in Spanish; he led Spain's largest bank.,Spanish: booty/spoils,birth_name,https://en.wikipedia.org/wiki/Emilio_Bot%C3%ADn,https://en.wiktionary.org/wiki/bot%C3%ADn,https://verne.elpais.com/verne/2019/10/11/articulo/1570790600_618544.html,El País lists as aptónimo; etymology is leather boot not banking. Audit: Botín booty/spoils for bank CEO; El País notes etymology is leather boot not banking.,rejected
apt-0355,Emily Wines,Emily,Wines,sommelier,food,Court of Master Sommeliers,United States,,,semantic,5,Wines,Her surname names the beverages she judges professionally.,,unknown,https://en.wikipedia.org/wiki/Aptronym,,https://en.wikipedia.org/wiki/Aptronym,,verified
apt-0356,Emmanuel King,Emmanuel,King,Scrabble player,sports,,Sierra Leone,,,semantic,3,King,"King is the highest-scoring chess and Scrabble tile, apt for a Scrabble gold medalist.",,unknown,https://www.switsalone.com/emmanuel-king-secures-sierra-leones-first-gold-at-the-2023-all-african-games/,,,All-African Games 2023 gold.,verified
apt-0357,Endurance Abinuwa,Endurance,Abinuwa,sprinter,sports,,Nigeria,1987,,ironic,4,Endurance,Endurance suggests long-distance running but she sprinted in the 4×100 m relay.,,unknown,https://www.olympedia.org/athletes/121767,,https://www.npr.org/sections/thetorch/2012/07/25/157360922/olympic-athletes-names-endurance-track-moist-swimming-and-a-leeper,Flagged automatically: connection wording asserts a loose link.,borderline
apt-0358,Ennio Morricone,Ennio,Morricone,film composer,arts,,Italy,1928,2020,translation,2,Morricone,"Morricone faintly echoes morire, to die in Italian, apt for his spaghetti-western scores.",Italian: die (morire),birth_name,https://en.wikipedia.org/wiki/Ennio_Morricone,https://en.wiktionary.org/wiki/morire,,Etymology speculative; surname origin uncertain. Audit: Morricone/morire (die) echo is speculative per row notes; invented for spaghetti-western scores.,rejected
apt-1279,Éric Gagné,Éric,Gagné,MLB pitcher,sports,Los Angeles Dodgers,Canada,1976,2004,translation,4,Gagné,"Gagné is French for won, apt for a Cy Young-winning closer who recorded 187 saves.",French: won,birth_name,https://en.wikipedia.org/wiki/%C3%89ric_Gagn%C3%A9,https://en.wiktionary.org/wiki/gagner,,2003 NL Cy Young Award; 84 consecutive saves converted.,verified
apt-0359,Eric Hacker,Eric,Hacker,information security expert,science,Green Mountain Power,United States,,,semantic,4,Hacker,His surname names computer intruders he helps defend against.,,unknown,https://www.sevendaysvt.com/arts-culture/aptronyms-2014-are-descriptive-monikers-coincidence-or-fate-2488690/,,https://www.sevendaysvt.com/arts-culture/aptronyms-2014-are-descriptive-monikers-coincidence-or-fate-2488690/,,probable
apt-0360,Eric Hollies,Eric,Hollies,cricketer,sports,Warwickshire,England,1912,1981,semantic,3,Hollies,He bowled Don Bradman for a duck in Bradman's final Test innings.,,birth_name,https://en.wikipedia.org/wiki/Eric_Hollies,,https://www.espncricinfo.com/story/the-hollies-touch-in-bradman-legend-621480,Leg-spinner; 2323 first-class wickets. Audit: Hollies does not relate to bowling; connection describes Bradman duck incident only.,rejected
apt-0361,Eric Moody,Eric,Moody,airline captain,transport,British Airways,United Kingdom,,2024,semantic,2,Moody,Weak surname link; included as the BA 747 captain who landed safely after volcanic ash engine failure.,,unknown,https://www.bbc.co.uk/news/articles/cm2jzyn29vro,,,Captain of BA Flight 9 in 1982; all 263 aboard survived. Audit: Notes admit weak surname link; included only for BA Flight 9 fame.,rejected
apt-0362,Erik Fish,Erik,Fish,swimmer,sports,Swimming Canada,Canada,1952,,semantic,4,Fish,"Fish live in water, apt for an Olympic medley relay bronze medalist.",,birth_name,https://en.wikipedia.org/wiki/Erik_Fish,,,"Erik J. Fish, backstroke specialist, bronze medallist in the 4x100m medley relay at Munich 1972. Audit: olympics.com blocks automated checks. Replaced with the Wikipedia article, which supplies the birth year and the event.",verified
apt-0363,Erik I. Johnson,Erik,Johnson,director of bird conservation,science,Audubon Louisiana,United States,,,semantic,2,Johnson,"His surname Johnson contains son, faint bird-family pun for a bird conservation director.",,unknown,https://www.audubon.org/people/erik-i-johnson,,,,borderline
apt-0364,Ernst Fast,Ernst,Fast,marathon runner,sports,,Sweden,1881,1959,ironic,3,Fast,"Fast means quick, apt for an Olympic marathon bronze medalist.",,unknown,https://www.olympedia.org/athletes/76143,,,Audit: Fast/quick for a marathon bronze is ironic (distance not speed); was mis-tagged semantic at 5.,verified
apt-0365,Esperanza Spalding,Esperanza,Spalding,jazz bassist and singer,arts,,United States,1984,,translation,3,Esperanza,"Esperanza means hope in Spanish, fitting an optimistic jazz voice.",Spanish: hope,birth_name,https://en.wikipedia.org/wiki/Esperanza_Spalding,https://en.wiktionary.org/wiki/esperanza,,,verified
apt-0366,Ethan Hooker,Ethan,Hooker,rugby union centre,sports,Sharks,South Africa,2003,,ironic,4,Hooker,"His surname is Hooker but he plays centre and wing, not rugby's hooker position.",,birth_name,https://en.wikipedia.org/wiki/Ethan_Hooker,,,Springbok debut 2025; son of Craig Hooker.,verified
apt-0367,Eugene Swift,Eugene,Swift,110 m hurdler,sports,,United States,1964,,semantic,4,Swift,"Swift suggests speed, apt for a 110 m hurdles Olympian.",,unknown,https://www.olympedia.org/athletes/79106,,,Flagged automatically: connection wording asserts a loose link.,borderline
apt-0368,Eugène Terre'Blanche,Eugène,Terre'Blanche,white nationalist leader,politics,,South Africa,1941,2010,translation,4,Terre'Blanche,His surname means white land in French.,French: white land,birth_name,https://en.wikipedia.org/wiki/Eug%C3%A8ne_Terre%27Blanche,https://en.wiktionary.org/wiki/terre,https://en.wikipedia.org/wiki/Aptronym,,verified
apt-0369,Eugenius Outerbridge,Eugenius,Outerbridge,port authority chairman,transport,Port Authority of New York and New Jersey,United States,1867,1932,wordplay,4,Outerbridge,"He namesake of the Outerbridge Crossing, the outermost bridge between New York and New Jersey.",,birth_name,https://en.wikipedia.org/wiki/Eugenius_Harvey_Outerbridge,,https://en.wikipedia.org/wiki/Aptronym,,verified
apt-0370,Evangelista Torricelli,Evangelista,Torricelli,physicist and mathematician,science,,Italy,1608,1647,other,3,Torricelli,Torricelli invented the mercury barometer though his surname has no documented semantic link.,,birth_name,https://en.wikipedia.org/wiki/Evangelista_Torricelli,,,Student of Galileo.,borderline
apt-0371,Faith Popcorn,Faith,Popcorn,marketing consultant,business,,United States,1943,,semantic,2,Popcorn,Her chosen professional surname is a foodstuff and she consulted for the food industry.,,professional_name,https://en.wikipedia.org/wiki/Faith_Popcorn,,https://en.wikipedia.org/wiki/Nominative_determinism,"Audit: Born Faith Plotkin: she adopted the surname Popcorn, so the fit is manufactured rather than coincidental, and her work is trend forecasting rather than confectionery. Wikipedia gives the birth name as Faith Plotkin.",borderline
apt-0372,Farokh Engineer,Farokh,Engineer,cricketer,sports,India,India,1938,,direct,4,Engineer,"His surname is Engineer, a profession name for a wicketkeeper-batsman.",,birth_name,https://en.wikipedia.org/wiki/Farokh_Engineer,,https://www.espncricinfo.com/story/espncricinfo-xi-cricketers-names-that-are-also-professions-722219,India and Lancashire wicketkeeper.,verified
apt-0373,Federico Fellini,Federico,Fellini,film director,arts,,Italy,1920,1993,translation,2,Fellini,"Fellini suggests feline grace, faintly apt for his dreamlike cinema.",Italian: little cat (fellino),birth_name,https://en.wikipedia.org/wiki/Federico_Fellini,https://en.wiktionary.org/wiki/gatto,,Etymology speculative. Audit: Fellini suggests feline grace is speculative; no sourced link between surname and directing.,rejected
apt-0374,Ferdinand Magellan,Ferdinand,Magellan,explorer,science,Crown of Castile,Portugal,1480,1521,other,2,Magellan,Magellan led the first circumnavigation but his surname has no documented voyage-related meaning.,,birth_name,https://en.wikipedia.org/wiki/Ferdinand_Magellan,,,Killed in the Philippines; expedition completed 1522.,borderline
apt-0375,Ferry Kok,Ferry,Kok,ship's cook,food,P&O Ferries,Netherlands,,,translation,5,Kok,Kok means cook in Dutch; he works as a cook on a ferry.,Dutch: cook,unknown,https://www.vrt.be/vrtnws/nl/2021/02/13/ferry-kok/,https://en.wiktionary.org/wiki/kok,https://www.538.nl/radio/538-nieuws/artikelen/ferry-kok-die-als-kok-werkt-op-een-ferry-wint-de-eerste-hennie-de-haan-cup,Hennie de Haan Cup winner 2021.,verified
apt-0376,Fielder Jones,Fielder,Jones,center fielder and manager,sports,Chicago White Sox,United States,1871,1934,direct,5,Fielder,His given name Fielder matches his position as a major league center fielder and player-manager.,Given name Fielder,birth_name,https://en.wikipedia.org/wiki/Fielder_Jones,,https://en.wikipedia.org/wiki/Aptronym,Managed 1906 Hitless Wonders World Series champions.,verified
apt-1280,Fikri Sönmez,Fikri,Sönmez,tailor and mayor,politics,Fatsa,Turkey,1938,1985,translation,4,Terzi,He was widely known as Terzi Fikri because terzi means tailor in Turkish and he worked as a tailor before entering politics.,Turkish: tailor (terzi),birth_name,https://en.wikipedia.org/wiki/Fikri_S%C3%B6nmez,https://tr.wikipedia.org/wiki/Terzi,,Terzi is an epithet rather than his legal surname Sönmez.,verified
apt-0377,Florence Nightingale,Florence,Nightingale,nurse and statistician,medicine,,England,1820,1910,semantic,5,Nightingale,Her surname names the nightingale bird fitting the Lady with the Lamp who reformed nursing.,English: nightingale bird,birth_name,https://en.wikipedia.org/wiki/Florence_Nightingale,https://www.etymonline.com/word/nightingale,,Named after the city of Florence; family surname predates her career.,verified
apt-0378,Forest Townsley,Forest,Townsley,National Park Service ranger,trades,National Park Service,United States,1882,1960,semantic,5,Forest,His first name Forest suited a ranger who spent 27 years as chief ranger in Yosemite.,,unknown,https://www.nps.gov/chic/learn/historyculture/forest-townsley.htm,https://en.wiktionary.org/wiki/forest,,Chief Ranger Yosemite 1916–1943.,verified
apt-0379,Forest Whitaker,Forest,Whitaker,actor,arts,,United States,1961,,semantic,3,Forest,"Forest evokes wilderness, apt for an actor of expansive, rooted performances.",,birth_name,https://en.wikipedia.org/wiki/Forest_Whitaker,,,"Oscar for The Last King of Scotland. Audit: Forest evokes wilderness for actor is given-name metaphor, not aptronym.",rejected
apt-0380,Forrest B. Lee,Forrest,Lee,waterfowl biologist,science,U.S. Fish and Wildlife Service,United States,,2014,semantic,4,Forrest,His first name Forrest names woodlands fitting a waterfowl biologist colleagues called Father Goose.,,unknown,https://owaa.org/remembering-father-goose/,https://en.wiktionary.org/wiki/forest,,"Nickname Father Goose widely used. Audit: First-name aptronym is legitimate but score 5 and ""evokes"" overstate a forename-only link.",verified
apt-0381,Forrest Hall,Forrest,Hall,forest scientist,science,U.S. Forest Service,United States,,,semantic,5,Forrest,His forename Forrest names a forest fitting a retired U.S. Forest Service scientist.,,unknown,https://www.neatorama.com/2013/03/19/The-Name-Number-for-Geology-and-for-Other-Professions/,,https://www.neatorama.com/2013/03/19/The-Name-Number-for-Geology-and-for-Other-Professions/,Listed in Kevin Krajick Name Number paper; retired USFS.,probable
apt-0382,Frances Crook,Frances,Crook,prison reform campaigner,law,Howard League for Penal Reform,England,1952,,wordplay,4,Crook,Her surname suggests criminals though she advocates prison reform.,,birth_name,https://en.wikipedia.org/wiki/Frances_Crook,,http://news.bbc.co.uk/today/hi/today/newsid_9664000/9664697.stm,Flagged automatically: connection wording asserts a loose link.,borderline
apt-0383,Frances Fry,Frances,Fry,radiation protection scientist,science,National Radiological Protection Board,United Kingdom,1944,2005,semantic,3,Fry,Her surname Fry denotes heating by radiation fitting an NRPB radiation-protection scientist.,,unknown,https://doi.org/10.1088/0952-4746/16/3/007,,https://www.newscientist.com/article/mg14419546-200-feedback/,"New Scientist listed Francis Fry; person is Frances Fry. Audit: Fry/heating link uses ""suggests""—weak semantic stretch.",verified
apt-0384,Francine Prose,Francine,Prose,novelist,arts,,United States,1947,,direct,5,Prose,Her surname is the literary form she writes.,,birth_name,https://en.wikipedia.org/wiki/Francine_Prose,,https://en.wikipedia.org/wiki/Aptronym,Family shortened surname on arrival in the US; did not choose Prose for literary effect.,verified
apt-0385,Francis E. Warren,Francis,Warren,U.S. senator and Medal of Honor recipient,politics,United States Senate,United States,1844,1929,wordplay,3,Warren,Fort Francis E. Warren was renamed for this senator who chaired Military Affairs for 25 years.,,birth_name,https://en.wikipedia.org/wiki/Francis_E._Warren,,https://www.warren.af.mil/About-Us/Base-History/,Audit: Fort Warren was renamed for the senator; the name-to-office link is post-hoc geographic coincidence not an aptronym.,rejected
apt-0386,Francis Moon,Francis,Moon,mechanical engineer,science,Cornell University,United States,,,semantic,3,Moon,Moon names the celestial body whose gravitational pull governs the dynamics he models.,,unknown,https://news.cornell.edu/stories/2007/01/frank-moon-wins-mechanical-engineering-lyapunov-award,,,Joseph C. Ford Professor emeritus; chaotic dynamics specialist.,verified
apt-0387,Frank Baumann,Frank,Baumann,MLB pitcher,sports,Chicago White Sox,United States,1933,2023,wordplay,3,Baumann,"His surname suggests ball man, apt for a pitcher.",,unknown,https://www.baseball-reference.com/players/b/baumafr01.shtml,,,Flagged automatically: connection wording asserts a loose link.,borderline
apt-0388,Frank Beard,Frank,Beard,drummer,arts,ZZ Top,United States,1949,2026,ironic,4,Beard,He was long the only ZZ Top member without a beard.,,birth_name,https://en.wikipedia.org/wiki/Frank_Beard_(musician),,https://en.wikipedia.org/wiki/Aptronym,,verified
apt-0389,Frank Field,Frank,Field,television meteorologist,weather,WABC/WCBS New York,United States,1923,1995,semantic,3,Field,"His surname is the anglicised form of Feld, German for field, and he became one of American television's first weather presenters.",Feld is German for field.,legal_name,https://en.wikipedia.org/wiki/Frank_Field_(meteorologist),https://en.wiktionary.org/wiki/field,https://www.washingtonpost.com/news/capital-weather-gang/wp/2016/03/16/the-20-funniest-and-most-fitting-names-in-weather/,"Birth name Franklyn Feld; semantic reading uses professional surname Field. Audit: Wikipedia gives the birth name as Franklyn Feld, so this is an anglicisation rather than a coincidence; scored down and retyped accordingly. Wikipedia gives the birth name as Franklyn Feld.",probable
apt-0390,Frank Morey Coffin,Frank Morey,Coffin,U.S. court of appeals judge,law,U.S. Court of Appeals for the First Circuit,United States,1919,2009,semantic,3,Coffin,"Coffin evokes burial, a realm criminal appeals and wrongful-death cases confront.",English topographic surname,unknown,https://www.fjc.gov/history/judges/coffin-frank-morey,https://www.etymonline.com/word/coffin,,First Circuit chief judge 1972–1983. Audit: Coffin/burial evokes hedging for common topographic surname. Flagged automatically: connection wording asserts a loose link.,borderline
apt-0391,Frank Turner,Frank,Turner,artistic gymnast,sports,,United Kingdom,1923,2008,semantic,2,Turner,"Turner suggests rotation, loosely apt for a three-time Olympic gymnast.",,unknown,https://www.olympedia.org/athletes/30180,,,Flagged automatically: connection wording asserts a loose link.,borderline
apt-0392,Franz Liszt,Franz,Liszt,composer and pianist,arts,,Hungary,1811,1886,phonetic,2,Liszt,"Liszt resembles list, faintly apt for a prolific composer of études and symphonic poems.",,birth_name,https://en.wikipedia.org/wiki/Franz_Liszt,,,Audit: Liszt resembles list is phonetic padding on prolific composer.,rejected
apt-0393,Fred Astaire,Fred,Astaire,dancer and actor,arts,,United States,1899,1987,phonetic,3,Astaire,"Astaire sounds like stair, apt for a dancer famed for ascending steps.",,professional_name,https://en.wikipedia.org/wiki/Fred_Astaire,,,Born Frederick Austerlitz. Audit: Astaire sounds like stair for dancer is phonetic padding; born Frederick Austerlitz. Wikipedia gives the birth name as Frederick Austerlitz.,rejected
apt-0394,Fred Karr,Fred,Karr,driver's education instructor,education,,United States,,,phonetic,4,Karr,His surname is a homophone of car.,,unknown,https://slate.com/news-and-politics/2005/12/charol-shakeshaft-topped.html,,https://slate.com/news-and-politics/2005/12/charol-shakeshaft-topped.html,,probable
apt-0395,Fred Root,Fred,Root,cricketer,sports,Derbyshire,England,1886,1954,wordplay,3,Root,With wicketkeeper George Beet his dismissals read c Beet b Root on scorecards.,,birth_name,https://en.wikipedia.org/wiki/Fred_Root,,https://www.espncricinfo.com/story/the-worst-test-batsman-and-knowing-your-onions-404806,Three Tests in 1926 Ashes.,verified
apt-0396,Fred Wallace Slaughter,Fred Wallace,Slaughter,U.S. district judge,law,U.S. District Court for the Central District of California,United States,1973,,semantic,3,Slaughter,Slaughter evokes violent crime over which he presided as a prosecutor and state judge.,English occupational surname,unknown,https://www.fjc.gov/history/judges/slaughter-fred-wallace,https://www.etymonline.com/word/slaughter,,Former AUSA and Orange County superior court judge. Audit: Slaughter/violent crime evokes hedging. Flagged automatically: connection wording asserts a loose link.,borderline
apt-0397,Friederike Otto,Friederike,Otto,climate scientist,science,Imperial College London,Germany,,,semantic,1,Otto,Her surname Otto is not weather-related despite leading World Weather Attribution.,,unknown,https://profiles.imperial.ac.uk/f.otto,,,Included at score 1 as stretch; IPCC and WWA lead.,borderline
apt-0398,Fritz Lang,Fritz,Lang,film director,arts,,Germany,1890,1976,translation,3,Lang,"Lang means long in German, apt for the extended running times of his epics.",German: long,birth_name,https://en.wikipedia.org/wiki/Fritz_Lang,https://en.wiktionary.org/wiki/lang,,Directed Metropolis and M. Audit: Lang means long for extended film running times is invented.,rejected
apt-0399,Gabe Pressman,Gabe,Pressman,television journalist,media,WNBC,United States,1924,2017,direct,5,Pressman,Pressman names the press corps he reported for over six decades.,,birth_name,https://en.wikipedia.org/wiki/Gabe_Pressman,,https://en.wikipedia.org/wiki/Aptronym,WNBC legend; Washington Post 2004 obituary profile.,verified
apt-0400,Gaius Julius Caesar,Gaius,Caesar,Roman general and dictator,politics,Roman Republic,Roman Republic,-100,-44,translation,4,Caesar,Caesar may derive from caesaries (long hair) or caesum (cut) per Roman etymological tradition.,Latin: caesaries (hair) per Suetonius,birth_name,https://en.wikipedia.org/wiki/Julius_Caesar,https://en.wiktionary.org/wiki/caesar,,Title became generic for emperor. Audit: Caesar etymology is speculative (hair/cut); no occupational or role fit to general-dictator.,rejected
apt-0401,Gaius Plinius Secundus,Gaius,Plinius,Roman author and naturalist,science,Roman Empire,Roman Empire,23,79,other,3,Plinius,Pliny the Elder wrote Natural History but Plinius is a gentilicium not a descriptive cognomen.,,unknown,https://en.wikipedia.org/wiki/Pliny_the_Elder,,,Died investigating the eruption of Vesuvius.,borderline
apt-0402,Gale Hoffnagle,Gale,Hoffnagle,certified consulting meteorologist,weather,TRC Environmental Corporation,United States,,,semantic,4,Gale,His first name Gale matches the meteorological wind-speed category gale.,,unknown,https://wcdirectory.ametsoc.org/united-states/windsor/service-provider/gale-hoffnagle,https://en.wiktionary.org/wiki/gale,https://www.weather.gov/im/metindex,,verified
apt-0403,Galen,Galen,Galen,physician and anatomist,medicine,,Roman Empire,129,216,other,2,Galen,Galen derives from galene (calm) not an obvious link to his anatomical work.,Greek: galene (calm),birth_name,https://en.wikipedia.org/wiki/Galen,https://en.wiktionary.org/wiki/galene,,Dominant medical authority for fifteen centuries.,borderline
apt-0404,Garland Ellis Burrell Jr.,Garland Ellis,Burrell,U.S. district judge,law,U.S. District Court for the Eastern District of California,United States,1947,,phonetic,3,Burrell,"Burrell sounds like burial, echoing mortality in the criminal docket.",Surname phonetically near bury,unknown,https://www.fjc.gov/history/judges/burrell-garland-ellis-jr,https://www.etymonline.com/word/bury,,Flagged automatically: connection wording asserts a loose link.,borderline
apt-0405,Garlich Von Essen,Garlich,Von Essen,Director general of the European Seed Association,politics,European Seed Association,Germany,,,translation,4,Essen,"Von Essen contains essen, German for eat, fitting a seed-industry lobbyist.",German: eat,unknown,https://www.politico.eu/article/nominative-determinism-brief-history-of-names-that-sound-like-jobs/,https://en.wiktionary.org/wiki/essen,https://www.politico.eu/article/nominative-determinism-brief-history-of-names-that-sound-like-jobs/,,probable
apt-0406,Garth Snow,Garth,Snow,NHL goaltender,sports,New York Islanders,United States,1969,,semantic,4,Snow,His surname matches the cold conditions of outdoor and indoor hockey.,,unknown,https://www.hockey-reference.com/players/s/snowga01.html,,,,verified
apt-0407,Gary Bowser,Gary,Bowser,game console hacker,crime,,United States,,,other,1,Bowser,"Wikipedia cites Nintendo's Mario villain Bowser, not an occupational name link.",,unknown,https://en.wikipedia.org/wiki/Team_Xecuter,,https://en.wikipedia.org/wiki/Aptronym,"Rejected: aptronym reading depends on fictional Super Mario character, not occupation. Audit: Wikipedia Gary_Bowser_(hacker) never existed; Team Xecuter article documents Bowser as Nintendo Switch circumvention-device hacker sentenced 2022.",rejected
apt-0408,Gary Numan,Gary,Numan,musician,arts,,England,1958,,phonetic,3,Numan,"Numan is pronounced like new man, apt for a synth-pop innovator.",,professional_name,https://en.wikipedia.org/wiki/Gary_Numan,,https://en.wikipedia.org/wiki/Aptronym,Birth name Gary Anthony James Webb.,verified
apt-0409,Gary Oldman,Gary,Oldman,actor,arts,,England,1958,,semantic|ironic,3,Oldman,Oldman contrasts with his chameleonic youthfulness on screen.,,birth_name,https://en.wikipedia.org/wiki/Gary_Oldman,,https://en.wikipedia.org/wiki/Aptronym,Often paired in lists with Gary Numan.,verified
apt-0410,Gary Oldman and Gary Numan,Gary,Oldman; Numan,actor and musician pair,arts,,England,1958,,phonetic|wordplay,3,Oldman; Numan,"Gary Oldman and Gary Numan were born thirteen days apart, pairing old man with new man.",,unknown,https://en.wikipedia.org/wiki/Gary_Oldman,,https://en.wikipedia.org/wiki/Aptronym,Paired-name entry; Numan birth name Gary Webb. Audit: Composite entry for two celebrities born days apart; database collects individuals not name pairs.,rejected
apt-0411,Gary Sharp,Gary,Sharp,anesthesiologist,medicine,,United States,,,semantic,2,Sharp,Sharp suggests needles used in anaesthetic injections.,,unknown,https://npiregistry.cms.hhs.gov/,,,Audit: person_source_url is NPI registry homepage only; confirms licence exists but not specialty or employer from this URL. Flagged automatically: connection wording asserts a loose link.,borderline
apt-0412,Gene Roof,Gene,Roof,MLB outfielder and coach,sports,St. Louis Cardinals,United States,1958,,wordplay,3,Roof,His surname echoes the stadium roof above the field he patrolled.,,unknown,https://www.baseball-reference.com/players/r/roofge01.shtml,,,Flagged automatically: connection wording asserts a loose link.,borderline
apt-0413,Gene Shearer,Gene,Shearer,immunologist,science,National Institutes of Health,United States,1937,,semantic,4,Gene,His forename Gene names genetics fitting an NIH immunologist who discovered MHC restriction.,,birth_name,https://en.wikipedia.org/wiki/Gene_Shearer,,https://www.newscientist.com/article/mg14419546-200-feedback/,Forename aptronym cited in New Scientist Feedback.,verified
apt-0414,Geoff Souster,Geoff,Souster,bespoke tailor,trades,Souster and Hicks,United Kingdom,,,translation,5,Souster,"Souster means one who sews, fitting a master tailor in his 60th year in the trade.",Old English: to sew,unknown,https://www.sousterandhicks.com/the-souster-surname.html,https://www.etymonline.com/word/sew,,Founder of Souster and Hicks; father of Wes Souster.,verified
apt-0415,Georg Simon Ohm,Georg,Ohm,physicist,science,,Germany,1789,1854,direct,1,Ohm,The ohm unit of electrical resistance is named directly for him.,,birth_name,https://en.wikipedia.org/wiki/Georg_Ohm,,,Formulated Ohm's law. Audit: The ohm unit was named after Ohm; backwards eponym error.,rejected
apt-0416,George Archibald,George,Archibald,ornithologist and crane conservationist,science,International Crane Foundation,Canada,1946,,other,2,Archibald,"He devoted his career to cranes, but Archibald is not a bird name.",,birth_name,https://en.wikipedia.org/wiki/George_W._Archibald,https://en.wiktionary.org/wiki/crane,https://www.audubon.org/magazine/man-who-saves-cranes,World's leading crane conservationist; surname not apt.,borderline
apt-0417,George Ball-Greene,George,Ball-Greene,tennis player,sports,,United Kingdom,1870,1958,wordplay,4,Ball-Greene,Ball and green are core golf and lawn-tennis terms in his hyphenated surname.,,unknown,http://www.olympedia.org/athletes/1805031,,,Entered but did not start at 1908 Olympics.,verified
apt-0418,George Beet,George,Beet,cricket umpire,sports,Derbyshire,England,1877,1955,wordplay,3,Beet,"With Fred Root bowling, scorecards often showed c Beet b Root.",,birth_name,https://en.wikipedia.org/wiki/George_Beet,,https://www.espncricinfo.com/story/the-worst-test-batsman-and-knowing-your-onions-404806,Derbyshire wicketkeeper; later Test umpire.,verified
apt-0419,George Berkeley,George,Berkeley,Anglican bishop and philosopher,religion,Church of Ireland,Ireland,1685,1753,direct,5,Berkeley,Berkeley was Bishop of Cloyne while developing immaterialist philosophy.,English: bishopric place-name,birth_name,https://en.wikipedia.org/wiki/George_Berkeley,,,Berkeley California named for him; esse est percipi.,verified
apt-0420,George Best,George,Best,football winger,sports,Manchester United,Northern Ireland,1946,2005,semantic,4,Best,"His surname is best, fitting a player widely called one of the greatest ever.",,birth_name,https://en.wikipedia.org/wiki/George_Best,,https://www.topendsports.com/fun/names/apt.htm,Ballon d'Or 1968; European Cup winner.,verified
apt-0421,George Bird Grinnell,George Bird,Grinnell,conservationist and ornithologist,science,Audubon Society / Boone and Crockett Club,United States,1849,1938,semantic,5,Bird,His middle name Bird suits the ornithologist who helped found American conservation.,,birth_name,https://en.wikipedia.org/wiki/George_Bird_Grinnell,https://en.wiktionary.org/wiki/bird,,,verified
apt-1281,George Block,George,Block,minor league catcher,sports,Denver Grizzlies,United States,1886,1949,semantic,4,Block,"Block names blocking the plate, the catcher's job he held in the Western League.",,unknown,https://krispaulw.com/baseball/howard-dbase/playersearch.cgi?PID=P2553,,https://www.diamondsinthedusk.com/uploads/articles/580-Z9w3LKM-JORDAN_Gyp.pdf,Catcher for Denver and St. Paul 1910-1912; later a minor-league manager.,verified
apt-0422,George C. Marshall,George,Marshall,General of the Army and Secretary of State,military,United States Army,United States,1880,1959,semantic|wordplay,4,Marshall,"Marshall denotes a military commander, and contemporaries joked about addressing him as Marshal Marshall.",English: marshal (military commander),birth_name,https://en.wikipedia.org/wiki/George_C._Marshall,https://www.etymonline.com/word/marshal,https://en.wikipedia.org/wiki/Aptronym,Rejected field marshal title to avoid Marshal Marshall.,verified
apt-0423,George Cecil Mort,George Cecil,Mort,Coroner,law,Liverpool Coroner’s Office,United Kingdom,1881,1957,translation,5,Mort,"Mort is French for dead, fitting a physician who spent decades conducting inquests.",French mort (dead),unknown,https://old-merseytimes.co.uk/firebrigadedeaths.html,https://www.etymonline.com/word/mort,https://lookups.pelan.org/home/nominative-determinism,City coroner 1928–1953; Coroners' Society centenary president 1946.,verified
apt-0424,George F. Gunn Jr.,George F.,Gunn,U.S. district judge,law,U.S. District Court for the Eastern District of Missouri,United States,1927,1998,semantic,3,Gunn,Gun names the central weapon in much of the criminal docket over which he presided.,English occupational surname (gunner),unknown,https://www.fjc.gov/history/judges/gunn-george-f-jr,https://www.etymonline.com/word/gun,,Former Missouri Supreme Court justice.,verified
apt-0425,George Francis Train,George Francis,Train,railroad entrepreneur,transport,,United States,1829,1904,direct,5,Train,His surname names the locomotives and railroads he financed across America.,,birth_name,https://en.wikipedia.org/wiki/George_Francis_Train,,https://en.wikipedia.org/wiki/Aptronym,Organized Union Pacific Railroad and Credit Mobilier.,verified
apt-0426,George Jeffreys,George,Jeffreys,Lord Chief Justice,law,King's Bench,England,1645,1689,semantic,2,Jeffreys,Jeffreys presided over the Bloody Assizes after Monmouth's Rebellion earning the nickname Hanging Judge.,,birth_name,"https://en.wikipedia.org/wiki/George_Jeffreys,_1st_Baron_Jeffreys",,,Nickname Hanging Judge is historical epithet not surname pun. Audit: The connection describes the Bloody Assizes and a nickname earned there rather than establishing any link between the surname Jeffreys and judging.,borderline
apt-0427,George Koch,George,Koch,urologist,medicine,Ohio State University Wexner Medical Center,United States,,,phonetic,3,Koch,"Koch sounds like cock, slang for penis, matching his urology practice.",,unknown,https://wexnermedical.osu.edu/find-a-doctor/george-koch-100472415,,https://doi.org/10.1308/147363515X14134529299420,Koch surname listed in Limb et al. 2015 urology examples.,verified
apt-0428,George McGovern,George,McGovern,U.S. senator and presidential nominee,politics,United States Senate,United States,1922,2012,phonetic,4,McGovern,"His surname contains govern, matching decades of governing as senator and presidential candidate.",,birth_name,https://en.wikipedia.org/wiki/George_McGovern,,https://en.wikipedia.org/wiki/Aptronym,McGovern is Irish Gaelic; phonetic link to govern is English-only.,verified
apt-0429,George Miller Beard,George Miller,Beard,neurologist,medicine,,United States,1839,1883,semantic,2,Beard,Beard evokes the barber-surgeon tradition though he popularized the diagnosis neurasthenia.,English: beard; barber-surgeon echo,birth_name,https://en.wikipedia.org/wiki/George_Miller_Beard,https://www.etymonline.com/word/beard,https://www.umb.edu.pl/photo/pliki/progress-file/phs/phs_2013_2/171-174_ohry.pdf,Coined neurasthenia; studied Jumping Frenchmen of Maine. Audit: Beard/barber-surgeon echo is historical stretch. Flagged automatically: connection wording asserts a loose link.,borderline
apt-0430,George Pope,George,Pope,cricketer,sports,Derbyshire,England,1915,1968,semantic,2,Pope,Pope is an ecclesiastical title in the ESPNcricinfo tradesmen XI.,,birth_name,https://en.wikipedia.org/wiki/George_Pope_(cricketer),,https://www.espncricinfo.com/story/espncricinfo-xi-cricketers-names-that-are-also-professions-722219,Derbyshire seam bowler; one Test cap 1947.,verified
apt-0431,George Porter,George,Porter,Catholic archbishop,religion,Archdiocese of Bombay,India,1825,1889,semantic,2,Porter,"Porter denotes one who carries burdens, fitting a missionary archbishop in colonial India.",,unknown,https://www.catholic-hierarchy.org/bishop/bporterg.html,,,Jesuit archbishop of Bombay 1887–1889. Audit: Porter carries burdens for missionary archbishop is invented metaphor.,verified
apt-0432,George Read Sage,George Read,Sage,U.S. district judge,law,U.S. District Court for the Southern District of Ohio,United States,1828,1898,semantic,2,Sage,"Sage suggests the wisdom expected of judges, though the link is moderate.",English virtue noun surname,unknown,https://www.fjc.gov/history/judges/sage-george-read,https://www.etymonline.com/word/sage,,Warren County prosecutor before the bench. Audit: Sage/wisdom virtue surname. Flagged automatically: connection wording asserts a loose link.,borderline
apt-0433,George Stephenson,George,Stephenson,railway engineer,transport,,England,1781,1848,semantic,3,Stephenson,Stephenson built the Rocket locomotive though his surname lacks a direct rail meaning.,,birth_name,https://en.wikipedia.org/wiki/George_Stephenson,,,Father of Railways; built Stockton and Darlington Railway. Audit: Notes state surname lacks direct rail meaning; Father of Railways fame padding.,rejected
apt-0434,George Suttles,George,Suttles,Negro leagues first baseman,sports,Birmingham Black Barons,United States,1900,1966,semantic,3,Mule,His nickname Mule Suttles reflected his powerful hitting like a mule's strength.,,professional_name,https://www.baseball-reference.com/players/s/suttlge01.shtml,,,"Known as Mule Suttles. Audit: Mule was a nickname awarded for his hitting power, as the row's own sentence concedes.",rejected
apt-0435,George Winterling,George,Winterling,chief meteorologist,weather,WJXT Jacksonville,United States,1931,2023,semantic,4,Winter,"His surname Winterling embeds winter, and he created the heat index for summer discomfort.",,birth_name,https://en.wikipedia.org/wiki/George_Winterling,https://en.wiktionary.org/wiki/winter,,Created humiture/heat index at WJXT.,verified
apt-0436,Georgia O'Keeffe,Georgia,O'Keeffe,painter,arts,,United States,1887,1986,phonetic,2,O'Keeffe,"O'Keeffe sounds like OK, faintly apt for an artist of bold affirmative forms.",,birth_name,https://en.wikipedia.org/wiki/Georgia_O%27Keeffe,,,Modernist painter of flowers and New Mexico landscapes. Audit: O'Keeffe sounds like OK is invented homophone for famous painter.,rejected
apt-0437,Gerald A. Priest,Gerald,Priest,Catholic priest,religion,Sacred Heart Parish,United States,1939,2019,direct,5,Priest,His surname is the ecclesiastical office he held for decades as a monsignor.,,unknown,https://www.texarkanagazette.com/obituaries/2019/aug/03/gerald-priest-e275/,,https://www.theledger.com/story/news/2003/07/26/theyve-heard-the-jokes-the-religious-people-with-names-like-sin-priest-pope/26065659007/,Pastor of Sacred Heart Parish Texarkana 1993–2010.,verified
apt-0438,Sir Gerald Henry Gordon,Gerald Henry,Gordon,Sheriff and criminal-law author,law,Sheriffdom of Glasgow and Strathkelvin,United Kingdom,1929,2025,semantic,3,Gordon,"He became Scotland's leading criminal-law authority, authoring The Criminal Law of Scotland.",Scottish surname,unknown,https://www.law.ed.ac.uk/news-events/news/memoriam-sir-gerald-henry-gordon-cbe-kc,,,Sheriff 1976–1999; editor Scottish Criminal Case Reports.,verified
apt-0439,Gerald J. Supina,Gerald J.,Supina,Probate judge,law,Ionia County Probate and Family Court,United States,,,phonetic,4,Supina,"Supina resembles subpoena, the court order compelling testimony in legal proceedings.",Surname phonetically near Latin subpoena,unknown,https://icle.org/modules/directories/contributors/bio.aspx?pnumber=p21169,,https://www.counselmagazine.co.uk/articles/the-name-of-the-law,Retired Ionia County probate judge; ICLE contributor. Flagged automatically: connection wording asserts a loose link.,borderline
apt-0440,Gerard Piqué,Gerard,Piqué,football defender,sports,FC Barcelona,Spain,1987,,wordplay|ironic,4,Bernabeu,"His full name includes Bernabeu, the name of Real Madrid's home ground.",,birth_name,https://en.wikipedia.org/wiki/Gerard_Piqu%C3%A9,,https://www.espn.com/espn/print?id=37577543,Full name Gerard Piqué Bernabeu; Barcelona legend.,verified
apt-0441,Gerhard Weber,Gerhard,Weber,fashion designer,arts,Gerry Weber International,Germany,1941,2020,translation,4,Weber,Weber means weaver in German; he built a major women's fashion house.,German: weaver,birth_name,https://en.wikipedia.org/wiki/Gerhard_Weber_(designer),https://en.wiktionary.org/wiki/Weber,,,verified
apt-0442,Gert Oostindie,Gert,Oostindie,colonial historian,science,Leiden University,Netherlands,1955,,translation,4,Oostindie,Oostindie means East Indies in Dutch; he specialises in Dutch colonial history.,Dutch: East Indies,birth_name,https://en.wikipedia.org/wiki/Gert_Oostindie,https://en.wiktionary.org/wiki/Oost-Indi%C3%AB,https://onzetaal.nl/educatie/ik-zit-op-de/basisschool/bijzondere-woorden/aptoniem,"Wikipedia notes Oostindie may derive from Oosteinde (east end), not Oost-Indië.",probable
apt-0443,Geva Mentor,Geva,Mentor,netball goalkeeper,sports,Leeds Rhinos,England,1984,,semantic,3,Mentor,"A mentor guides others, loosely apt for a veteran goal keeper.",,birth_name,https://en.wikipedia.org/wiki/Geva_Mentor,,,CBE; among the world's best netball defenders. Flagged automatically: connection wording asserts a loose link.,borderline
apt-0444,Gevvie Stone,Gevvie,Stone,rower,sports,,United States,1985,,ironic,3,Stone,"Stones sink in water, ironically opposite to an Olympic rowing silver medalist.",,unknown,https://www.teamusa.com/profiles/gevvie-stone,,,,verified
apt-0445,Gilbert Gardner,Gilbert,Gardner,NFL linebacker,sports,Indianapolis Colts,United States,1981,,wordplay,2,Gardner,His surname evokes tending the field like a gardener.,,unknown,https://www.pro-football-reference.com/players/G/GardGi20.htm,,,Flagged automatically: connection wording asserts a loose link.,borderline
apt-0446,Ginger Zee,Ginger,Zee,chief meteorologist,weather,ABC News,United States,1981,,phonetic|translation,3,Zee,"Her professional surname Zee is Dutch for sea, homophone of the letter C in sea.",Dutch,professional_name,https://en.wikipedia.org/wiki/Ginger_Zee,https://en.wiktionary.org/wiki/zee,,Birth name Ginger Renee Zuidgeest; Zee adopted for broadcast.,verified
apt-0447,Giuseppe Verdi,Giuseppe,Verdi,composer,arts,,Italy,1813,1901,translation,3,Verdi,"Verdi is the Italian word for green, jocularly anglicized as Joe Green by orchestra players.",Italian: green,birth_name,https://en.wikipedia.org/wiki/Giuseppe_Verdi,https://en.wiktionary.org/wiki/verde,https://www.thenewworld.co.uk/joe-green-and-a-name-to-envy/,Color surname; weak link to opera but widely cited pun. Audit: Verdi/green Joe Green orchestra pun is weak color surname unrelated to opera composing.,rejected
apt-0448,Glenn Gould,Glenn,Gould,pianist,arts,,Canada,1932,1982,phonetic,2,Gould,"Gould sounds like gold, a faint echo of golden Bach interpretations.",,birth_name,https://en.wikipedia.org/wiki/Glenn_Gould,,,"Audit: Gould sounds like gold is faint phonetic echo, not aptronym.",rejected
apt-0449,Glenn Seaborg,Glenn,Seaborg,chemist,science,University of California Berkeley,United States,1912,1999,semantic,1,Seaborg,Seaborg contains sea fitting a chemist after whom element seaborgium was named.,,birth_name,https://en.wikipedia.org/wiki/Glenn_T._Seaborg,,,Element seaborgium namesake. Audit: Element seaborgium was named after Seaborg; same backwards eponym logic as SI unit namesakes.,rejected
apt-0450,Gnaeus Julius Agricola,Gnaeus,Agricola,Roman general and governor of Britain,military,Roman Empire,Roman Empire,40,93,translation|ironic,4,Agricola,"Agricola means farmer in Latin, ironic for the general who conquered Britain.",Latin: farmer,birth_name,https://en.wikipedia.org/wiki/Gnaeus_Julius_Agricola,https://en.wiktionary.org/wiki/agricola,,Father-in-law of Tacitus.,verified
apt-0451,Gnaeus Pompeius Magnus,Gnaeus,Magnus,Roman general and triumvir,military,Roman Republic,Roman Republic,-106,-48,translation,5,Magnus,Magnus means great in Latin and was added as a cognomen after his eastern victories.,Latin: magnus (great),unknown,https://en.wikipedia.org/wiki/Pompey,https://en.wiktionary.org/wiki/magnus,,Pompey the Great; rival of Caesar. Audit: Magnus was formally added as cognomen after military victories; name followed deed per Wikipedia.,rejected
apt-0452,Gnaeus Pompeius Strabo,Gnaeus,Strabo,Roman consul and general,military,Roman Republic,Roman Republic,-135,-87,translation,4,Strabo,"Strabo means cross-eyed in Latin, describing the consul's appearance.",Latin: cross-eyed,birth_name,https://en.wikipedia.org/wiki/Gnaeus_Pompeius_Strabo,https://en.wiktionary.org/wiki/strabo,,"Father of Pompey the Great. Audit: Strabo (cross-eyed) was a descriptive cognomen for his appearance, not a coincidental name-to-role fit.",rejected
apt-0453,Gontran Cherrier,Gontran,Cherrier,baker and pastry chef,food,,France,1978,,translation,3,Cherrier,Cherrier relates to cherry in French; he is a fourth-generation boulanger.,Occitan surname related to chairier; no connection to cerise (cherry),birth_name,https://en.wikipedia.org/wiki/Gontran_Cherrier,https://fr.wiktionary.org/wiki/Cherrier,,"Surname etymology is topographic not baker. Audit: Cherrier/cherry for baker; row notes topographic surname not occupational. Audit: Cited name source /wiki/cherrier does not exist. The French Wiktionary surname entry, now cited, gives an Occitan origin unrelated to cherries, which confirms the rejection.",rejected
apt-0454,Gordon Cheeseman,Gordon,Cheeseman,food chemist,science,National Institute for Research in Dairying,United Kingdom,,,semantic,5,Cheeseman,His surname names cheese fitting a dairy chemist who headed the RSC food chemistry group.,,unknown,https://doi.org/10.1007/978-94-011-6740-6_11,,https://www.newscientist.com/article/mg14419546-200-feedback/,Author of Rennet and Cheesemaking chapter.,verified
apt-0455,Gordon Parks,Gordon,Parks,photographer and filmmaker,arts,,United States,1912,2006,semantic,3,Parks,Parks names public green spaces he documented in American life photography.,,birth_name,https://en.wikipedia.org/wiki/Gordon_Parks,,,First major Black Hollywood director. Audit: Parks names green spaces he documented is generic surname reading.,rejected
apt-0456,Gordon Ramsay,Gordon,Ramsay,oven cleaner,trades,Gordon Ramsay's Cleaner Cookers,United Kingdom,,,ironic,5,Ramsay,He shares a name with celebrity chef Gordon Ramsay but cleans ovens instead of cooking in them.,,unknown,https://www.businessinsider.com/man-named-gordon-ramsay-gets-mistaken-for-chef-2021-3,,,Runs Gordon Ramsay's Cleaner Cookers in County Durham since 2009.,verified
apt-1282,Gorō Ishiyama,Gorō,Ishiyama,sumo wrestler,sports,Japan Sumo Association,Japan,1945,,translation,4,Ishiyama,"Ishiyama means stone mountain in Japanese, fitting a sumo wrestler who reached yokozuna.",Japanese: stone mountain,unknown,https://en.wikipedia.org/wiki/Mienoumi_Tsuyoshi,https://ja.wiktionary.org/wiki/%E3%81%84%E3%81%97%E3%82%84%E3%81%BE,,Fought as yokozuna Mienoumi Tsuyoshi; 57th yokozuna.,verified
apt-0457,Gout Gout,Gout,Gout,sprinter,sports,,Australia,2007,,ironic,4,Gout,"Gout is a painful joint disease, ironically opposite to a record-breaking teenage sprinter.",,birth_name,https://en.wikipedia.org/wiki/Gout_Gout,,https://www.espn.com/olympics/story/_/id/45904373/everything-know-gout-gout-australia-next-olympic-track-star-athlete-200m-compared-usain-bolt,Parents intended the name God; misheard at registration.,verified
apt-0458,Gouverneur Kemble,Gouverneur,Kemble,ironworks founder and diplomat,politics,United States,United States,1786,1875,translation,3,Gouverneur,His given name means governor in French though he was an industrialist and consul.,French: governor,birth_name,https://en.wikipedia.org/wiki/Gouverneur_Kemble,https://en.wiktionary.org/wiki/gouverneur,,Grandfather namesake of General G.K. Warren. Audit: Given name means governor in French but he was an industrialist-diplomat who never governed; translation stretch.,rejected
apt-0459,Gouverneur Kemble Warren,Gouverneur,Warren,Union major general,military,United States Army,United States,1830,1882,translation,4,Gouverneur,"His given name means governor in French, though he served as a corps commander not a governor.",French: governor,birth_name,https://en.wikipedia.org/wiki/G._K._Warren,https://en.wiktionary.org/wiki/gouverneur,,Hero of Little Round Top at Gettysburg. Audit: Given name means governor in French but he was a corps commander not a governor; name-to-role mismatch.,rejected
apt-0460,Gouverneur Morris,Gouverneur,Morris,U.S. senator and constitutional draftsman,politics,United States Senate,United States,1752,1816,translation,5,Gouverneur,"His given name means governor in French, though he never held that office.",French: governor,birth_name,https://en.wikipedia.org/wiki/Gouverneur_Morris,https://en.wiktionary.org/wiki/gouverneur,https://en.wikipedia.org/wiki/Aptronym,Wikipedia lists as inaptronym because he never governed. / Primary drafter of the U.S. Constitution's final text.,verified
apt-0461,Graham Onions,Graham,Onions,cricketer,sports,England,England,1982,,semantic,3,Onions,"Onions are a vegetable, an odd fit for an England fast-medium bowler.",,birth_name,https://en.wikipedia.org/wiki/Graham_Onions,,https://www.espncricinfo.com/story/the-worst-test-batsman-and-knowing-your-onions-404806,Durham and England seamer; 9 Test wickets.,verified
apt-0462,Graham Potter,Graham,Potter,football manager,sports,,England,1975,,semantic,3,Potter,"He once played for Stoke City, evoking pottery.",,birth_name,https://en.wikipedia.org/wiki/Graham_Potter,,https://www.nytimes.com/athletic/6524643/2025/08/04/football-names-clubs-managers-arsenal-wenger/,"Audit: Stoke City Potters nickname is club wordplay, not Graham Potter surname meaning.",rejected
apt-0463,Graham Saxby,Graham,Saxby,optics author,science,,United Kingdom,,,semantic,3,Saxby,Saxby authored Practical Holography linking his name to holographic science.,,unknown,https://www.newscientist.com/article/1833344-feedback-238/,,https://www.newscientist.com/article/1833344-feedback-238/,Contributed examples to New Scientist Feedback.,probable
apt-0464,Greg Brewer,Greg,Brewer,winemaker,food,Brewer-Clifton,United States,,,direct,5,Brewer,His surname names the craft of brewing and winemaking he has practised for three decades.,English occupational surname,unknown,https://www.insidewinemaking.com/ep-156-greg-brewer-brewer-clifton,,https://en.wikipedia.org/wiki/Aptronym,Wine Enthusiast Winemaker of the Year 2020. Audit: brewerclifton.com/about/greg-brewer returns 404/500; Inside Winemaking episode confirms Greg Brewer as founder and winemaker at Brewer-Clifton.,verified
apt-0465,Greggmar Swift,Greggmar,Swift,110 m hurdler and track coach,sports,,Barbados,1991,,semantic,4,Swift,Swift suggests speed for a national-record hurdler who later coached track.,,unknown,https://www.olympedia.org/athletes/123264,,https://msubeavers.com/sports/mens-track-and-field/roster/coaches/greggmar-swift/1147,Flagged automatically: connection wording asserts a loose link.,borderline
apt-0466,Gregory Payne,Gregory,Payne,cardiologist,medicine,,United States,,,semantic,2,Payne,Payne suggests chest pain in cardiology practice.,,unknown,https://npiregistry.cms.hhs.gov/,,,Audit: person_source_url is NPI registry homepage only; confirms licence exists but not specialty or employer from this URL. Flagged automatically: connection wording asserts a loose link.,borderline
apt-0467,Gregory Price,Gregory,Price,economist,science,University of New Orleans,United States,,,semantic,3,Price,His surname Price names the economic variable he studies as a professor of economics.,,birth_name,https://en.wikipedia.org/wiki/Gregory_Price_(economist),,,"Gregory N. Price, professor of economics at the University of New Orleans and a former president of the National Economic Association. Audit: The UNO faculty page no longer resolves. Replaced with the Wikipedia article, which confirms the post.",verified
apt-0468,Gus Savage,Gus,Savage,U.S. representative,politics,United States House of Representatives,United States,1925,2015,semantic,2,Savage,His surname Savage glances at the combative style of his long Chicago tenure.,,unknown,https://bioguide.congress.gov/search/bio/S000081,,,Audit: Savage is a common surname; combative-style inference is post-hoc character padding.,rejected
apt-0469,Gustav Mahler,Gustav,Mahler,composer and conductor,arts,,Austria-Hungary,1860,1911,translation,4,Mahler,"Mahler derives from Maler, the German word for painter, though he composed symphonies.",German: painter,birth_name,https://en.wikipedia.org/wiki/Gustav_Mahler,https://en.wikipedia.org/wiki/Mahler_(surname),https://en.wikipedia.org/wiki/Mahler_(surname),Occupational surname; ironic fit to music rather than visual art. Audit: Row admits Mahler derives from Maler (painter) though he composed symphonies; ironic misfit scored 4.,rejected
apt-0470,Gwendolyn Sherard-Bishop,Gwendolyn,Sherard-Bishop,Scrabble player,sports,,United States,,,semantic,3,Bishop,"Bishop is a chess piece, apt for a national Scrabble championship competitor.",,unknown,https://www.scrabbleplayers.org/tourneys/2004/nsc/build/player/4/132.html,,,,verified
apt-0471,Habib El Malki,Habib,El Malki,parliament speaker,politics,House of Representatives,Morocco,1946,,translation,4,Malki,El Malki derives from malik (king) in Arabic; he presided over Morocco's lower house.,Arabic: king,birth_name,https://en.wikipedia.org/wiki/Habib_El_Malki,https://en.wikipedia.org/wiki/Malik,,Audit: El Malki derives from malik (king); common Arabic element padding for a parliament speaker.,rejected
apt-1283,Haji Shaukat Ali Lohar,Haji Shaukat Ali,Lohar,agricultural machinery manufacturer and mayor,politics,Bhawana,Pakistan,,,translation,3,Lohar,Lohar means blacksmith in Urdu and he began his career in ironwork before manufacturing farm machinery.,Urdu/Hindi: blacksmith (lohar),unknown,https://republicreporter.com/2024/02/why-is-the-election-significant-in-pp-97-chiniot-iv-in-the-whole-pakistan/,https://en.wikipedia.org/wiki/Lohar_(caste),https://news.prfree.org/@rafhanshaukat/serving-bhawana-for-a-good-casue-haji-shaukat-ali-lohar-86kpp68jakr4,No Wikipedia biography; verified via Pakistani news coverage of three-term councillor and manufacturer.,probable
apt-0472,Hank Blade,Hank,Blade,NHL left wing,sports,Detroit Red Wings,Canada,,1973,semantic,3,Blade,His surname matches the blade of a hockey stick.,,unknown,https://www.hockey-reference.com/players/b/bladeha01.html,,,,verified
apt-1284,Hank Soar,Hank,Soar,MLB umpire,sports,Major League Baseball,United States,1914,2001,semantic,4,Soar,Soar names the fly balls he tracked as a major-league umpire for 23 seasons.,,birth_name,https://en.wikipedia.org/wiki/Hank_Soar,,https://www.retrosheet.org/downloads/csvumpires.html,Also an NFL running back before umpiring; birth name Albert Henry Soar.,verified
apt-0473,Hans Richter,Hans,Richter,Federal Court of Justice judge,law,Bundesgerichtshof,Germany,1885,1954,translation,5,Richter,Richter means judge in German; he served as a Bundesgerichtshof senate president.,German: judge,birth_name,https://de.wikipedia.org/wiki/Hans_Richter_(Richter),https://en.wiktionary.org/wiki/Richter,,Reichsanwalt and BGH judge.,verified
apt-0474,Hans Zimmer,Hans,Zimmer,film composer,arts,,Germany,1957,2012,translation,3,Zimmer,"Zimmer is German for room, and he scores the rooms of cinema.",German: room,birth_name,https://en.wikipedia.org/wiki/Hans_Zimmer,https://en.wiktionary.org/wiki/Zimmer,,Audit: Zimmer is German for room and he scores the rooms of cinema is meaningless rationalisation.,rejected
apt-0475,Happy Camp,John,Camp,U.S. representative,politics,United States House of Representatives,United States,1905,1963,semantic,3,Camp,"His surname Camp and middle name Happy form camp, apt for a Cherokee Nation congressman from Oklahoma.",,unknown,https://bioguide.congress.gov/search/bio/C000073,,,"Known as Happy Camp. Audit: Happy Camp nickname plus Camp surname is forced wordplay, not a pointed aptronym.",rejected
apt-0476,"Harold ""Jack"" Frost",Harold,Frost,Meteorologist in Charge,weather,National Weather Service Lubbock,United States,,2000,semantic,5,Frost,"His surname Frost is the ice-crystal coating that forms in cold, calm weather.",,unknown,https://www.weather.gov/lub/lubhistory,https://en.wiktionary.org/wiki/frost,,Known as Jack Frost; NWS Lubbock history page.,verified
apt-0477,Harold Wordsworth Barber,Harold Wordsworth,Barber,dermatologist,medicine,,England,1886,1955,wordplay,3,Barber,Barber evokes barber-surgeon tradition fitting an English dermatologist of Barber syndrome.,English: barber,birth_name,https://en.wikipedia.org/wiki/Harold_Wordsworth_Barber,,https://www.umb.edu.pl/photo/pliki/progress-file/phs/phs_2013_2/171-174_ohry.pdf,Middle name Wordsworth is poetic echo not occupational. Audit: Barber/barber-surgeon for dermatologist is moderate. Flagged automatically: connection wording asserts a loose link.,borderline
apt-0478,Harrie Brigham Chase,Harrie Brigham,Chase,U.S. court of appeals judge,law,U.S. Court of Appeals for the Second Circuit,United States,1889,1969,semantic,2,Chase,His surname evokes police and prosecutors chasing suspects through the courts.,English occupational surname,unknown,https://www.fjc.gov/history/judges/chase-harrie-brigham,https://www.etymonline.com/word/chase,,Chief judge 1953–1954. Audit: Chase/pursuit common surname. Flagged automatically: connection wording asserts a loose link.,borderline
apt-0479,Harry Caray,Harry,Caray,MLB broadcaster,sports,Chicago Cubs,United States,1914,1998,phonetic,2,Caray,"His surname is pronounced like carry, as broadcasters carry the action to fans.",unknown,unknown,https://sabr.org/bioproj/person/harry-caray/,,,"Birth name Harry Christopher Carabina. Audit: Source gives birth name Harry Christopher Carabina; Anglicized stage name, not verified birth_name.",probable
apt-0480,Harry Frost,Harry,Frost,NHL right wing,sports,Detroit Red Wings,Canada,,1975,semantic,3,Frost,His surname matches the cold ice surface of hockey.,,unknown,https://www.hockey-reference.com/players/f/frostha01.html,,,,verified
apt-0481,Harry Hill,Harry,Hill,track cyclist,sports,,United Kingdom,1916,2009,semantic,3,Hill,"Hill suggests climbing, apt for an Olympic team pursuit bronze medalist.",,unknown,https://www.olympedia.org/athletes/14749,,,Flagged automatically: connection wording asserts a loose link.,borderline
apt-0482,Harry Houdini,Harry,Houdini,magician and escape artist,arts,,United States,1874,1926,wordplay,2,Houdini,"Houdini echoes French magician Jean Eugène Robert-Houdin, whose name he adapted.",,professional_name,https://en.wikipedia.org/wiki/Harry_Houdini,,,Birth name Erik Weisz. Audit: Houdini adapted Robert-Houdin name deliberately for magic career. Flagged automatically: connection wording asserts a loose link.,borderline
apt-0483,Hastie Eugene Love,Hastie Eugene,Love,Convicted rapist,crime,,United States,,,ironic,4,Love,"Love denotes affection, ironically opposite his 1968 rape convictions and life sentences.",English virtue surname,unknown,https://www.courtlistener.com/opinion/4943823/hastie-eugene-love-v-state/,,https://www.counselmagazine.co.uk/articles/the-name-of-the-law,Love v. State of Tennessee habeas corpus denial 1997.,verified
apt-0484,Hayao Miyazaki,Hayao,Miyazaki,animator and film director,arts,Studio Ghibli,Japan,1941,1972,translation,2,Miyazaki,"Miya means shrine and zaki means cape, a faint fit for an animator of sacred landscapes.",Japanese: shrine + cape,birth_name,https://en.wikipedia.org/wiki/Hayao_Miyazaki,https://en.wiktionary.org/wiki/%E5%AE%AE,,Etymology of surname varies by kanji. Audit: Miya/zaki shrine+cape reading is kanji-speculative per row notes.,rejected
apt-0485,Hazel Counsell,Hazel,Counsell,Family judge,law,Bristol,United Kingdom,,,direct,5,Counsell,"Her surname is counsel, matching her career as a barrister and family judge in Bristol.",English legal term surname,unknown,https://www.bristollawsociety.com/news/the-bristol-bar-from-the-13th-to-the-21st-century-by-christopher-sharp-kc/,,https://www.counselmagazine.co.uk/articles/the-name-of-the-law,First woman member of the Bristol Bar (called 1956); later circuit judge.,verified
apt-0486,Heather Lake,Heather,Lake,weather forecaster,weather,FOX 5 San Diego,United States,,,semantic,4,Lake,Her surname Lake refers to bodies of water relevant to coastal weather reporting.,,unknown,https://fox5sandiego.com/author/heather-lake/,https://en.wiktionary.org/wiki/lake,,BBC topic page used for Matt Taylor; Heather Lake verified via FOX—correction needed,verified
apt-0487,Heather Reid,Heather,Reid,television meteorologist,weather,BBC Scotland,United Kingdom,1967,,wordplay|semantic,4,Heather,"She was branded Heather the Weather, making her first name a direct weather pun.",,birth_name,https://en.wikipedia.org/wiki/Heather_Reid,https://en.wiktionary.org/wiki/heather,,Scottish nickname Heather the Weather widely used in BBC coverage.,verified
apt-0488,Heinrich Amadeus Wolff,Heinrich Amadeus,Wolff,constitutional court judge,law,Federal Constitutional Court,Germany,1965,,translation,4,Wolf,Wolff means wolf in German; he sits on Germany's highest court.,German: wolf,birth_name,https://de.wikipedia.org/wiki/Heinrich_Amadeus_Wolff,https://en.wiktionary.org/wiki/Wolf,,Semantic animal surname not judicial.,verified
apt-0489,Heinrich Hertz,Heinrich,Hertz,physicist,science,,Germany,1857,1894,direct,1,Hertz,The hertz unit of frequency is named directly for the discoverer of radio waves.,,birth_name,https://en.wikipedia.org/wiki/Heinrich_Hertz,,,SI unit namesake. Audit: The hertz unit was named after Hertz; backwards eponym error.,rejected
apt-0490,Helen DeWitt,Helen,DeWitt,novelist,arts,,United States,,,phonetic,3,DeWitt,"DeWitt sounds like de write, fitting a comic novelist.",,birth_name,https://en.wikipedia.org/wiki/Helen_DeWitt,,https://en.wikipedia.org/wiki/Aptronym,Wikipedia aptronym list; New Yorker 2018 profile. Audit: DeWitt sounds like de write is phonetic stretch on novelist.,rejected
apt-0491,Hennie de Haan,Hennie,de Haan,poultry farmers union chair,politics,Nederlandse Vakbond Pluimveehouders,Netherlands,,,translation,5,Haan,Haan means rooster in Dutch; she led the Dutch poultry farmers' union.,Dutch: rooster,unknown,https://www.pluimveeweb.nl/artikel/420482-nalatenschap-hennie-de-haan-het-roer-moet-om/,https://en.wiktionary.org/wiki/haan,https://nl.wikipedia.org/wiki/Aptoniem,No Wikipedia biographical article.,verified
apt-0492,Henning Wind,Henning,Wind,Finn class sailor,sports,,Denmark,1937,2025,semantic,4,Wind,"Wind fills sails, apt for an Olympic dinghy bronze medalist.",,unknown,https://www.olympedia.org/athletes/64176,,,,verified
apt-0493,Henry Armstrong,Henry,Armstrong,boxer,sports,,United States,1912,1988,semantic,3,Armstrong,"Armstrong suggests a strong arm, fitting for a triple-division world champion.",,pseudonym,https://boxrec.com/en/box-pro/9018,,,Born Henry Jackson; took surname Armstrong from mentor Harry Armstrong. Flagged automatically: connection wording asserts a loose link.,borderline
apt-0494,Henry Bessemer,Henry,Bessemer,inventor and engineer,science,,England,1813,1898,semantic,1,Bessemer,The Bessemer steel process he patented in 1856 made his surname synonymous with mass steel production.,Surname Bessemer; Bessemer process eponym,birth_name,https://en.wikipedia.org/wiki/Henry_Bessemer,,,Also invented an early solar furnace and typesetting machine. Audit: Bessemer process was named after Bessemer; the work took the name not the reverse.,rejected
apt-0495,Henry Head,Henry,Head,neurologist,medicine,,United States,1861,1940,semantic,4,Head,His surname names the body part neurologists study.,,birth_name,https://en.wikipedia.org/wiki/Henry_Head,,https://www.chicagotribune.com/1995/05/07/a-field-day-with-aptly-named-workers/,,verified
apt-0496,Henry Hook,Henry,Hook,boxer,sports,,United States,,,semantic,4,Hook,"A hook is a classic boxing punch, apt for a 186-bout professional.",,unknown,https://boxrec.com/en/box-pro/10476,,,Alias Hoosier Hurricane.,verified
apt-0497,Henry I. Baldwin,Henry,Baldwin,research forester,trades,USDA Forest Service Fox Research Forest,United States,1898,1972,semantic,2,Baldwin,"His surname Baldwin contains win, faintly echoing wind in forestry—very weak.",,unknown,https://extension.unh.edu/resource/northern-red-oak-regeneration-biology-and-silviculture,,,First research forester at Fox Research Forest; NH extension dedication. Audit: Baldwin contains win echoing wind is invented substring wordplay.,rejected
apt-1285,Henry Levy,Henry,Levy,elected treasurer and tax collector,politics,Alameda County,United States,,,direct,5,Levy,Levy means to impose a tax and he is the elected county treasurer and tax collector.,English: levy (impose a tax),unknown,https://oaklandside.org/2026/07/07/oakland-names-aptronyms-caen/,https://www.etymonline.com/word/levy,,Elected Alameda County treasurer and tax collector since 2017; surname pronounced Lee-vee.,verified
apt-0498,Henry Seiler Wise,Henry Seiler,Wise,U.S. district judge,law,U.S. District Court for the Eastern District of Illinois,United States,1909,1982,semantic,3,Wise,Wise denotes the judgment federal trial judges are expected to exercise.,English virtue adjective surname,unknown,https://www.fjc.gov/history/judges/wise-henry-seiler,https://www.etymonline.com/word/wise,,Audit: Wise/judgment virtue surname common.,verified
apt-0499,Henry Wadsworth Longfellow,Henry Wadsworth,Longfellow,poet,arts,,United States,1807,1882,wordplay,4,Longfellow,"Longfellow reads as long fellow, apt for a poet of epic American verse.",,birth_name,https://en.wikipedia.org/wiki/Henry_Wadsworth_Longfellow,,https://en.wikipedia.org/wiki/Aptronym,,verified
apt-0500,Herb Score,Herb,Score,MLB pitcher,sports,Cleveland Indians,United States,1933,2008,semantic,4,Score,His surname is the basic unit of baseball offense.,,unknown,https://www.baseball-reference.com/players/s/scorehe01.shtml,,,,verified
apt-0501,Herbert S. Goldstein,Herbert,Goldstein,rabbi,religion,Institutional Synagogue,United States,1890,1970,semantic,4,Goldstein,"Goldstein embeds gold, fitting a rabbi who built one of America's largest Orthodox congregations.",,birth_name,https://en.wikipedia.org/wiki/Herbert_S._Goldstein,,,Founded the Institutional Synagogue in Harlem; OU president 1924–1926.,verified
apt-0502,Herman Dijk,Herman,Dijk,regional water board chair,politics,Waterschap Drents Overijsselse Delta,Netherlands,1955,2019,translation,5,Dijk,Dijk means dike in Dutch; he served as dijkgraaf of a Dutch water board.,Dutch: dike,birth_name,https://nl.wikipedia.org/wiki/Herman_Dijk,https://en.wiktionary.org/wiki/dijk,https://onzetaal.nl/educatie/ik-zit-op-de/basisschool/bijzondere-woorden/aptoniem,,verified
apt-0503,Holly Hunter,Holly,Hunter,actor,arts,,United States,1958,,semantic,3,Hunter,"Hunter suggests pursuit, apt for an actor who hunts nuance in every role.",,birth_name,https://en.wikipedia.org/wiki/Holly_Hunter,,,Oscar for The Piano. Audit: Hunter suggests pursuit for actor is common-word padding.,rejected
apt-0504,Home Run Baker,Frank,Baker,MLB third baseman,sports,Philadelphia Athletics,United States,1886,1963,wordplay,5,Home Run,His nickname Home Run Baker matched his reputation as a power hitter.,,professional_name,https://www.baseball-reference.com/players/b/bakerfr01.shtml,,https://sabr.org/journal/article/when-did-frank-baker-become-home-run-baker/,"Listed as Home Run Baker; birth name John Franklin Baker. Audit: Frank Baker was called Home Run Baker after the home runs he hit in the 1911 World Series. The clearest possible case of a name awarded for the achievement it describes, and it was carrying a score of 5.",rejected
apt-0505,Homer Bush,Homer,Bush,MLB infielder,sports,Toronto Blue Jays,United States,1972,,semantic,4,Homer,His given name Homer is slang for a home run.,,unknown,https://www.baseball-reference.com/players/b/bushho01.shtml,,,,verified
apt-0506,Homer Smoot,Homer,Smoot,MLB center fielder,sports,St. Louis Cardinals,United States,1878,1928,semantic,4,Homer,His given name Homer is slang for a home run.,,unknown,https://www.baseball-reference.com/players/s/smootho01.shtml,,,,verified
apt-0507,Homer Spragins,Homer,Spragins,MLB pitcher,sports,Philadelphia Phillies,United States,1920,2001,semantic,4,Homer,His given name Homer is slang for a home run.,,unknown,https://www.baseball-reference.com/players/s/spragho01.shtml,,,,verified
apt-0508,Homer Thompson,Homer,Thompson,MLB catcher,sports,New York Giants,United States,1891,1953,semantic,4,Homer,His given name Homer is slang for a home run.,,unknown,https://www.baseball-reference.com/players/t/thompho01.shtml,,,,verified
apt-0509,Hosegood (Shooters Hill hosier),,Hosegood,hosier,trades,Shooters Hill district,England,,,direct,3,Hosegood,A hosier surnamed Hosegood was listed at Shooters Hill in the 1888 Kentish Note Book.,English: hose + good,unknown,https://en.wikipedia.org/wiki/Kentish_Note_Book,https://www.etymonline.com/word/hose,https://en.wikipedia.org/wiki/Nominative_determinism,Individual not identified in parish records; Rennick ground rules apply. Audit: Individual not identified; source is Kentish Note Book periodical not a person record.,rejected
apt-0510,Howard Cannon,Howard,Cannon,U.S. senator,politics,United States Senate,United States,1912,2002,semantic,4,Cannon,His surname is Cannon while he chaired Senate Commerce and served as an Air Force Reserve major general.,,birth_name,https://en.wikipedia.org/wiki/Howard_Cannon,,,,verified
apt-0511,Howard J. Bennett,Howard,Bennett,pediatrician,medicine,,United States,,,other,2,Bennett,Bennett authored the JAMA essay documenting physicians with apt surnames rather than having an apt name himself.,,unknown,https://pubmed.ncbi.nlm.nih.gov/1306061/,,https://doi.org/10.1001/jama.268.21.3060,"Author of Calling Dr Doctor (1992), a primary source cataloguing medical aptronyms.",verified
apt-0512,Hubert Cox,Hubert,Cox,urologist,medicine,,United States,,,semantic,2,Cox,"Cox is slang for penis, noted among urologists in Limb et al.",,unknown,https://npiregistry.cms.hhs.gov/,,,Audit: Common surname with glancing link; rubric score 2 not 3.,probable
apt-0513,Hubert Green,Hubert,Green,professional golfer,sports,,United States,1946,2018,semantic,3,Green,Green is the closely mown surface golfers aim to reach.,,birth_name,https://en.wikipedia.org/wiki/Hubert_Green,,,Two major championship wins.,verified
apt-0514,Hubert Legal,Hubert,Legal,EU legal service director-general,law,Council of the European Union Legal Service,France,1954,,direct,5,Legal,"His surname is the English word legal, matching his career as an EU judge and chief legal adviser.",French surname identical to English legal,unknown,https://www.concurrences.com/en/auteur/Hubert-Legal,,https://www.politico.eu/article/legal-by-name-legal-by-nature/,Former Court of First Instance judge; Council Legal Service DG.,verified
apt-0515,Hugh D. Flood,Hugh,Flood,urologist,medicine,University Hospital Limerick,Ireland,,,semantic,4,Flood,"Flood suggests urinary flooding and incontinence, his research specialty.",,unknown,https://www.doctify.com/ie/specialist/hugh-flood,,https://www.bmj.com/content/347/bmj.f6627,Co-author on urological incontinence research cited in Keaney et al. 2013. Flagged automatically: connection wording asserts a loose link.,borderline
apt-0516,Hugh Dick,Hugh,Dick,urologist,medicine,,United States,,,semantic,4,Dick,"Dick is slang for penis, fitting urology.",,unknown,https://npiregistry.cms.hhs.gov/,,https://doi.org/10.1308/147363515X14134529299420,,probable
apt-0517,Hugh Fish,Hugh,Fish,water chemist,science,Thames Water Authority,United Kingdom,1923,1999,semantic,3,Fish,His surname Fish names the aquatic life he helped restore as a Thames water chemist.,,birth_name,https://en.wikipedia.org/wiki/Hugh_Fish,,https://www.newscientist.com/article/mg14419546-200-feedback/,Chairman RSC water chemistry group early 1980s. Audit: Water chemist not ichthyologist; fish returned to Thames but he did not study fish—score 5 overstates authorship-style fit.,verified
apt-0518,Hugh Lennox Bond,Hugh Lennox,Bond,U.S. circuit judge,law,U.S. Circuit Courts for the Fourth Circuit,United States,1828,1893,semantic,3,Bond,Bond denotes the bail bond system central to pretrial criminal procedure.,English status/occupational surname,unknown,https://www.fjc.gov/history/judges/bond-hugh-lennox,https://www.etymonline.com/word/bond,,Presided over Reconstruction-era Ku Klux Klan trials.,verified
apt-0519,Hugh Seymour,Hugh,Seymour,optometrist,medicine,,United Kingdom,,,wordplay,4,Seymour,"Seymour sounds like see more, apt for an optometrist.",,unknown,https://www.standard.co.uk/lifestyle/the-name-game-the-weird-science-of-nominative-determinism-6384728.html,,https://www.newscientist.com/article/2017525-feedback-nominative-determinism-redux/,Confirmed by his son Dan Seymour in Evening Standard 2011.,verified
apt-0520,Hugo Winter,Hugo,Winter,climate commentator,science,,United Kingdom,,,semantic,4,Winter,Winter names the coldest season fitting a climate change commentator.,,unknown,https://www.newscientist.com/article/2017525-feedback-nominative-determinism-redux/,,https://www.newscientist.com/article/2017525-feedback-nominative-determinism-redux/,Paired with Robin Frost in New Scientist Feedback. Audit: Only named in New Scientist Feedback with no authoritative person page; Lancaster event archive URL is dead; person unverifiable.,rejected
apt-0521,Humphry Davy,Humphry,Davy,chemist,science,Royal Institution,England,1778,1829,semantic,1,Davy,The Davy lamp he invented for miners made his surname synonymous with underground safety.,Surname Davy; Davy lamp eponym,birth_name,https://en.wikipedia.org/wiki/Humphry_Davy,,,Invented miner's safety lamp; isolated sodium and potassium. Audit: Davy lamp was named after Davy; backwards eponym—the invention took his name.,rejected
apt-0522,Hunter Henry,Hunter,Henry,NFL tight end,sports,New England Patriots,United States,1994,,semantic,3,Hunter,His first name Hunter suits a tight end hunting seams in zone coverage.,,unknown,https://www.pro-football-reference.com/players/H/HenrHu00.htm,,,,verified
apt-0523,Iain Begg,Iain,Begg,economist,science,London School of Economics,United Kingdom,,,phonetic,3,Begg,Begg phonetically evokes economic begging and fiscal need fitting a political economist.,,unknown,https://www.lse.ac.uk/people/iain-begg,,https://www.newscientist.com/article/mg14419546-200-feedback/,New Scientist listed Ian Begg at Cambridge; person is Iain Begg at LSE. Flagged automatically: connection wording asserts a loose link.,borderline
apt-0524,Ian Bishop,Ian,Bishop,Anglican bishop,religion,Church of England,England,1962,,direct,5,Bishop,His surname is the ecclesiastical office he holds.,,birth_name,https://en.wikipedia.org/wiki/Ian_Bishop_(bishop),,https://en.wikipedia.org/wiki/Aptronym,,verified
apt-0525,Ian McCaskill,Ian,McCaskill,television weather forecaster,weather,BBC,United Kingdom,1938,2016,phonetic,2,McCaskill,"His surname ends in skill, faintly echoing forecast skill, while he presented BBC weather.",,unknown,https://en.wikipedia.org/wiki/Ian_McCaskill,,,Beloved BBC forecaster; aptronym link very weak.,borderline
apt-0526,Ibrahim Al Hammadi,Ibrahim,Al Hammadi,train captain,transport,Etihad Rail,United Arab Emirates,,,semantic,3,Captain,Captain Ibrahim Al Hammadi is the first Emirati train captain on the national passenger railway.,,unknown,https://www.khaleejtimes.com/uae/meet-emirati-train-captain-driving-etihad-rail-journey,,,First Emirati train captain for Etihad Rail passenger service. Audit: name_element is job title Captain not surname; no Al Hammadi etymology supports train captain.,rejected
apt-0527,Ignar Rip,Ignar,Rip,cemetery manager,other,,Netherlands,,,translation,3,Rip,Rip suggests rest in peace in Dutch funeral context; he manages a begraafplaats.,Dutch/English: RIP,unknown,https://www.538.nl/radio/538-nieuws/artikelen/ferry-kok-die-als-kok-werkt-op-een-ferry-wint-de-eerste-hennie-de-haan-cup,https://en.wiktionary.org/wiki/rip,https://www.vrt.be/vrtnws/nl/2021/02/13/ferry-kok/,Rip is acronym stretch; person from Radio 538 list. Audit: Rip/rest-in-peace is an acronym stretch; Rip surname does not mean funeral rest.,rejected
apt-0528,Igor Judge,Igor,Judge,Lord Chief Justice,law,,England,1941,2023,direct,5,Judge,His surname is the judicial office he held.,,birth_name,https://en.wikipedia.org/wiki/Igor_Judge,,https://en.wikipedia.org/wiki/Aptronym,,verified
apt-0529,Increase Mather,Increase,Mather,Puritan minister,religion,Harvard College,United States,1639,1723,semantic,3,Increase,Increase is a Puritan virtue name for spiritual growth fitting a Harvard president and divine.,Puritan virtue name: increase,birth_name,https://en.wikipedia.org/wiki/Increase_Mather,https://en.wiktionary.org/wiki/increase,,Father of Cotton Mather; president of Harvard.,verified
apt-0530,Innocent of Alaska,Ivan,Popov,Orthodox bishop and missionary,religion,Russian Orthodox Church,Russia,1797,1879,translation,4,Popov,Popov derives from pop (priest) in Russian; he was ordained and became Metropolitan of Moscow.,Russian: priest's son,birth_name,https://en.wikipedia.org/wiki/Innocent_of_Alaska,https://en.wiktionary.org/wiki/pop,,Took monastic name Innocent; born Ivan Popov.,verified
apt-0531,Ion Ion,Ion,Ion,electrochemist,science,,Romania,,,semantic,5,Ion,His surname is ion the charged particle central to his electroanalytical chemistry papers.,,unknown,https://doi.org/10.1016/s0022-0728(97)80050-2,,https://en.wikipedia.org/wiki/Nominative_determinism,Author on ferrocene crown ethers in Journal of Electroanalytical Chemistry.,verified
apt-0532,Isaac Newton,Isaac,Newton,physicist,science,,England,1643,1727,direct,1,Newton,The newton unit of force is named directly for the author of the laws of motion.,,birth_name,https://en.wikipedia.org/wiki/Isaac_Newton,,,SI unit namesake. Audit: The newton unit was named after Newton; backwards eponym error.,rejected
apt-0533,Isaac Success,Isaac,Success,football winger,sports,Watford,Nigeria,1996,,ironic,3,Success,His surname is Success but major silverware largely eluded him.,,birth_name,https://en.wikipedia.org/wiki/Isaac_Success,,https://www.espn.com/espn/print?id=37577543,FA Cup runner-up with Watford 2019.,verified
apt-0534,Isambard Kingdom Brunel,Isambard Kingdom,Brunel,civil engineer,transport,,England,1806,1859,other,2,Brunel,Brunel has no documented English link to bridges or railways despite his Great Western Railway.,French surname,birth_name,https://en.wikipedia.org/wiki/Isambard_Kingdom_Brunel,,,Built Clifton Suspension Bridge and SS Great Britain. Audit: Notes state no documented English link to bridges or railways despite engineering fame.,rejected
apt-0535,Itzhak Perlman,Itzhak,Perlman,violinist,arts,,Israel,1945,,translation,2,Perlman,"Perlman means pearl man in German and Yiddish, faintly apt for a polished soloist.",German/Yiddish: pearl + man,birth_name,https://en.wikipedia.org/wiki/Itzhak_Perlman,https://en.wiktionary.org/wiki/Pearl,,Audit: Perlman pearl-man faintly apt for violinist is unsourced Yiddish stretch.,rejected
apt-0536,Ivo Krieg,Ivo,Krieg,Member of the Baden-Württemberg Landtag,politics,Alliance 90/The Greens,Germany,1949,,translation,4,Krieg,"Krieg is German for war, an ironic surname for a Green Party legislator.",German: war,birth_name,https://de.wikipedia.org/wiki/Ivo_Krieg,https://en.wiktionary.org/wiki/Krieg,,,verified
apt-0537,J.R. Smith,J.R.,Smith,NBA guard,sports,Cleveland Cavaliers,United States,1985,,phonetic,3,Swish,His nickname J.R. Swish names the sound of a made basket.,,professional_name,https://www.basketball-reference.com/players/s/smithjr01.html,,,"Earl Smith III; Swish is a nickname. Audit: Swish was a nickname awarded for his shooting, so the name describes the achievement rather than anticipating it.",rejected
apt-0538,Jack Archer,Jack,Archer,sprinter,sports,,United Kingdom,1921,1997,semantic,2,Archer,"Archer means bowman, a distant surname fit for a 4×100 m relay silver medalist.",,unknown,https://www.olympedia.org/athletes/68845,,,,borderline
apt-0539,Jack Brooks,Jack,Brooks,U.S. representative,politics,United States House of Representatives,United States,1922,2012,semantic,2,Brooks,"Brooks suggests a stream, a weak geographic echo for a Judiciary Committee chairman.",,unknown,"https://history.house.gov/People/Listing/B/BROOKS,-Jack-Bascom-(B000880)/",,,Audit: Brooks is a common topographic surname; stream echo is invented padding.,rejected
apt-0540,Jack Christ,Jack,Christ,leadership professor,education,,United States,,,semantic,3,Christ,"His surname evokes Christ, fitting religious leadership studies.",,unknown,https://slate.com/news-and-politics/2005/12/charol-shakeshaft-topped.html,,https://slate.com/news-and-politics/2005/12/charol-shakeshaft-topped.html,Audit: Christ evokes Christ is hedging; common surname for a leadership professor.,rejected
apt-0541,Jack Glasscock,Jack,Glasscock,MLB shortstop,sports,Cleveland Blues,United States,1857,1947,other,2,Glasscock,Nicknamed Pebbly Jack for picking stones from the infield rather than for his surname.,,unknown,https://www.baseball-reference.com/players/g/glassja01.shtml,,,Aptronym reading is weak; included for historical name-notability.,borderline
apt-0542,Jack Hathaway,Jack,Hathaway,astronaut,transport,NASA,United States,,,semantic,2,Hathaway,Weak surname link; included as NASA Crew-12 pilot with verified biography.,,unknown,https://www.nasa.gov/wp-content/uploads/2026/02/hathaway-j-1.pdf,,,Navy test pilot; pilot on NASA SpaceX Crew-12. Audit: Notes admit weak surname link; included only as verified NASA astronaut biography.,rejected
apt-0543,Jackson Archer,Jackson,Archer,Australian rules footballer,sports,North Melbourne,Australia,2001,,semantic,3,Archer,"Archer suggests striking from distance, apt for an AFL midfielder.",,unknown,https://www.afltables.com/afl/stats/players/J/Jackson_Archer.html,,,North Melbourne midfielder. Flagged automatically: connection wording asserts a loose link.,borderline
apt-0544,Jackson Pollock,Jackson,Pollock,painter,arts,,United States,1912,1956,semantic,2,Pollock,"Pollock names a fish, a faint echo of the fluid pours in his drip paintings.",,birth_name,https://en.wikipedia.org/wiki/Jackson_Pollock,,,Audit: Pollock fish echo for drip paintings is invented.,rejected
apt-0545,Jacqueline Waters,Jacqueline,Waters,meteorologist,weather,WRIC Richmond,United States,,,semantic,4,Waters,Her surname Waters refers to the hydrosphere she covers in forecasts.,,unknown,https://www.wric.com/author/jacqueline-waters/,https://en.wiktionary.org/wiki/water,,,verified
apt-0546,Jacques Boucher,Jacques,Boucher,dentist,medicine,,France,,,translation,3,Boucher,"Boucher means butcher in French, ironic for a chirurgien-dentiste.",French: butcher,unknown,https://fatrazie.com/aptonyme-2/3-exemples-d-aptonymes,https://fr.wiktionary.org/wiki/boucher,,"Four dentists named Boucher listed in Bergerac region. Audit: Fatrazie lists Jacques Boucher as boucher-charcutier in Jussy, not chirurgien-dentiste; wrong specialty attribution.",rejected
apt-1286,Jad Oestrike,Jad,Oestrike,college baseball catcher,sports,Eastern Michigan University,United States,2003,,wordplay,4,Oestrike,"Oestrike embeds strike, the call behind the plate where he played catcher.",,unknown,https://www.baseball-reference.com/register/player.fcgi?id=oestri000jad,,https://www.ncsasports.org/baseball-recruiting/texas/tomball/tomball-memorial-high-school/jad-oestrike,Also spelled Oestrike; primary position catcher at Tomball Memorial and Eastern Michigan.,verified
apt-0547,Jagoš Vuković,Jagoš,Vuković,football defender,sports,Red Star Belgrade,Serbia,1985,2020,translation,3,Vuković,Vuković derives from vuk meaning wolf in Serbian.,Serbian: wolf,birth_name,https://en.wikipedia.org/wiki/Jago%C5%A1_Vukovi%C4%87,https://en.wiktionary.org/wiki/vuk,,Serbia international centre-back.,verified
apt-0548,Jaime Sin,Jaime,Sin,Catholic cardinal,religion,,Philippines,1928,2005,ironic,5,Sin,As Cardinal Sin his title became an oxymoron about virtue and vice.,,birth_name,https://en.wikipedia.org/wiki/Jaime_Sin,,https://en.wikipedia.org/wiki/Aptronym,Inaptronym; he joked about the title.,verified
apt-0549,Jake Striker,Jake,Striker,MLB pitcher,sports,Cleveland Indians,United States,1933,,wordplay,4,Striker,As a pitcher his surname evokes both strikeouts and the word strike.,,unknown,https://www.baseball-reference.com/players/s/strikja01.shtml,,,"Birth name Wilbur Scott Striker. Audit: Striker is surname homophone of strike/strikeout, not direct occupation name; drop direct tag. Flagged automatically: connection wording asserts a loose link.",borderline
apt-0550,Jake Tapper,Jake,Tapper,television journalist,media,CNN,United States,1969,,phonetic,2,Tapper,"Tapper faintly echoes tap, as in tapping sources for Washington news.",,birth_name,https://en.wikipedia.org/wiki/Jake_Tapper,,,Birth name Jacob Paul Tapper. Audit: Tapper faintly echoes tap sources is phonetic padding.,rejected
apt-0551,Jamaal Bowman,Jamaal,Bowman,U.S. representative,politics,United States House of Representatives,United States,1976,,semantic,2,Bowman,"Bowman suggests an archer, a weak martial echo for a former school principal in Congress.",,birth_name,https://en.wikipedia.org/wiki/Jamaal_Bowman,,,Audit: Bowman is a common surname; archer echo for a school-principal congressman is generic padding.,rejected
apt-0552,James Alger Fee,James Alger,Fee,U.S. court of appeals judge,law,U.S. Court of Appeals for the Ninth Circuit,United States,1888,1959,semantic,4,Fee,Fee names the charges lawyers bill and courts award in litigation.,English common noun surname,unknown,https://www.fjc.gov/history/judges/fee-james-alger,https://www.etymonline.com/word/fee,,Former Oregon circuit judge; Ninth Circuit 1954–1959.,verified
apt-0553,James Cameron,James,Cameron,film director,arts,,Canada,1954,,phonetic,3,Cameron,"Cameron sounds like camera, fitting a director of Avatar and Titanic.",,birth_name,https://en.wikipedia.org/wiki/James_Cameron,,,Audit: Cameron sounds like camera for film director is generic homophone.,rejected
apt-0554,James Cook,James,Cook,Royal Navy captain and explorer,military,Royal Navy,England,1728,1779,semantic,2,Cook,Cook names a kitchen trade only weakly related to his Pacific voyages of exploration.,English occupational surname (cook),birth_name,https://en.wikipedia.org/wiki/James_Cook,https://www.etymonline.com/word/cook,,Mapped Newfoundland Australia and Hawaii; killed at Kealakekua Bay. Audit: Cook occupational surname only weakly and irrelevantly relates to Pacific exploration not cooking.,rejected
apt-0555,James Counsell,James,Counsell,barrister,law,,England,,,direct,5,Counsell,"His surname Counsell is a homophone of counsel, the role of a barrister.",,unknown,https://www.outertemple.com/barrister/james-counsell-kc/,,https://en.wikipedia.org/wiki/Nominative_determinism,"Audit: person_source_url was Nominative determinism article, not barrister profile.",probable
apt-0556,James Dutton,James,Dutton,astronaut and airline pilot,transport,NASA,United States,1968,,semantic,2,Dutton,Weak surname link; included as STS-131 pilot and later Southwest Airlines captain.,,birth_name,https://en.wikipedia.org/wiki/James_Dutton_(astronaut),,,Pilot on STS-131; retired to Southwest Airlines in 2012. Audit: Notes admit weak surname link; included only for STS-131 pilot credentials.,rejected
apt-0557,James Earl Graves Jr.,James Earl,Graves,U.S. court of appeals judge,law,U.S. Court of Appeals for the Fifth Circuit,United States,1953,,semantic,2,Graves,"Graves evokes death and burial, domains criminal courts routinely confront.",English topographic surname,unknown,https://www.fjc.gov/history/judges/graves-james-earl-jr,https://www.etymonline.com/word/grave,,Former Mississippi Supreme Court justice. Audit: Graves/death evokes hedging. Flagged automatically: connection wording asserts a loose link.,borderline
apt-0558,James Earl Major,James,Major,U.S. representative and federal judge,politics,United States House of Representatives,United States,1887,1972,semantic,4,Major,"His surname is the army rank Major, fitting a congressman who managed impeachment proceedings.",,unknown,"https://history.house.gov/People/Listing/M/MAJOR,-James-Earl-(M000073)/",,,,verified
apt-0559,James Hunter III,James,Hunter,U.S. court of appeals judge,law,U.S. Court of Appeals for the Third Circuit,United States,1916,1989,semantic,2,Hunter,"Hunter denotes one who tracks and captures quarry, like detectives pursuing cases.",English occupational surname,unknown,https://www.fjc.gov/history/judges/hunter-james-iii,https://www.etymonline.com/word/hunt,,Audit: Hunter/detective stretch for common surname.,verified
apt-0560,James Jett,James,Jett,sprinter,sports,,United States,1970,,semantic,4,Jett,Jett suggests jet-like speed for a 4×100 m relay gold medalist.,,unknown,https://www.olympedia.org/athletes/78607,,,Also played NFL wide receiver. Flagged automatically: connection wording asserts a loose link.,borderline
apt-0561,James Joule,James,Joule,physicist,science,,England,1818,1889,direct,1,Joule,The joule unit of energy is named directly for the experimenter who quantified heat and work.,Surname Joule; SI unit eponym,birth_name,https://en.wikipedia.org/wiki/James_Prescott_Joule,,,Measured the mechanical equivalent of heat. Audit: The joule unit was named after Joule; backwards eponym error.,rejected
apt-0562,James Justice,James,Justice,U.S. senator and former governor,politics,United States Senate,United States,1951,,semantic,4,Justice,"His surname is Justice, the virtue central to law and governance he practices as senator and former governor.",,birth_name,https://en.wikipedia.org/wiki/Jim_Justice,,,,verified
apt-1287,James Lawless,James,Lawless,barrister,law,Law Library of Ireland,Ireland,,,ironic,4,Lawless,His surname Lawless means without law though he qualified as a barrister at King's Inns.,English: without law,unknown,https://www.fiannafail.ie/tds/james-lawless,https://www.etymonline.com/word/lawless,https://www.newscientist.com/article/2017525-feedback-nominative-determinism-redux/,TD for Kildare North and Minister since 2025; New Scientist cited his Naas-area legal candidacy.,verified
apt-0563,James Locke,James,Locke,U.S. district judge,law,U.S. District Court for the Southern District of Florida,United States,1837,1922,semantic,2,Locke,Locke evokes locks and jails that courts order defendants into.,English occupational surname (locksmith),unknown,https://www.fjc.gov/history/judges/locke-james-william,https://www.etymonline.com/word/lock,,Served 40 years on the federal bench in Key West. Audit: Locke/locks jails stretch. Flagged automatically: connection wording asserts a loose link.,borderline
apt-0564,James Mark Gill,James Mark,Gill,master plumber,trades,Gill Plumbing and Heating,United States,,,semantic,3,Gill,"Gill is a homophone of gill, a narrow channel, weakly echoing plumbing flow.",,unknown,https://www.martenson.com/obituaries/james-gill,,,Founded Gill Plumbing and Heating; 70-year firm anniversary 2024. Audit: Gill/gill homophone for plumbing flow is invented phonetic stretch.,rejected
apt-0565,James Marshall Shepherd,James Marshall,Shepherd,meteorologist and atmospheric scientist,weather,University of Georgia,United States,,,semantic,2,Shepherd,His surname Shepherd evokes tending flocks on open grazing lands exposed to weather.,,unknown,https://geography.uga.edu/directory/people/james-marshall-shepherd,https://en.wiktionary.org/wiki/shepherd,,"Former AMS president; UGA Atmospheric Sciences director. Audit: Shepherd/open-land weather link uses ""evokes""—generic surname with invented pastoral imagery.",borderline
apt-0566,James Maynard,James,Maynard,mathematician,science,University of Oxford,United Kingdom,1987,,semantic,2,Maynard,Maynard is unrelated to prime numbers despite his work on prime gaps.,,unknown,https://www.maths.ox.ac.uk/people/james.maynard,,,Fields Medal 2022; included as rejected weak case for documentation.,borderline
apt-0567,James P. Rash,James,Rash,dermatologist,medicine,Dermatology Associates of Kingsport,United States,,,semantic,5,Rash,Rash is a primary condition treated by dermatologists.,,unknown,https://health.usnews.com/doctors/james-rash-242457,,https://www.standard.co.uk/lifestyle/the-name-game-the-weird-science-of-nominative-determinism-6384728.html,"Cited via American Directory of Physicians in Evening Standard 2011. Person source is a physician directory listing, specialty self-reported.",probable
apt-0568,James Parkinson,James,Parkinson,surgeon and palaeontologist,medicine,,England,1755,1824,semantic,5,Parkinson,Parkinson's disease was later named for the shaking palsy he first described in 1817.,Surname Parkinson; disease eponym,birth_name,https://en.wikipedia.org/wiki/James_Parkinson,,,Also published Organic Remains of a Former World.,verified
apt-0569,James Payne,James,Payne,urologist,medicine,,United States,,,semantic,2,Payne,Payne suggests pain treated in urology.,,unknown,https://npiregistry.cms.hhs.gov/,,,Audit: person_source_url is NPI registry homepage only; confirms licence exists but not specialty or employer from this URL. Flagged automatically: connection wording asserts a loose link.,borderline
apt-0570,James Skelly Wright,James Skelly,Wright,U.S. court of appeals judge,law,U.S. Court of Appeals for the D.C. Circuit,United States,1911,1988,phonetic,2,Wright,"Wright sounds like right, the outcome judges are asked to deliver.",English occupational surname homophone of right,unknown,https://www.fjc.gov/history/judges/wright-james-skelly,,https://www.lifeofthelaw.org/2013/05/a-case-by-any-other-name/,Desegregation jurist; D.C. Circuit chief judge 1978–1981. Audit: Wright/right homophone is extremely common surname.,probable
apt-1288,James Smith,James,Smith,goldsmith,trades,,England,,1750,direct,4,Smith,"His surname Smith and his stated trade Goldsmith both denote metalworking, as he testified at the Angel in Fleet Street.",English: smith,unknown,https://www.oldbaileyonline.org/record/t17500228-1,https://www.etymonline.com/word/smith,,Witness in Daniel Richley silver-tankard theft trial; not the defendant.,verified
apt-0571,James Toothaker,James,Toothaker,dentist,medicine,,United States,,,semantic,4,Toothaker,Toothaker literally means one who takes or treats teeth.,,unknown,https://npiregistry.cms.hhs.gov/,,https://npiregistry.cms.hhs.gov/,Verified dentist via NPI; supports Pelham et al. Dennis-dentist pattern. Audit: person_source_url is NPI registry homepage only; confirms licence exists but not specialty or employer from this URL.,probable
apt-0572,James Trafford,James,Trafford,football goalkeeper,sports,Manchester City,England,2002,,semantic,4,Trafford,He joined Manchester City near Old Trafford.,,birth_name,https://en.wikipedia.org/wiki/James_Trafford,,https://www.nytimes.com/athletic/6524643/2025/08/04/football-names-clubs-managers-arsenal-wenger/,"Audit: Geographic proximity to Old Trafford is coincidence, not Trafford surname meaning.",rejected
apt-0573,James Watt,James,Watt,engineer,science,,Scotland,1736,1819,direct,1,Watt,The watt unit of power is named directly for the steam-engine improver.,,birth_name,https://en.wikipedia.org/wiki/James_Watt,,,SI unit namesake. Audit: The watt unit was named after Watt; backwards eponym error.,rejected
apt-0574,Jamie Maw,Jamie,Maw,food critic,food,Vancouver Magazine,Canada,,,semantic,4,Maw,"His surname is a homophone of maw, a voracious mouth fitting a restaurant critic.",,unknown,https://vanmag.com/restaurant-awards/2008/lifetime-achievement-award-2008/,,https://slate.com/news-and-politics/2005/12/charol-shakeshaft-topped.html,Former Vancouver Magazine food editor; lifetime achievement award 2008.,verified
apt-0575,Jan Igor Rybak,Jan Igor,Rybak,hydrobiologist,science,Institute of Ecology PAN,Poland,1934,2014,translation,4,Rybak,Rybak means fisherman in Polish; he studied aquatic ecosystems.,Polish: fisherman,birth_name,https://pl.wikipedia.org/wiki/Jan_Igor_Rybak,https://en.wiktionary.org/wiki/rybak,,,verified
apt-0576,Jan Vennegoor of Hesselink,Jan,Vennegoor of Hesselink,football striker,sports,Celtic,Netherlands,1978,,other,2,Vennegoor of Hesselink,His unusually long Dutch surname drew press attention during his striker career.,Dutch: compound surname,birth_name,https://en.wikipedia.org/wiki/Jan_Vennegoor_of_Hesselink,,https://www.theguardian.com/football/2004/aug/09/sport.comment,Netherlands international; played for Celtic and Hull.,borderline
apt-0577,Jane Banks,Jane,Banks,Shopkeeper and theft victim,crime,,United Kingdom,,1800,semantic,2,Banks,Her surname Banks framed her as the victim of a stolen cloak worth forty shillings.,English topographic surname,unknown,https://www.londonlives.org/record/t17840526-5,,,Victim in 1784 Old Bailey theft prosecution. Audit: Banks topographic surname; theft-victim context does not create name-to-crime aptronym.,rejected
apt-0578,Janet Bond Arterton,Janet Bond,Arterton,U.S. district judge,law,U.S. District Court for the District of Connecticut,United States,1944,,semantic,3,Bond,Her middle name Bond evokes bail bonds and binding legal obligations.,Middle name Bond,unknown,https://www.fjc.gov/history/judges/arterton-janet-bond,https://www.etymonline.com/word/bond,,Senior status since 2014. Flagged automatically: connection wording asserts a loose link.,borderline
apt-0579,Janine Bowman,Janine,Bowman,sport pistol shooter,sports,,United States,1973,,semantic,4,Bowman,"Bowman means archer, apt for an Olympic pistol shooter aiming at targets.",,unknown,https://www.olympedia.org/athletes/93175,,,"Audit: Bowman means archer; she competed in sport pistol, not archery.",rejected
apt-0580,Jared Cox,Jared,Cox,urologist,medicine,,United States,,,semantic,2,Cox,Cox is vulgar slang for penis among urologists.,,unknown,https://npiregistry.cms.hhs.gov/,,,Audit: Common surname with glancing link; rubric score 2 not 3.,probable
apt-0581,Jason Graves,Jason,Graves,funeral director,trades,Graves Funeral Home,United States,,,semantic,5,Graves,His surname matches the graveside work of the family funeral business.,,unknown,https://gravesfuneralhomeinc.com/our-funeral-directors-and-staff.html.html,,,Licensed funeral service provider since August 2012.,verified
apt-0582,Jason Wright,Jason,Wright,masonry contractor,trades,Wright Masonry LLC,United States,,,direct,4,Wright,"Wright is an occupational surname for a craftsman, fitting a masonry contractor he founded.",,unknown,https://www.wrightmasonry.com/about-us/,,,Founded Wright Masonry LLC in St. Louis in 2019.,verified
apt-0583,Javier Cámara,Javier,Cámara,film actor,arts,,Spain,1967,,translation,4,Cámara,Cámara means camera in Spanish; he is a prominent film actor.,Spanish: camera,birth_name,https://en.wikipedia.org/wiki/Javier_C%C3%A1mara,https://en.wiktionary.org/wiki/c%C3%A1mara,https://verne.elpais.com/verne/2019/10/11/articulo/1570790600_618544.html,,verified
apt-0584,Jay Carney,Jay,Carney,White House press secretary,politics,Obama administration,United States,1965,,phonetic,2,Carney,"Carney faintly echoes carny barker, a weak link to a spokesperson role.",,birth_name,https://en.wikipedia.org/wiki/Jay_Carney,,,Audit: Score-2 press-secretary padding; carny-barker homophone is fabricated.,rejected
apt-0585,Jayden Hunt,Jayden,Hunt,Australian rules footballer,sports,West Coast Eagles,Australia,1995,,semantic,3,Hunt,His surname Hunt suits an AFL midfielder who hunts the ball.,,unknown,https://www.afltables.com/afl/stats/players/J/Jayden_Hunt.html,,,172 AFL games for Melbourne and West Coast.,verified
apt-0586,Jeff Baker,Jeff,Baker,chef,food,Donald Russell Limited,United Kingdom,,,direct,5,Baker,His surname is Baker and he is a Michelin-starred executive chef.,English occupational surname,unknown,https://donaldrussell.com/pages/jeff-baker,,,Held a Michelin star at Pool Court for ten consecutive years from 1995. Audit: Direct occupational match underst scored at 4.,verified
apt-0587,Jeff Float,Jeff,Float,swimmer,sports,,United States,1964,,semantic,4,Float,Floating is essential to swimming.,,birth_name,https://en.wikipedia.org/wiki/Jeff_Float,,https://en.wikipedia.org/wiki/Aptronym,,verified
apt-0588,Jeff Spear,Jeff,Spear,sabre fencer,sports,,United States,1988,,semantic,4,Spear,"A spear is a thrusting weapon, apt for an Olympic sabre fencer.",,unknown,https://www.olympedia.org/athletes/127229,,,,verified
apt-0589,Jeffrey M. Advokat,Jeffrey,Advokat,lawyer,law,,United States,,,translation,5,Advokat,Advokat means lawyer in several European languages.,,unknown,https://slate.com/news-and-politics/2005/12/charol-shakeshaft-topped.html,https://en.wiktionary.org/wiki/advokat,https://slate.com/news-and-politics/2005/12/charol-shakeshaft-topped.html,,probable
apt-0590,Jen Hunt,Jen,Hunt,psychologist,science,University of Manchester,United Kingdom,,,semantic,4,Hunt,She wrote The Psychology of Reference Hunting linking surname hunt to scholarly searching.,,unknown,https://en.wikipedia.org/wiki/Nominative_determinism,,https://en.wikipedia.org/wiki/Nominative_determinism,1994 Psychologist 7(10) p.480 origin citation for nominative determinism.,probable
apt-0591,Jennifer McClellan,Jennifer,McClellan,U.S. representative,politics,United States House of Representatives,United States,1972,,phonetic,2,McClellan,"McClellan sounds like clear, a weak echo for a Virginia congresswoman.",,birth_name,https://en.wikipedia.org/wiki/Jennifer_McClellan,,,Audit: McClellan/clear homophone is invented phonetic padding for a common surname.,rejected
apt-0592,Jeremy Butcher,Jeremy,Butcher,consultant ophthalmologist,medicine,Arrowe Park Hospital,United Kingdom,,,ironic,3,Butcher,"Butcher implies crude cutting, yet he performs delicate eye surgery.",,unknown,https://www.phin.org.uk/profiles/consultants/jeremy-butcher-89659,,,GMC 3071096.,verified
apt-0593,Jeremy Hansen,Jeremy,Hansen,astronaut,transport,Canadian Space Agency,Canada,1976,,semantic,2,Hansen,Weak surname link; included as Artemis II mission specialist and CF-18 pilot.,,unknown,https://www.asc-csa.gc.ca/eng/astronauts/canadian/active/bio-jeremy-hansen.asp,,,First Canadian to lead a NASA astronaut class; Artemis II crew. Audit: Notes admit weak surname link; included only for Artemis II assignment.,rejected
apt-0594,Jeremy Wade,Jeremy,Wade,angler,sports,,England,1956,,semantic,4,Wade,To wade is to walk through water while fishing.,,birth_name,https://en.wikipedia.org/wiki/Jeremy_Wade,,https://en.wikipedia.org/wiki/Aptronym,,verified
apt-0595,Jerry Forest Franklin,Jerry,Franklin,forest ecologist,science,University of Washington,United States,1936,,semantic,5,Forest,His middle name Forest and surname Franklin name forests fitting the father of new forestry.,,birth_name,https://en.wikipedia.org/wiki/Jerry_F._Franklin,,https://www.neatorama.com/2013/03/19/The-Name-Number-for-Geology-and-for-Other-Professions/,Full birth name Jerry Forest Franklin.,verified
apt-0596,Jerry Rush,Jerry,Rush,NFL defensive tackle,sports,Detroit Lions,United States,1948,,semantic,3,Rush,His surname matches the pass rush expected of a defensive lineman.,,unknown,https://www.pro-football-reference.com/players/R/RushJe20.htm,,,,verified
apt-0597,Jim Armstrong,Jim,Armstrong,freestyle wrestler,sports,,Australia,1917,1988,semantic,3,Armstrong,"Armstrong suggests a strong arm, fitting for an Olympic heavyweight wrestling bronze medalist.",,unknown,https://www.olympedia.org/athletes/57143,,,Nickname Big Jim. Flagged automatically: connection wording asserts a loose link.,borderline
apt-0598,Jim Bottomley,Jim,Bottomley,MLB first baseman,sports,St. Louis Cardinals,United States,1900,1959,wordplay,2,Bottomley,His surname suggests the bottom of the batting order though he was a middle-of-the-order slugger.,,birth_name,https://en.wikipedia.org/wiki/Jim_Bottomley,,,"James Leroy Bottomley, St Louis Cardinals first baseman 1922-37 and 1928 National League MVP. Audit: The Baseball Reference slug was wrong and returned 404. Replaced with Wikipedia. Row stays borderline as an ironic reading. Flagged automatically: connection wording asserts a loose link.",borderline
apt-0599,Jim Marshall,Jim,Marshall,U.S. representative,politics,United States House of Representatives,United States,1948,,semantic,3,Marshall,"Marshall denotes a law officer or commander, loosely apt for an Armed Services veteran in Congress.",English: marshal,unknown,https://bioguide.congress.gov/search/bio/M001146,https://www.etymonline.com/word/marshal,,Audit: Marshall is a common surname shared by many politicians; marshal/commander echo is generic padding.,rejected
apt-0600,Jim McGovern,Jim,McGovern,U.S. representative,politics,United States House of Representatives,United States,1959,1976,phonetic,4,McGovern,His surname contains govern during decades representing Massachusetts in the House.,,birth_name,https://en.wikipedia.org/wiki/Jim_McGovern,,,,verified
apt-0601,Jim Pitcher,Jim,Pitcher,minor league baseball player,sports,Cairo (KITL),United States,,2013,direct,5,Pitcher,His surname is the same word as his role on the field.,,unknown,https://www.baseball-reference.com/register/player.fcgi?id=pitche001jam,,,,verified
apt-0602,Jim Playfair,Jim,Playfair,NHL defenseman and coach,sports,Calgary Flames,Canada,1964,,wordplay|ironic,3,Playfair,His surname says play fair while hockey is a physical contact sport.,,unknown,https://www.hockey-reference.com/players/p/playfji01.html,,,"Brother of Larry Playfair, an enforcer.",verified
apt-0603,Jim Starlin,Jim,Starlin,comics writer and artist,arts,Marvel Comics,United States,1949,,semantic,4,Starlin,"Starlin evokes stars, fitting his space opera characters at Marvel.",,birth_name,https://en.wikipedia.org/wiki/Jim_Starlin,,https://en.wikipedia.org/wiki/Aptronym,"Created Thanos, Drax and Adam Warlock. Audit: Starlin evokes stars for Marvel space-opera writer is vague given-name echo.",rejected
apt-0604,Jimmy Doolittle,Jimmy,Doolittle, bombing raid commander,military,,United States,1896,1993,ironic,4,Doolittle,He led a major WWII bombing raid despite a surname suggesting doing little.,,birth_name,https://en.wikipedia.org/wiki/Jimmy_Doolittle,,https://en.wikipedia.org/wiki/Aptronym,Inaptronym; contemporary press mocked the name contrast. Flagged automatically: connection wording asserts a loose link.,borderline
apt-0605,Jimmy McGrory,Jimmy,McGrory,football striker,sports,Celtic,Scotland,1904,1982,semantic,3,McGrory,"He scored 147 headed goals, one of football history's greatest aerial threats.",,birth_name,https://en.wikipedia.org/wiki/Jimmy_McGrory,,https://finter.dk/most-headed-goals-in-football-history-ronaldo-crouch-klose-and-the-greatest-heading-records/,British Isles all-time top scorer. Audit: McGrory has no header etymology; connection substitutes aerial-goal stats for name fit.,rejected
apt-0606,Joachim Löw,Joachim,Löw,football manager,sports,Germany national team,Germany,1960,,translation,2,Löw,"Löw means lion in German, apt for a manager leading the national team.",German: lion,birth_name,https://en.wikipedia.org/wiki/Joachim_L%C3%B6w,https://en.wiktionary.org/wiki/L%C3%B6we,,World Cup winning coach 2014. Audit: Löw is cognate with Löwe (lion) but lion/national-team link is generic; not a 3.,verified
apt-0607,Joanna Story,Joanna,Story,historian,science,University of Leicester,United Kingdom,,,semantic,4,Story,Her surname is story fitting a professor of early medieval history.,,unknown,https://le.ac.uk/people/joanna-story,,,Professor of early medieval history.,verified
apt-0608,Jocelyn Bell Burnell,Jocelyn,Bell Burnell,astrophysicist,science,University of Oxford,United Kingdom,1943,,semantic,4,Bell,Bell names a ringing signal fitting the discoverer of pulsar radio pulses.,,birth_name,https://en.wikipedia.org/wiki/Jocelyn_Bell_Burnell,,,Discovered pulsars as a graduate student.,verified
apt-0609,Jocelyn Rose,Jocelyn,Rose,plant biologist,science,Cornell University,United States,,,semantic,4,Rose,His surname names the rose fitting a plant biologist who studies cell walls and plant tissues.,,unknown,https://cals.cornell.edu/people/jocelyn-kenneth-campbell-rose,,,Director of Cornell School of Integrative Plant Science.,verified
apt-0610,Jodie Crane,Jodie,Crane,ornithologist,science,University College Cork,Ireland,,,semantic,3,Crane,Her surname Crane names a bird family within ornithology though her research focuses on babblers and seabirds.,,unknown,https://www.ucc.ie/en/ornithology/people/drjodiecrane/,,,PhD on vocal communication in chestnut-crowned babblers. Audit: UCC profile confirms babblers/seabirds not cranes; ornithologist named Crane is apt but score 5 overstates species match.,verified
apt-0611,Joe Winters,Joe,Winters,chief meteorologist,weather,KCRG Cedar Rapids,United States,,,semantic,4,Winters,His surname Winters names the coldest season he forecasts for Eastern Iowa.,,unknown,https://www.kcrg.com/about-us/meet-the-team/,https://en.wiktionary.org/wiki/winter,,,verified
apt-0612,Joe Yawn,Joe,Yawn,sleep clinic manager,medicine,,United States,,,semantic,4,Yawn,Yawning is associated with sleep disorders he manages.,,unknown,https://www.chicagotribune.com/1995/05/07/a-field-day-with-aptly-named-workers/,,https://www.chicagotribune.com/1995/05/07/a-field-day-with-aptly-named-workers/,,borderline
apt-1289,Joel Parrott,Joel,Parrott,zoo director,other,Oakland Zoo,United States,,,semantic,4,Parrott,Parrott matches the parrots he treated as a wildlife veterinarian and later directed at Oakland Zoo.,English: parrot (extra t in spelling),unknown,https://oaklandside.org/2026/07/07/oakland-names-aptronyms-caen/,,,Director 1985–2021; retired with a pet princess parrot.,verified
apt-0613,Johan Wallens,Johan,Wallens,football goalkeeper,sports,Deportivo Cali,Colombia,1992,,semantic,4,Wallens,"His surname Wallens evokes a wall, fitting a professional goalkeeper.",,birth_name,https://en.wikipedia.org/wiki/Johan_Wallens,,,Youngest Deportivo Cali debutant goalkeeper at 16. Flagged automatically: connection wording asserts a loose link.,borderline
apt-0614,Johann Gustav Fischer,Johann Gustav,Fischer,herpetologist and ichthyologist,science,Naturhistorisches Museum Hamburg,Germany,1819,1889,translation,4,Fischer,Fischer means fisher in German; he curated fish and reptile collections.,German: fisher,birth_name,https://en.wikipedia.org/wiki/Johann_Gustav_Fischer,https://en.wiktionary.org/wiki/Fischer,,,verified
apt-0615,Johann Strauss II,Johann,Strauss,composer,arts,,Austria,1825,1899,semantic,1,Strauss,"Strauss led Vienna's dance orchestra, linking his name to Strauss waltz tradition.",,birth_name,https://en.wikipedia.org/wiki/Johann_Strauss_II,,,The Waltz King. Audit: Johann Strauss waltz tradition link is family name not aptronym to composing.,borderline
apt-0616,John Armstrong,John,Armstrong,poet and physician,medicine,,Scotland,1709,1779,semantic,3,Armstrong,Armstrong suggests a strong arm fitting a doctor who wrote The Art of Preserving Health.,English: strong arm,birth_name,https://en.wikipedia.org/wiki/John_Armstrong_(poet),,https://www.umb.edu.pl/photo/pliki/progress-file/phs/phs_2013_2/171-174_ohry.pdf,Brother George Armstrong founded a children's hospital. Audit: Armstrong/strong arm moderate for poet-physician. Flagged automatically: connection wording asserts a loose link.,borderline
apt-0617,John Bird,John,Bird,professional golfer,sports,,United States,,,semantic,4,Bird,"Birdie is one under par in golf, making Bird a strong fit.",,unknown,https://www.pgatour.com/player/13345/john-bird/career,,,Early 20th-century PGA Tour winner.,verified
apt-0618,John Bond,John,Bond,bank chief executive,business,HSBC Holdings,United Kingdom,1941,,semantic,4,Bond,Bond names the debt instruments central to commercial banking he led at HSBC.,,birth_name,https://en.wikipedia.org/wiki/John_Bond_(banker),,https://en.wikipedia.org/wiki/Aptronym,Group CEO of HSBC 1993–1998.,verified
apt-0619,John Brewer,John,Brewer,Catholic bishop,religion,Diocese of Lancaster,England,1929,2000,semantic,2,Brewer,"Brewer names one who makes beer, loosely echoing Eucharistic wine in episcopal ministry.",,unknown,https://www.catholic-hierarchy.org/bishop/bbrewer.html,,,Bishop of Lancaster 1985–2000; known as Bishop Jack Brewer. Audit: Brewer/beer loosely echoing Eucharistic wine is hedging stretch for bishop surname. Flagged automatically: connection wording asserts a loose link.,borderline
apt-0620,John Buschman,John,Buschman,librarian,science,Seton Hall University,United States,,,phonetic,3,Buschman,Buschman sounds like bookman fitting a tenured professor-librarian and library dean.,,unknown,https://orcid.org/0000-0003-0882-4373,,,Dean of University Libraries Seton Hall.,verified
apt-0621,John C. Chicken,John,Chicken,risk management author,science,,United States,,,semantic,3,Chicken,He wrote The Philosophy of Risk about not being chicken.,,unknown,https://slate.com/news-and-politics/2005/12/charol-shakeshaft-topped.html,,https://slate.com/news-and-politics/2005/12/charol-shakeshaft-topped.html,,probable
apt-0622,John C. Furman,John,Furman,financier,business,,United States,1856,1898,semantic,2,Furman,Fur man is a weak stretch; included as a Gilded Age financier with documented career.,,birth_name,https://en.wikipedia.org/wiki/John_Furman,,,Officer of the Cordage Trust; lost fortune in 1893 panic. Audit: Row admits fur man is weak stretch included for Gilded Age financier.,rejected
apt-0623,John Cage,John,Cage,composer,arts,,United States,1912,1992,semantic,3,Cage,Cage confines sound as his compositions explore silence and chance within boundaries.,,birth_name,https://en.wikipedia.org/wiki/John_Cage,,https://en.wikipedia.org/wiki/John_Cage,"Composer of 4'33"". Audit: Cage confines sound for composer is invented metaphor.",rejected
apt-0624,John Carpenter,John,Carpenter,film director,arts,Diocese of Worcester,United States,1948,1476,direct,4,Carpenter,"Carpenter is a builder, and he builds horror films such as Halloween.",English: woodworker,birth_name,https://en.wikipedia.org/wiki/John_Carpenter,,,Bishop of Worcester 1444–1476; rebuilt Westbury College. Audit: Row merges 1948 horror-film director with 15th-c. Bishop of Worcester (death_year 1476); person_source_url describes the bishop not the filmmaker.,rejected
apt-1290,John Carpenter,John,Carpenter,Bishop of Worcester,religion,Diocese of Worcester,England,1399,1476,semantic,2,Carpenter,A bishop named Carpenter who rebuilt Westbury College and undertook substantial building work in his diocese.,Occupational surname for a woodworker.,birth_name,https://en.wikipedia.org/wiki/John_Carpenter_(bishop_of_Worcester),,,"Weak by design: Carpenter was one of the commonest occupational surnames of the period, and building work was routine for a fifteenth-century bishop. Kept at score 2 for review rather than discarded. Restored after an earlier dedupe pass wrongly merged him with the 1948-born horror director of the same name.",borderline
apt-0625,John Clark,John,Clark,baker,crime,,England,,1809,semantic,2,Clark,John Clark was a baker whose journeyman stole bread in an 1809 Old Bailey trial.,English: clerk homophone only,unknown,https://www.oldbaileyonline.org/record/t18091206-58,,,Surname Clark is weak; occupation confirmed in trial. Audit: Clark is not Baker; baker occupation in trial does not make Clark apt.,rejected
apt-0626,John Constable,John,Constable,landscape painter,arts,,England,1776,1837,direct,5,Constable,Constable names a keeper of a royal estate apt for a painter of the English countryside.,English: constable (warden),birth_name,https://en.wikipedia.org/wiki/John_Constable,https://www.etymonline.com/word/constable,,Painted The Hay Wain and Salisbury Cathedral.,verified
apt-0627,John de Wolf,John,de Wolf,football defender,sports,Wolverhampton Wanderers,Netherlands,1968,,semantic,4,Wolf,"He joined Wolves, whose name and mascot are wolves.",Dutch: wolf,birth_name,https://en.wikipedia.org/wiki/John_de_Wolf,https://en.wiktionary.org/wiki/wolf,https://www.nytimes.com/athletic/6524643/2025/08/04/football-names-clubs-managers-arsenal-wenger/,Dutch defender; cult hero at Molineux in 1994. Audit: Wolf/Wolves club match is strong coincidence but not near-exact like Usain Bolt; 5 inflated.,verified
apt-0628,John E. Steele,John E.,Steele,U.S. district judge,law,U.S. District Court for the Middle District of Florida,United States,1949,,semantic,2,Steele,"His surname homophones with steal, aligning with his career prosecuting criminals.",English occupational surname,unknown,https://www.fjc.gov/history/judges/steele-john-e,https://www.etymonline.com/word/steal,,Former Wayne County and federal prosecutor. Audit: Steele/steal pun weak.,verified
apt-0629,John Fish,John,Fish,marine biologist,science,Aberystwyth University,United Kingdom,,,semantic,5,Fish,His surname names fish fitting an emeritus professor of marine biology and seashore ecology.,,unknown,https://www.aber.ac.uk/en/ibers/staff-profiles/listing/profile/jdf/,,https://www.newscientist.com/article/mg14419546-200-feedback/,Co-author A Student's Guide to the Seashore.,verified
apt-0630,John H. Wolfe,John,Wolfe,veterinary pathologist,medicine,University of Pennsylvania School of Veterinary Medicine,United States,,,semantic,3,Wolfe,Wolfe names a canid species within veterinary practice.,,unknown,https://www.vet.upenn.edu/directory/johnwolfe/,,,,verified
apt-0631,John Hardon,John,Hardon,Jesuit priest,religion,Institute on Religious Life,United States,1914,2000,ironic,5,Hardon,"Hardon is an English homophone for sexual arousal, ironic for a priest who defended celibacy.",,birth_name,https://en.wikipedia.org/wiki/John_Hardon,https://www.etymonline.com/word/hard,https://newrepublic.com/article/102981/holy-aptronym,Servant of God; candidate for canonization.,verified
apt-0632,John Henry Leech,John Henry,Leech,entomologist,science,,England,1862,1900,semantic,3,Leech,His surname Leech denotes a physician though he specialized in Lepidoptera and Coleoptera.,Middle English leche (physician),birth_name,https://en.wikipedia.org/wiki/John_Henry_Leech,https://www.etymonline.com/word/leech,,Author of British Pyralides (1886).,verified
apt-0633,John Hunter,John,Hunter,surgeon,medicine,,Scotland,1728,1793,semantic,5,Hunter,His surname Hunter matched his fame as a surgeon who hunted anatomical knowledge through dissection.,English occupational surname (hunter),birth_name,https://en.wikipedia.org/wiki/John_Hunter_(surgeon),https://www.etymonline.com/word/hunt,,Pupil of William Hunter; teacher of Edward Jenner.,verified
apt-0634,John J. Keaney,John,Keaney,cardiology specialist registrar,medicine,Mater Misericordiae University Hospital,Ireland,,,phonetic,3,Keaney,"Keaney sounds like cardiac kinney, echoing his cardiology research on bradycardia in Bradys.",,unknown,https://www.bmj.com/content/347/bmj.f6627,,https://doi.org/10.1136/bmj.f6627,Lead author of BMJ Christmas 2013 nominative determinism study. Flagged automatically: connection wording asserts a loose link.,borderline
apt-0635,John Law,John,Law,Circuit judge,law,Wood Green Crown Court,United Kingdom,,,direct,5,Law,His surname is the everyday word for the legal system he administers as His Honour Judge Law.,English common noun surname,unknown,https://www.judiciary.uk/appointments-and-retirements/circuit-judge-appointment-law/,,https://www.counselmagazine.co.uk/articles/the-name-of-the-law,Appointed circuit judge January 2026.,verified
apt-0636,John Lawless,John,Lawless,police officer,law,,United States,,,ironic,4,Lawless,His surname means without law though he enforces it.,,unknown,https://slate.com/news-and-politics/2005/12/charol-shakeshaft-topped.html,,https://slate.com/news-and-politics/2005/12/charol-shakeshaft-topped.html,,probable
apt-0637,John Laws,John,Laws,Lord Justice of Appeal,law,,England,1945,2025,semantic,4,Laws,His surname names the body of rules he interpreted as an appellate judge.,,birth_name,https://en.wikipedia.org/wiki/John_Laws,,https://en.wikipedia.org/wiki/Aptronym,,verified
apt-0638,John Leech,John,Leech,caricaturist and illustrator,arts,,England,1817,1864,semantic,4,Leech,Leech is an archaic word for a physician and he trained in anatomy at St Bartholomew's before turning to Punch illustration.,Middle English leche (physician),birth_name,https://en.wikipedia.org/wiki/John_Leech_(caricaturist),https://www.etymonline.com/word/leech,https://www.umb.edu.pl/photo/pliki/progress-file/phs/phs_2013_2/171-174_ohry.pdf,Illustrated A Christmas Carol; drew a doctor-by-the-bedside vignette.,verified
apt-0639,John Marshall,John,Marshall,Chief justice of the United States,law,Supreme Court of the United States,United States,1755,1835,semantic,3,Marshall,"Marshall means a law officer, the role Marshall defined for the early Supreme Court.",English occupational surname,unknown,https://www.fjc.gov/history/judges/marshall-john,https://www.etymonline.com/word/marshal,,Fourth chief justice; Marbury v. Madison. Audit: Marshall/law officer is common surname occupational link.,verified
apt-0640,John McClellan,John,McClellan,U.S. senator,politics,United States Senate,United States,1896,1977,phonetic,2,McClellan,"McClellan resembles clear, a faint fit for a senator who led investigations.",,birth_name,https://en.wikipedia.org/wiki/John_Little_McClellan,,,Audit: McClellan/clear homophone is invented phonetic padding.,rejected
apt-0641,John Minor Wisdom,John Minor,Wisdom,U.S. court of appeals judge,law,U.S. Court of Appeals for the Fifth Circuit,United States,1905,1999,semantic,3,Wisdom,His surname denotes the sound judgment expected of a judge deciding constitutional cases.,English abstract virtue surname,unknown,https://www.fjc.gov/history/judges/wisdom-john-minor,https://www.etymonline.com/word/wisdom,https://www.lifeofthelaw.org/2013/05/a-case-by-any-other-name/,Fifth Circuit civil-rights-era judge. Audit: Wisdom/judgment virtue surname.,verified
apt-0642,John Nielsen-Gammon,John,Nielsen-Gammon,state climatologist,weather,Texas A&M University,United States,,,semantic,1,Gammon,His surname Gammon is not weather-related though he is Texas State Climatologist.,,unknown,https://artsci.tamu.edu/atmos-science/contact/profiles/john-nielsen-gammon.html,,,,borderline
apt-1291,John Owen Jones,John Owen,Jones,campaigning journalist,media,,United Kingdom,1861,1899,translation,3,Ap Ffarmwr,He wrote under the pen name Ap Ffarmwr meaning farmer's son in Welsh while campaigning for agricultural labourers.,Welsh: farmer's son (ap + ffarmwr),pseudonym,https://en.wikipedia.org/wiki/John_Owen_Jones_(Ap_Ffarmwr),https://en.wiktionary.org/wiki/ffarm,https://www.biography.wales/article/s1-JONE-OWN-1861,,verified
apt-0643,John Peter Daniels,John Peter,Daniels,Trial lawyer,law,"Daniels, Fine, Israel, Schonbuch & Lebovits",United States,1937,2016,wordplay,4,Daniels,"Known professionally as Jack Daniels, sharing his name with the whiskey while trying cases.",Patronymic Daniel + s,legal_name,https://www.legacy.com/us/obituaries/latimes/name/john-daniels-obituary?id=16135582,,https://plaintiffmagazine.com/authors/item/jack-daniels,Professional name Jack Daniels.,verified
apt-0644,John Preston Bailey,John Preston,Bailey,U.S. district judge,law,U.S. District Court for the Northern District of West Virginia,United States,1951,,semantic,3,Bailey,"Bailey recalls the Old Bailey, London's central criminal court.",English place-name surname,unknown,https://www.fjc.gov/history/judges/bailey-john-preston,https://www.etymonline.com/word/bailey,,Former county prosecutor; chief judge 2008–2015. Audit: Bailey/Old Bailey place-name echo moderate.,verified
apt-0645,John Sack,John,Sack,NFL guard,sports,Columbus Tigers,United States,1902,1980,wordplay|ironic,3,Sack,His surname is a defensive stat but he played on the offensive line.,,unknown,https://www.pro-football-reference.com/players/S/SackJo20.htm,,,,verified
apt-0646,John Sergeant,John,Sergeant,U.S. representative and vice-presidential nominee,politics,United States House of Representatives,United States,1779,1852,direct,5,Sergeant,"His surname is Sergeant, the rank name, though he was a lawyer-politician rather than a soldier.",,unknown,"https://history.house.gov/People/Listing/S/SERGEANT,-John-(S000246)/",,,,verified
apt-0647,John Stone,John,Stone,geologist,science,University of Washington,United States,,,semantic,5,Stone,His surname names stone fitting a geologist who dates glacial deposits with cosmogenic nuclides.,,unknown,https://intranet.ess.uw.edu/people/profile.php?pid=stone--john,,,Associate professor of quaternary geology.,verified
apt-1292,John Strike,John,Strike,baseball pitcher,sports,Philadelphia Phillies,United States,1865,,direct,5,Strike,"Strike names the pitched strike, the central call of his job as a nineteenth-century pitcher.",,unknown,https://www.baseball-reference.com/players/s/strikjo01.shtml,,,Two-game MLB career in 1886; 11 strikeouts.,verified
apt-0648,John Taylor Doolittle,John,Doolittle,U.S. representative,politics,United States House of Representatives,United States,1950,,ironic,3,Doolittle,"His surname suggests doing little, echoing jokes made about bombing commander Jimmy Doolittle's name.",,birth_name,https://en.wikipedia.org/wiki/John_Doolittle,,https://en.wikipedia.org/wiki/Jimmy_Doolittle,No relation to Jimmy Doolittle. Audit: Doolittle/do-little echo piggybacks on Jimmy Doolittle inaptronym; no independent fit for this unrelated congressman.,rejected
apt-0649,John Utaka,John,Utaka,football striker,sports,Portsmouth,Nigeria,1982,,phonetic,3,Utaka,"His surname Utaka sounds like attack, the role of a striker.",,birth_name,https://en.wikipedia.org/wiki/John_Utaka,,https://www.nytimes.com/athletic/6524643/2025/08/04/football-names-clubs-managers-arsenal-wenger/,Provided cross for Portsmouth's 2008 FA Cup winning goal.,verified
apt-0650,John Williams,John,Williams,film composer,arts,,United States,1932,,semantic,2,Williams,Williams is a common English surname with only a weak link to scoring willful cinematic themes.,,birth_name,https://en.wikipedia.org/wiki/John_Williams,,,Star Wars and Jaws composer. Audit: Williams common surname; willful cinematic themes link applies to any John Williams.,rejected
apt-0651,John Wingfield,John,Wingfield,ornithologist,science,University of California Davis,United Kingdom,1945,,semantic,5,Wingfield,His surname names wings fitting a distinguished professor who studies bird physiology and endocrinology.,,unknown,https://biology.ucdavis.edu/people/john-wingfield,,https://www.neatorama.com/2013/03/19/The-Name-Number-for-Geology-and-for-Other-Professions/,Distinguished Professor Emeritus of environmental endocrinology.,verified
apt-0652,John Winter,John,Winter,television meteorologist,weather,WFLA Tampa,United States,1967,2007,semantic,4,Winter,His surname Winter names the season he reported on as a Tampa Bay forecaster.,,unknown,https://www.biographies.net/biography/john-winter/m/02qg5lb,https://en.wiktionary.org/wiki/winter,,WFLA meteorologist; obituary sources on biographies.net.,probable
apt-0653,Johnny Bench,Johnny,Bench,MLB catcher,sports,Cincinnati Reds,United States,1947,,wordplay,4,Bench,His surname is the dugout bench where non-active players sit.,,unknown,https://www.baseball-reference.com/players/b/benchjo01.shtml,,,,verified
apt-0654,Johnny Dickshot,Johnny,Dickshot,MLB outfielder,sports,Pittsburgh Pirates,United States,1910,1994,other,2,Dickshot,His surname is a risqué pun rather than a description of his outfield play.,,unknown,https://www.baseball-reference.com/players/d/dicksjo01.shtml,,,Included as a documented odd baseball name; aptronym fit is marginal.,borderline
apt-0655,Johnny Hekker,Johnny,Hekker,NFL punter,sports,Los Angeles Rams,United States,1990,,wordplay,2,Hekker,His surname is a near-homophone of kicker.,,unknown,https://www.pro-football-reference.com/players/H/HekkJo00.htm,,,,verified
apt-0656,Johnny Podres,Johnny,Podres,MLB pitcher,sports,Los Angeles Dodgers,United States,1932,2008,translation|ironic,3,Podres,"His surname resembles Spanish podrido (rotten), an odd fit for a World Series hero.",Spanish podrido = rotten/spoiled,unknown,https://www.baseball-reference.com/players/p/podrejo01.shtml,https://en.wiktionary.org/wiki/podrido,,Surname etymology is suggestive rather than certain.,borderline
apt-0657,Jon Runyan,Jon,Runyan,NFL offensive tackle,sports,Philadelphia Eagles,United States,1973,,wordplay,3,Runyan,"His surname combines run and yan, apt for a lineman opening running lanes.",,unknown,https://www.pro-football-reference.com/players/R/RunyJo20.htm,,,Audit: Run+yan split is invented; Runyan is a surname with no documented run/lineman etymology.,rejected
apt-0658,Jonatan Leandoer,Jonatan,Leandoer,rapper,arts,,Sweden,1996,,semantic,2,Lean,Lean names the opioid drink he referenced as rapper Yung Lean.,,professional_name,https://en.wikipedia.org/wiki/Yung_Lean,,https://en.wikipedia.org/wiki/Aptronym,Stage name Yung Lean; birth name Jonatan Leandoer Håstad. Audit: Stage name Yung Lean references lean drink; birth surname Leandoer not chosen for aptness.,verified
apt-0659,Jonathan Jäger,Jonathan,Jäger,football striker,sports,SC Freiburg,France,1978,,translation,4,Jäger,"Jäger means hunter in German, apt for a striker hunting goals.",German: hunter,birth_name,https://en.wikipedia.org/wiki/Jonathan_J%C3%A4ger,https://en.wiktionary.org/wiki/J%C3%A4ger,,Born in Metz; joint top scorer in Regionalliga Süd before Freiburg.,verified
apt-0660,José Bové,José,Bové,farmer and politician,politics,Confédération paysanne,France,1953,,translation,4,Bové,Bové derives from bouvier (cowherd) in Occitan; he is a sheep farmer and peasant leader.,Occitan/French: oxherd,birth_name,https://en.wikipedia.org/wiki/Jos%C3%A9_Bov%C3%A9,https://en.wiktionary.org/wiki/bouvier,https://verne.elpais.com/verne/2019/10/11/articulo/1570790600_618544.html,,verified
apt-0661,José Gustavo Angel Ramírez,José Gustavo,Angel Ramírez,Catholic bishop,religion,Vicariate of Mitú,Colombia,1934,2013,semantic,4,Angel,"His given name Angel evokes heavenly messengers, fitting a vicar apostolic bishop.",,unknown,https://www.catholic-hierarchy.org/bishop/bangram.html,,,Vicar apostolic of Mitú Colombia 1989–2009. Audit: Angel given name evokes heavenly messengers is hedging on standard Catholic naming.,rejected
apt-0662,Joseph A. Walker,Joseph,Walker,NASA test pilot,transport,NASA,United States,1921,1966,semantic,3,Walker,Walker was the first person to fly an airplane to space in the X-15 rocket plane.,,birth_name,https://en.wikipedia.org/wiki/Joseph_A._Walker,,,First NASA pilot to fly the X-15; awarded astronaut wings retroactively. Audit: Connection describes X-15 flights; Walker surname has no documented apt meaning.,rejected
apt-0663,Joseph Bond,Joseph,Bond,bank chief financial officer,business,Trustmark Corporation,United States,,,semantic,4,Bond,"Bond names debt securities, central to the banking and finance roles he holds.",,unknown,https://www.marketscreener.com/insider/JOSEPH-BOND-A1GGV4/,,,CFO of Trustmark Corporation and Trustmark National Bank.,probable
apt-0664,Joseph Galvin,Joseph,Galvin,consultant cardiologist,medicine,James Connolly Memorial Hospital,Ireland,,,other,1,Galvin,He is a cardiologist co-author on a nominative-determinism paper alongside gastroenterologist Zita Galvin.,,unknown,https://www.bmj.com/content/347/bmj.f6627,,https://doi.org/10.1136/bmj.f6627,Audit: No name-to-work fit; included only as BMJ nominative-determinism paper co-author.,rejected
apt-0665,Joseph Gurney Cannon,Joseph,Cannon,Speaker of the House,politics,United States House of Representatives,United States,1836,1926,semantic,4,Cannon,"His surname names artillery, apt for the powerful Speaker known as Czar Cannon.",,unknown,"https://history.house.gov/People/Listing/C/CANNON,-Joseph-Gurney-(C000121)/",,,Cannon House Office Building named for him.,verified
apt-0666,Joseph Locke,Joseph,Locke,civil engineer,transport,,England,1805,1860,semantic,4,Locke,Locke evokes locks on canals and railways he engineered across Britain.,English: lock (water barrier),birth_name,https://en.wikipedia.org/wiki/Joseph_Locke,https://www.etymonline.com/word/lock,,Built Grand Junction Railway; not the Florida judge James Locke. Flagged automatically: connection wording asserts a loose link.,borderline
apt-0667,Joseph Priestley,Joseph,Priestley,chemist and minister,science,,England,1733,1804,semantic,3,Priestley,Priestley embeds priest fitting a dissenting minister who isolated oxygen.,English: priest + -ley,birth_name,https://en.wikipedia.org/wiki/Joseph_Priestley,https://www.etymonline.com/word/priest,,Discoverer of oxygen; Unitarian minister.,verified
apt-0668,Joseph Swain,Joseph,Swain,barber shop owner,trades,Joe Barber,South Africa,,,wordplay,4,Barber,"His Cape Town shop Joe Barber puns jou barber, your barber in Afrikaans.",,unknown,https://esat.sun.ac.za/index.php/Joe_Barber,,,Real barber Mr Joseph Swain; shop name inspired stage comedies. Audit: Aptronym is Afrikaans shop-name pun Joe Barber; surname Swain does not mean barber.,rejected
apt-0669,Joséphine Bacon,Joséphine,Bacon,cookbook writer,food,,Canada,,,semantic,4,Bacon,Bacon is a staple food she writes cookbooks about.,,unknown,https://www.theguardian.com/lifeandstyle/2024/sep/17/aptronym-job-normative-determinism,,https://www.theguardian.com/lifeandstyle/2024/sep/17/aptronym-job-normative-determinism,,probable
apt-1293,Josey Baker,Josey,Baker,baker and bakery owner,food,Josey Baker Bread,United States,,,direct,5,Baker,Baker is the occupation and he runs Josey Baker Bread at The Mill in San Francisco.,,unknown,https://www.grubstreet.com/2013/02/josey-baker-bread-profile-the-mill-bold-italic.html,,,Bold Italic profile called him aptly named baker.,verified
apt-0670,Josh Earnest,Josh,Earnest,White House press secretary,politics,Obama administration,United States,1975,,semantic,3,Earnest,"His surname suggests sincerity, a quality expected of a spokesperson.",,birth_name,https://en.wikipedia.org/wiki/Josh_Earnest,,https://en.wikipedia.org/wiki/Aptronym,Audit: Earnest suggests sincerity is hedging; common virtue surname for any spokesperson.,rejected
apt-0671,Josh Hunt,Josh,Hunt,Australian rules footballer,sports,Geelong,Australia,1982,,semantic,3,Hunt,His surname Hunt fits an AFL player who hunted contests in the midfield.,,unknown,https://www.afltables.com/afl/stats/players/J/Josh_Hunt.html,,,212 games for Geelong 2001-2014.,verified
apt-0672,Josh Major,Josh,Major,Major-General in the Canadian Army,military,Canadian Army,Canada,,,direct,5,Major,His surname is Major and he rose to major-general commanding 4th Canadian Division.,,unknown,https://cdainstitute.ca/wp-content/uploads/2026/02/MAJOR-GENERAL-J.J.-MAJOR-BIO-ENG.pdf,,,,verified
apt-0673,Joshua Bell,Joshua,Bell,violinist,arts,,United States,1967,,semantic,2,Bell,"Bell evokes ringing tone, apt for a celebrated concert violinist.",,birth_name,https://en.wikipedia.org/wiki/Joshua_Bell,,,Audit: Bell evokes ringing tone is hedging; common surname glancing at music. Audit: Joshua_Bell_(violinist) disambiguation suffix never existed; plain Joshua Bell article covers the concert violinist born 1967. Flagged automatically: connection wording asserts a loose link.,borderline
apt-0674,Joshua Butt,Joshua,Butt,consultant gastroenterologist,food,University of Bristol,United Kingdom,,,ironic,4,Butt,"Butt is slang for buttocks, ironic for a gastroenterologist examining the colon.",,unknown,https://www.bristol.ac.uk/people/?search=author&author1=Joshua+Butt,,https://icon.ink/articles/nominative-determinism-examples-jobs/,"Consultant gastroenterologist at Bristol. Person source is a search or index page, not an individual record.",probable
apt-0675,Joshua Price,Joshua,Price,economist,science,West Virginia University,United States,,,semantic,3,Price,His surname Price names the economic variable he studies as an associate professor of economics.,,unknown,https://www.wvutech.edu/directory/business/price,,,Associate professor of economics. Audit: Common economist surname; score 5 inflated. Audit: business.wvu.edu/about/people/joshua-price 404; WVU Tech directory confirms Joshua Price Ph.D. as Associate Professor of Economics and Chair of the School of Business.,verified
apt-0676,Josiah Wedgwood,Josiah,Wedgwood,potter,trades,Wedgwood,England,1730,1795,direct,5,Wedgwood,Wedgwood is literally the name of the pottery firm he founded and ran.,English: wood + wedg(e),birth_name,https://en.wikipedia.org/wiki/Josiah_Wedgwood,,,Industrialized ceramic production; abolitionist.,verified
apt-0677,Juan Trippe,Juan,Trippe,airline founder,transport,Pan American World Airways,United States,1899,1981,semantic,3,Trippe,"Trippe evokes trip, the journey every airline passenger takes.",,birth_name,https://en.wikipedia.org/wiki/Juan_Trippe,,https://en.wikipedia.org/wiki/Aptronym,Founded Pan Am and pioneered international commercial aviation. Audit: Trippe evokes trip is hedging; common surname for any airline founder.,rejected
apt-0678,Jules Angst,Jules,Angst,psychiatrist,medicine,University of Zurich,Switzerland,1926,2026,translation,4,Angst,"His surname matches the German word for anxiety, his research specialty.","German: anxiety, dread",birth_name,https://en.wikipedia.org/wiki/Jules_Angst,https://en.wiktionary.org/wiki/Angst,https://en.wikipedia.org/wiki/Aptronym,,verified
apt-0679,Julienne Stroeve,Julienne,Stroeve,sea ice research scientist,science,National Snow and Ice Data Center,United States,,,semantic,2,Stroeve,"Her surname Stroeve contains roeve, faint echo of grove, while she studies polar ice.",Dutch,unknown,https://nsidc.org/about/our-people/Julienne_Stroeve,,,Senior research scientist cryosphere.,borderline
apt-0680,Julio Barber,Julio,Barber,barber,trades,House Barbershop,United States,,,direct,5,Barber,His surname is the trade he practises at House Barbershop in Rockaway New Jersey.,,unknown,https://juliobarber.com/,,,Owner of House Barbershop.,verified
apt-0681,Justin Cox,Justin,Cox,urologist,medicine,,United States,,,semantic,2,Cox,Cox is slang for penis in urology contexts per Limb et al.,,unknown,https://npiregistry.cms.hhs.gov/,,,Audit: Common surname with glancing link; rubric score 2 not 3.,probable
apt-0682,Justin M. Bieber,Justin M.,Bieber,Personal injury attorney,law,J. Bieber Law,United States,,,other,2,Bieber,His name matches the pop star while he runs a Philadelphia personal-injury firm.,German occupational surname (beekeeper),unknown,https://www.legalcheek.com/2016/02/lawyers-with-brilliant-names-you-just-couldnt-make-up/,,,Discovery source only; verify firm separately if needed. Audit: Legal Cheek listicle is discovery source only; firm page not verified.,borderline
apt-0683,Justin Steele,Justin,Steele,MLB pitcher,sports,Chicago Cubs,United States,1995,,wordplay,2,Steele,"His surname is a near-homophone of steal, a baserunning play.",,unknown,https://www.baseball-reference.com/players/s/steelju01.shtml,,,,verified
apt-0684,Karen Riveros,Karen,Riveros,freestyle swimmer,sports,,Paraguay,1994,,semantic,3,Riveros,"Riveros evokes rivers, fitting for a competitive swimmer.",,unknown,https://www.olympedia.org/athletes/127164,,,Flagged automatically: connection wording asserts a loose link.,borderline
apt-0685,Karin Slaughter,Karin,Slaughter,crime novelist,arts,,United States,1971,,semantic,4,Slaughter,Her surname names violence central to crime fiction.,,birth_name,https://en.wikipedia.org/wiki/Karin_Slaughter,,https://www.theguardian.com/lifeandstyle/2024/sep/17/aptronym-job-normative-determinism,,verified
apt-0686,Karl B. Major,Karl,Major,U.S. Air Force lieutenant colonel and test pilot,military,United States Air Force,United States,,,semantic,4,Major,His surname is Major while he retired as a lieutenant colonel and test pilot.,,unknown,https://airandspace.si.edu/support/wall-of-honor/ltc-karl-b-major-usaf-ret,,,,verified
apt-0687,Kathleen Flood,Kathleen,Flood,hydraulic engineer,science,U.S. Army Engineer Research and Development Center,United States,,,semantic,5,Flood,Flood names inundation fitting an engineer who co-authored work on Mesopotamian waterways.,,unknown,https://www.neatorama.com/2013/03/19/The-Name-Number-for-Geology-and-for-Other-Professions/,,https://www.neatorama.com/2013/03/19/The-Name-Number-for-Geology-and-for-Other-Professions/,Coauthor Historical Development of Engineered Waterways in Iraq.,probable
apt-0688,Katie Volynets,Katie,Volynets,tennis player,sports,,United States,2001,,phonetic,4,Volynets,Her surname sounds like volley nets in tennis.,,birth_name,https://en.wikipedia.org/wiki/Katie_Volynets,,https://en.wikipedia.org/wiki/Aptronym,,verified
apt-0689,Katja Frieler,Katja,Frieler,climate impact scientist,science,Potsdam Institute for Climate Impact Research,Germany,,,semantic,1,Frieler,Her surname Frieler is not weather-related though she studies extreme weather impacts.,,unknown,https://www.pik-potsdam.de/members/frieler,,,IPCC AR6 WG2 lead author.,borderline
apt-0690,Katrina Butcher,Katrina,Butcher,consultant upper gastrointestinal surgeon,medicine,University Hospitals Bristol and Weston NHS Foundation Trust,United Kingdom,,,ironic,3,Butcher,Butcher ironically suggests crude cutting though she performs precise upper GI surgery.,,unknown,https://beta.jobs.nhs.uk/candidate/jobadvert/C9387-25-0853,,https://doi.org/10.1308/147363515X14134529299420,Butcher surname in Limb et al. 2015 general surgery list. Audit: Butcher/ironic cutting moderate; NHS job advert is ephemeral source. Flagged automatically: connection wording asserts a loose link.,borderline
apt-0691,Keith Foulke,Keith,Foulke,MLB relief pitcher,sports,Boston Red Sox,United States,1972,,wordplay,4,Foulke,"His surname homophonically matches foul, a common pitch result.",,unknown,https://www.baseball-reference.com/players/f/foulkke01.shtml,,,,verified
apt-0692,Keith Miller,Keith,Miller,cricketer,sports,Australia,Australia,1919,2004,semantic,2,Miller,"Miller grinds grain, a faint echo for an all-rounder who ground down opponents.",,birth_name,https://en.wikipedia.org/wiki/Keith_Miller,,https://www.espncricinfo.com/story/espncricinfo-xi-cricketers-names-that-are-also-professions-722219,Australian cricket great; RAF pilot in WWII. Flagged automatically: connection wording asserts a loose link.,borderline
apt-0693,Keith Weed,Keith,Weed,horticulture society president,trades,Royal Horticultural Society,England,1961,,semantic,5,Weed,Weeds are central to gardening and horticulture.,,birth_name,https://en.wikipedia.org/wiki/Keith_Weed,,https://en.wikipedia.org/wiki/Aptronym,,verified
apt-0694,Kelly Armstrong,Kelly,Armstrong,U.S. representative and governor,politics,United States House of Representatives,United States,1976,,semantic,3,Armstrong,Armstrong evokes armed strength for a congressman who later became North Dakota governor.,,birth_name,https://en.wikipedia.org/wiki/Kelly_Armstrong,,,Audit: Armstrong evokes armed strength via hedging; common surname padding.,rejected
apt-0695,Kelly Goodburn,Kelly,Goodburn,NFL punter,sports,Washington Redskins,United States,1962,,wordplay,3,Goodburn,His surname suggests a good burn on a long punt.,,unknown,https://www.pro-football-reference.com/players/G/GoodKe20.htm,,,Flagged automatically: connection wording asserts a loose link.,borderline
apt-0696,Kelly Woods,Kelly,Woods,wildland fire manager,trades,National Park Service Wildland Fire Program,United States,,,semantic,4,Woods,"Her surname Woods denotes forests, the fuel for the wildland fires she manages.",,unknown,https://www.nps.gov/orgs/1965/kelly-woods-llc-manager.htm,https://en.wiktionary.org/wiki/wood,,Wildland Fire Lessons Learned Center manager.,verified
apt-0697,Ken Drinkwater,Ken,Drinkwater,oceanographer,science,Bedford Institute of Oceanography,Canada,,,semantic,5,Drinkwater,Drinkwater names drinking water fitting a physical oceanographer studying marine ecosystems.,,unknown,https://essas.arc.hokudai.ac.jp/essas_ssc/ken-drinkwater/,,https://www.neatorama.com/2013/03/19/The-Name-Number-for-Geology-and-for-Other-Professions/,Later at Institute of Marine Research Bergen.,verified
apt-0698,Ken Green,Ken,Green,professional golfer,sports,,United States,1958,,semantic,3,Green,Green is the closely mown surface golfers aim to reach.,,birth_name,https://en.wikipedia.org/wiki/Ken_Green_(golfer),,,,verified
apt-1294,Ken Rush,Ken,Rush,NASCAR driver,sports,NASCAR Cup Series,United States,1931,2011,semantic,4,Rush,"Rush names the speed stock-car drivers chase, his trade across 56 NASCAR Cup starts.",,birth_name,https://en.wikipedia.org/wiki/Ken_Rush,,https://www.racing-reference.info/driver/Ken_Rush/,1957 NASCAR Rookie of the Year; distinct from NFL tackle Anthony Rush.,verified
apt-0699,Ken Weathers,Ken,Weathers,chief meteorologist,weather,WATE Knoxville,United States,,,semantic,5,Weathers,"His surname is the plural of weather, the subject of his entire career.",,unknown,https://www.wate.com/author/ken-weathers/,https://en.wiktionary.org/wiki/weather,,,verified
apt-0700,Kenneth Angell,Kenneth,Angell,Catholic bishop,religion,Diocese of Burlington,United States,1930,2016,semantic,4,Angell,"Angell evokes angels, fitting a prelate whose motto was to serve the Lord with gladness.",,birth_name,https://en.wikipedia.org/wiki/Kenneth_Anthony_Angell,,https://www.theledger.com/story/news/2003/07/26/theyve-heard-the-jokes-the-religious-people-with-names-like-sin-priest-pope/26065659007/,Bishop of Burlington Vermont 1992–2005. Audit: Angell evokes angels for bishop is unsourced given-name cliché.,rejected
apt-0701,Kerry Goode,Kerry,Goode,NFL running back,sports,Tampa Bay Buccaneers,United States,1966,,wordplay,2,Goode,"His surname is good, a word coaches use to praise solid play.",,unknown,https://www.pro-football-reference.com/players/G/GoodKe00.htm,,,,verified
apt-0702,Kevin Admiral,Kevin,Admiral,U.S. Army general,military,,United States,,,ironic,4,Admiral,His surname is a naval rank though he became an Army brigadier general.,,unknown,https://en.wikipedia.org/wiki/Aptronym,,https://en.wikipedia.org/wiki/Aptronym,"Inaptronym; verified via Fox News report on promotion cited on Wikipedia. Audit: person_source_url is generic Wikipedia aptronym list page, not a source establishing this person.",rejected
apt-0703,Kevin Blinder,Kevin,Blinder,ophthalmologist,medicine,,United States,,,wordplay,3,Blinder,His surname evokes blinders and eyesight.,,unknown,https://slate.com/news-and-politics/2005/12/charol-shakeshaft-topped.html,,https://slate.com/news-and-politics/2005/12/charol-shakeshaft-topped.html,Audit: Blinder/blinders moderate wordplay. Flagged automatically: connection wording asserts a loose link.,borderline
apt-0704,Kevin Farmer,Kevin,Farmer,director of conservation engineering,trades,USDA Natural Resources Conservation Service,United States,,,direct,5,Farmer,His surname Farmer literally names the agricultural clients his NRCS division serves.,,unknown,https://www.nrcs.usda.gov/getting-assistance/technical-assistance/engineering/conservation-eng-responsibilities,https://en.wiktionary.org/wiki/farmer,,"Named as Director, Conservation Engineering Division on the NRCS engineering responsibilities page; also USDA Dam Safety Officer. Audit: The office-of-the-chief directory times out and rotates as staff change. Replaced with the standing NRCS engineering page, which names him as division director.",verified
apt-0705,Kevin Hunter Sharp,Kevin Hunter,Sharp,U.S. district judge,law,U.S. District Court for the Middle District of Tennessee,United States,1963,,semantic,3,Hunter,His middle name Hunter evokes investigators who hunt evidence for trial.,Middle name Hunter,unknown,https://www.fjc.gov/history/judges/sharp-kevin-hunter,https://www.etymonline.com/word/hunt,,Flagged automatically: connection wording asserts a loose link.,borderline
apt-0706,Khemo Rivera,Khemo,Rivera,freestyle swimmer,sports,,United States Virgin Islands,1975,,semantic,3,Rivera,"Rivera evokes rivers, fitting for an Olympic 50 m freestyle swimmer.",,unknown,https://www.olympedia.org/athletes/48385,,,Flagged automatically: connection wording asserts a loose link.,borderline
apt-0707,Kim Batten,Kim,Batten,400 m hurdler,sports,,United States,1967,,semantic,2,Batten,"Batten suggests fastening hurdles, a faint fit for a world-champion 400 m hurdler.",,unknown,https://www.olympedia.org/athletes/77756,,,,borderline
apt-0708,Kim Yu-Seok,Kim,Yu-Seok,pole vaulter,sports,,South Korea,1982,,ironic|phonetic,3,Yoo Suk,"Romanized as Yoo Suk Kim, his name reads like an English obscenity unrelated to vaulting.",,unknown,https://www.olympedia.org/athletes/106561,,https://www.olympics.com/en/athletes/yoo-suk-kim,Also rendered Kim Yoo-Suk.,verified
apt-0709,King Whetstone,King,Whetstone,director of field operations,trades,USDA National Agricultural Statistics Service,United States,,,semantic,2,Whetstone,His surname Whetstone names a sharpening stone used in farming and forestry tools.,,unknown,https://www.nass.usda.gov/About_NASS/NASS_Biographies/whetstone.php,https://en.wiktionary.org/wiki/whetstone,,NASS Western Field Operations director. Audit: Whetstone is a common word/surname; sharpening-stone echo for NASS director is generic.,rejected
apt-0710,Kirby Puckett,Kirby,Puckett,MLB center fielder,sports,Minnesota Twins,United States,1960,2006,wordplay,3,Puckett,"His surname contains puck, the object used in ice hockey.",,unknown,https://www.baseball-reference.com/players/p/puckeki01.shtml,,,,verified
apt-0711,Kit Bond,Kit,Bond,U.S. senator and governor,politics,United States Senate,United States,1939,2025,semantic,3,Bond,"His surname is Bond, evoking government bonds and fiscal policy he handled as senator and governor.",,birth_name,https://en.wikipedia.org/wiki/Kit_Bond,,,Known as Christopher Bond. Audit: Bond evokes government bonds via hedging; common surname with no pointed fiscal fit.,rejected
apt-0712,Kiyoshi Kurosawa,Kiyoshi,Kurosawa,film director,arts,,Japan,1955,,translation,4,Kurosawa,"Kurosawa means black swamp, apt for a director of eerie Japanese horror.",Japanese: black + swamp,birth_name,https://en.wikipedia.org/wiki/Kiyoshi_Kurosawa,https://en.wikipedia.org/wiki/Kurosawa_(surname),,No relation to Akira Kurosawa. Audit: Same black-swamp stretch applied to unrelated horror director Kiyoshi Kurosawa.,rejected
apt-0713,Klaske Meester,Klaske,Meester,primary school teacher,education,,Netherlands,,,translation,5,Meester,Meester means teacher in Dutch; she works as a schoolteacher.,Dutch: teacher/master,unknown,https://www.538.nl/radio/538-nieuws/artikelen/ferry-kok-die-als-kok-werkt-op-een-ferry-wint-de-eerste-hennie-de-haan-cup,https://en.wiktionary.org/wiki/meester,https://onzetaal.nl/educatie/ik-zit-op-de/basisschool/bijzondere-woorden/aptoniem,Person verified via Radio 538 list only.,probable
apt-0714,Klaus Bischoff,Klaus,Bischoff,chess grandmaster,sports,,Germany,1961,,translation,4,Bischoff,"Bischoff is German for bishop, a chess piece he spent his career moving.",German bishop (chess piece),birth_name,https://en.wikipedia.org/wiki/Klaus_Bischoff,https://en.wiktionary.org/wiki/Bischoff,,Two-time German national champion.,verified
apt-0715,Kobbie Mainoo,Kobbie,Mainoo,football midfielder,sports,Manchester United,England,2005,,wordplay,3,Mainoo,His surname is heard as Man U by fans who use that pejorative for Manchester United.,,birth_name,https://en.wikipedia.org/wiki/Kobbie_Mainoo,,https://www.nytimes.com/athletic/6524643/2025/08/04/football-names-clubs-managers-arsenal-wenger/,"Youth product at Old Trafford. Audit: Mainoo/Man U homophone is fan slang, not a documented name meaning or pun.",rejected
apt-0716,Kristi Kinder,Kristi,Kinder,pediatrician,medicine,,United States,,,semantic,3,Kinder,"Kinder means children in German, matching her paediatric specialty.","German kinder, children",unknown,https://npiregistry.cms.hhs.gov/,https://en.wiktionary.org/wiki/kinder,https://doi.org/10.1308/147363515X14134529299420,Kinder surname in Limb et al. 2015 paediatrics list. Audit: Common surname with glancing link; rubric score 3 not 4.,probable
apt-0717,Kyuji Fujikawa,Kyuji,Fujikawa,baseball pitcher and manager,sports,Hanshin Tigers,Japan,1980,,translation,4,Kyuji,Kyuji (球児) means ball child in Japanese; he recorded 245 saves as a closer.,Japanese: ball child,unknown,https://ja.wikipedia.org/wiki/%E8%97%A4%E5%B7%9D%E7%90%83%E5%85%90,https://en.wiktionary.org/wiki/%E7%90%83,https://ja.wikipedia.org/wiki/%E3%82%A2%E3%83%97%E3%83%88%E3%83%AD%E3%83%8B%E3%83%A0,Given name not surname; cited in Japanese aptronym lists.,verified
apt-0718,Lake Speed,Lake,Speed,NASCAR driver,transport,,United States,1948,,semantic,5,Speed,"Speed names velocity, the essence of stock-car racing he practised for 402 Cup starts.",,birth_name,https://en.wikipedia.org/wiki/Lake_Speed,,https://www.nbcsports.com/nascar/news/lake-speed-nascar-karting-bobby-hillin-jr-darrell-waltrip-darlington-raceway,1988 TranSouth 500 winner at Darlington.,verified
apt-0719,Lance Painter,Lance,Painter,MLB pitcher,sports,Colorado Rockies,United States,1967,,direct,5,Painter,His surname matches the position name pitcher.,,unknown,https://www.baseball-reference.com/players/p/paintla01.shtml,,,,verified
apt-0720,Lang Lang,Lang,Lang,pianist,arts,,China,1982,,translation,3,Lang,"Lang means brilliant or wolf in Chinese depending on character, apt for a flamboyant virtuoso.",Chinese: brilliant / wolf,birth_name,https://en.wikipedia.org/wiki/Lang_Lang,https://en.wiktionary.org/wiki/%E6%9C%97,,Audit: Lang/brilliant or wolf depending on character is ambiguous Chinese given-name stretch.,rejected
apt-0721,Larry Foote,Larry,Foote,NFL linebacker,sports,Pittsburgh Steelers,United States,1980,,direct,3,Foote,His surname is the body part most associated with American football.,,unknown,https://www.pro-football-reference.com/players/F/FootLa20.htm,,,"Audit: Foote/foot is a glancing body-part echo, not direct occupational fit; not a 5.",verified
apt-0722,Larry Playfair,Larry,Playfair,ice hockey player,sports,,Canada,1960,,ironic,3,Playfair,His surname suggests fair play though he was known for fighting.,,birth_name,https://en.wikipedia.org/wiki/Larry_Playfair,,https://en.wikipedia.org/wiki/Aptronym,Flagged automatically: connection wording asserts a loose link.,borderline
apt-0723,Larry Speakes,Larry,Speakes,White House press secretary,politics,,United States,1939,2014,phonetic,4,Speakes,"His surname is a homophone of speaks, the core act of a spokesperson.",,birth_name,https://en.wikipedia.org/wiki/Larry_Speakes,,https://en.wikipedia.org/wiki/Aptronym,,verified
apt-0724,Larry Sprinkle,Larry,Sprinkle,chief meteorologist,weather,WCNC Charlotte,United States,,,semantic,5,Sprinkle,"His surname is sprinkle, light intermittent precipitation he forecasts for viewers.",,unknown,https://www.wcnc.com/article/about-us/larry-spinkle-40th-anniversary-job/275-c1d137f2-679d-470b-bb40-a7fbfcb7bf26,https://en.wiktionary.org/wiki/sprinkle,https://www.washingtonpost.com/news/capital-weather-gang/wp/2016/03/16/the-20-funniest-and-most-fitting-names-in-weather/,WFAE and Washington Post both cite Sprinkle as a nominative-determinism example.,verified
apt-0725,Laura Knott-Twine,Laura,Knott-Twine,textile museum founder,education,,United States,,,semantic,4,Knott-Twine,Her surname references thread used in Windham's textile history.,,unknown,https://slate.com/news-and-politics/2005/12/charol-shakeshaft-topped.html,,https://slate.com/news-and-politics/2005/12/charol-shakeshaft-topped.html,,probable
apt-0726,Lauryn Mark,Lauryn,Mark,skeet shooter,sports,,Australia,1980,,semantic,4,Mark,"Mark means a target hit, apt for an Olympic skeet shooter.",,unknown,https://www.olympedia.org/athletes/104727,,,Wife of Russell Mark.,verified
apt-0727,Lavor Postell,Lavor,Postell,NBA forward,sports,New York Knicks,United States,1978,,wordplay,3,Postell,"His surname Postell contains post, the low-block position.",,unknown,https://www.basketball-reference.com/players/p/postela01.html,,,,verified
apt-0728,Lawrence Bone,Lawrence,Bone,orthopedic surgeon,medicine,St. Joseph's Health Hospital,United States,,,semantic,5,Bone,Bone names the skeletal tissue at the core of orthopaedic surgery.,,unknown,https://www.healthgrades.com/physician/dr-lawrence-bone-y955w,,https://www.standard.co.uk/lifestyle/the-name-game-the-weird-science-of-nominative-determinism-6384728.html,"Person source is a physician directory listing, specialty self-reported.",probable
apt-0729,Lawrence Casler,Lawrence,Casler,psychologist,science,SUNY Geneseo,United States,,,other,2,Casler,Casler compiled early nominative determinism examples without a personal name-occupation fit.,,unknown,https://doi.org/10.2466/pr0.1975.36.2.467,,https://www.newscientist.com/article/1849552-feedback-507/,Author of Put the Blame on Name (1975).,verified
apt-0730,Layne Beachley,Layne,Beachley,surfer,sports,,Australia,1972,,semantic,4,Beachley,Her surname evokes beaches where surfing takes place.,,birth_name,https://en.wikipedia.org/wiki/Layne_Beachley,,https://en.wikipedia.org/wiki/Aptronym,Flagged automatically: connection wording asserts a loose link.,borderline
apt-1295,Lazarus Zographos,Lazarus,Zographos,iconographer and monk,religion,,Byzantine Empire,810,865,translation,5,Zographos,He was surnamed Zographos meaning the Painter and worked as a Byzantine iconographer.,Greek: painter (zographos),birth_name,https://en.wikipedia.org/wiki/Lazarus_Zographos,https://en.wikipedia.org/wiki/Zografos,,,verified
apt-0731,Learned Hand,Learned,Hand,federal judge,law,U.S. Court of Appeals for the Second Circuit,United States,1872,1961,semantic|wordplay,4,Hand,A judge's craft is often called the learned hand of the law.,Given name Learned; birth name Billings Learned Hand per FJC,birth_name,https://en.wikipedia.org/wiki/Learned_Hand,https://www.etymonline.com/word/hand,https://en.wikipedia.org/wiki/Aptronym,Influential Second Circuit jurist.,verified
apt-1296,Lee Ballanfant,Lee,Ballanfant,MLB umpire,sports,Major League Baseball,United States,1895,1987,wordplay,5,Ballanfant,Ball names the baseball his fair-foul calls judged at first base.,,birth_name,https://en.wikipedia.org/wiki/Lee_Ballanfant,,https://www.retrosheet.org/downloads/csvumpires.html,Four World Series as NL umpire 1936-1957.,verified
apt-0732,Lee Speakman,Lee,Speakman,Barrister,law,Exchange Chambers,United Kingdom,,,phonetic,4,Speak,"Speakman embeds speak, the barrister's primary courtroom activity.",English occupational compound (speak + man),unknown,https://my.legal500.com/firms/9338-exchange-chambers/9338-liverpool-england/lawyers/565134-lee-speakman/,,https://www.counselmagazine.co.uk/articles/the-name-of-the-law,Called 2010; Liverpool/Manchester set.,verified
apt-0733,Leon Billings,Leon,Billings,lobbyist,business,American Public Power Association,United States,1937,2016,semantic,4,Billings,"Billings suggests invoices sent for services, apt for a professional lobbyist.",,unknown,https://scarab.bates.edu/muskie_oh/40/,,https://slate.com/news-and-politics/2005/12/charol-shakeshaft-topped.html,Chief architect of the 1970 Clean Air Act on Capitol Hill. Audit: Billings suggests invoices for lobbyist is unsourced occupational stretch.,rejected
apt-0734,Leon Brittan,Leon,Brittan,Home Secretary of the United Kingdom,politics,Home Office,United Kingdom,1939,2015,semantic,3,Brittan,"Brittan suggests Britain, fitting a cabinet minister responsible for domestic security and policing.",,birth_name,https://en.wikipedia.org/wiki/Leon_Brittan,,https://en.wikipedia.org/wiki/Aptronym,Home Secretary 1983–1985. Flagged automatically: connection wording asserts a loose link.,borderline
apt-0735,"Leon ""Stormy"" Rottman",Leon,Rottman,chief meteorologist,weather,KUSA Denver,United States,1918,2000,semantic,2,Stormy,His professional nickname Stormy matched the storms he forecast on Denver television.,,professional_name,https://en.wikipedia.org/wiki/Stormy_Rottman,https://en.wiktionary.org/wiki/stormy,https://www.washingtonpost.com/news/capital-weather-gang/wp/2016/03/16/the-20-funniest-and-most-fitting-names-in-weather/,"Birth name Leon Rottman; Stormy was station nickname. Audit: Stormy was a professional broadcast nickname, so the fit was manufactured by the job rather than coincidental. Was carrying a score of 5.",borderline
apt-0736,Leonard Lance,Leonard,Lance,U.S. representative,politics,United States House of Representatives,United States,1952,,semantic,3,Lance,"His surname Lance names a spear, a weak martial echo for a New Jersey congressman.",,unknown,https://bioguide.congress.gov/search/bio/L000567,,,Audit: Lance/spear martial echo for a New Jersey congressman is generic common-surname padding.,rejected
apt-0737,Leonard Waterworth,Leonard,Waterworth,port executive director,transport,Port of Houston Authority,United States,,,semantic,4,Waterworth,"Waterworth embeds water, apt for the executive director of a major seaport.",,unknown,https://www.houstonpublicmedia.org/articles/news/2012/02/13/33031/waterworth-takes-helm-at-port-of-houston/,,https://en.wikipedia.org/wiki/Aptronym,Executive director Port of Houston 2012–2014.,verified
apt-0738,Leopold Arzt,Leopold,Arzt,dermatologist,medicine,University of Vienna,Austria,1883,1955,translation,5,Arzt,Arzt is German for doctor and he became professor and rector of Vienna's medical faculty.,German: Arzt (doctor),birth_name,https://de.wikipedia.org/wiki/Leopold_Arzt,https://en.wiktionary.org/wiki/Arzt,https://www.umb.edu.pl/photo/pliki/progress-file/phs/phs_2013_2/171-174_ohry.pdf,Persecuted after the Anschluss; reinstated 1945.,verified
apt-0739,Les McBurney,Les,McBurney,Firefighter and fire investigator,law,Sun Prairie Fire Department,United States,,,wordplay,5,McBurney,"McBurney combines Les with burn, making a firefighter whose name literally says burn.",Scottish/Irish Mac + burn + ey,unknown,https://radiolab.org/podcast/hello-my-name/transcript,,https://sketchplanations.com/nominative-determinism,31-year Sun Prairie fire department veteran; lead fire investigator.,verified
apt-0740,Les Plack,Les,Plack,dentist,medicine,,United States,,,phonetic,4,Plack,Plaque is a dental term homophone of his name.,,unknown,https://www.chicagotribune.com/1995/05/07/a-field-day-with-aptly-named-workers/,,https://www.chicagotribune.com/1995/05/07/a-field-day-with-aptly-named-workers/,,borderline
apt-0741,Lesley-Ann Dupigny-Giroux,Lesley-Ann,Giroux,state climatologist,weather,University of Vermont,United States,,,semantic,2,Giroux,Her surname Giroux may derive from Old French garde-wolf; weak link to wild nature in climatology.,French,unknown,https://www.uvm.edu/cas/geography/profile/lesley-ann-l-dupigny-giroux,https://en.wiktionary.org/wiki/Giroux,,Vermont State Climatologist since 1997; etymology soft.,borderline
apt-0742,Lewis Carroll,Lewis,Carroll,author and mathematician,arts,,England,1832,1898,wordplay,3,Carroll,"Carroll echoes carol, a song form echoed in his nonsense verse.",,pseudonym,https://en.wikipedia.org/wiki/Lewis_Carroll,,,Birth name Charles Lutwidge Dodgson. Flagged automatically: connection wording asserts a loose link.,borderline
apt-0743,Lewis Lipsitt,Lewis,Lipsitt,psychology professor,science,Brown University,United States,,,semantic,3,Lipsitt,"He studied infant sucking behavior, linking lips in his surname.",,unknown,https://en.wikipedia.org/wiki/Nominative_determinism,,https://en.wikipedia.org/wiki/Nominative_determinism,,probable
apt-0744,Lewis Moist,Lewis,Moist,freestyle swimmer,sports,,United Kingdom,1881,1940,semantic,4,Moist,"Moist suggests wetness, apt for an Olympic 1500 m freestyle swimmer.",,unknown,https://www.olympedia.org/athletes/47347,,https://www.npr.org/sections/thetorch/2012/07/25/157360922/olympic-athletes-names-endurance-track-moist-swimming-and-a-leeper,Flagged automatically: connection wording asserts a loose link.,borderline
apt-0745,Liam Puncher,Liam,Puncher,Australian rules footballer,sports,Collingwood,Australia,2001,,semantic,3,Puncher,His surname Puncher evokes the physical contest of AFL football.,,unknown,https://www.afltables.com/afl/stats/players/L/Liam_Puncher.html,,,Collingwood listed player. Flagged automatically: connection wording asserts a loose link.,borderline
apt-0746,Lieselot Marinus,Lieselot,Marinus,Director at the European Community Shipowners' Association,politics,European Community Shipowners' Association,Belgium,,,translation,4,Marinus,"Marinus derives from Latin for of the sea, fitting a shipping-industry director.",Latin: of the sea,unknown,https://www.politico.eu/article/nominative-determinism-brief-history-of-names-that-sound-like-jobs/,https://en.wiktionary.org/wiki/marinus,https://www.politico.eu/article/nominative-determinism-brief-history-of-names-that-sound-like-jobs/,,probable
apt-0747,Lieutenant Mike Kafka,Mike,Kafka,Navy spokesman,military,U.S. Navy,United States,,,semantic,3,Kafka,He spoke for Guantanamo Bay amid Kafkaesque legal controversy.,,unknown,https://en.wikipedia.org/wiki/Nominative_determinism,,https://en.wikipedia.org/wiki/Nominative_determinism,Audit: Connection depends on Kafkaesque literary allusion to Guantanamo; not a name-meaning aptronym.,rejected
apt-0748,Lindsay Sleeper,Lindsay,Sleeper,anesthesiologist,medicine,,United States,,,semantic,5,Sleeper,"Sleeper denotes sleep, the goal of anaesthesia.",,unknown,https://npiregistry.cms.hhs.gov/,,https://npiregistry.cms.hhs.gov/,Audit: person_source_url is NPI registry homepage only; confirms licence exists but not specialty or employer from this URL.,probable
apt-0749,Lindsey Cox,Lindsey,Cox,urologist,medicine,,United States,,,semantic,2,Cox,Cox is anatomical slang relevant to urology.,,unknown,https://npiregistry.cms.hhs.gov/,,,Audit: Common surname with glancing link; rubric score 2 not 3.,probable
apt-0750,Liniker,Liniker,de Barros Ferreira Campos,singer-songwriter,arts,,Brazil,1995,,wordplay,3,Liniker,Liniker was named after English striker Gary Lineker by football-loving parents.,,birth_name,https://en.wikipedia.org/wiki/Liniker,,https://www.theguardian.com/world/2024/dec/25/liniker-the-brazilian-musical-sensation-named-after-gary-lineker,Full name Liniker de Barros Ferreira Campos. Audit: Guardian confirms uncle named Liniker after Gary Lineker; manufactured given name not coincidence.,rejected
apt-0751,Lionel Baker,Lionel,Baker,cricketer,sports,West Indies,Montserrat,1987,,semantic,2,Baker,His surname Baker completes the Butcher-Baker profession pun in cricket.,,birth_name,https://en.wikipedia.org/wiki/Lionel_Baker,,https://www.espncricinfo.com/story/espncricinfo-xi-cricketers-names-that-are-also-professions-722219,Only Test cricketer from Montserrat.,verified
apt-0752,Lionel Tiger,Lionel,Tiger,anthropologist,science,,,1937,,semantic,3,Tiger,He co-authored The Imperial Animal about human nature.,,birth_name,https://en.wikipedia.org/wiki/Lionel_Tiger,,https://en.wikipedia.org/wiki/Nominative_determinism,,verified
apt-0753,Lis Frost,Lis,Frost,cross-country skier,sports,,Sweden,1961,,semantic,4,Frost,"Frost is ice crystals on cold surfaces, apt for a Winter Olympian skier.",,unknown,https://www.olympedia.org/athletes/81095,,,,verified
apt-0754,Lisa Lightfoot,Lisa,Lightfoot,800 m runner,sports,,Australia,1966,,semantic,4,Lightfoot,Lightfoot suggests fleet running for an Olympic 800 m specialist.,,unknown,https://www.olympedia.org/athletes/64541,,,Flagged automatically: connection wording asserts a loose link.,borderline
apt-0755,Lloy Ball,Lloy,Ball,volleyball player,sports,United States national team,United States,1972,,semantic,5,Ball,"His surname is Ball, the object central to volleyball.",,birth_name,https://en.wikipedia.org/wiki/Lloy_Ball,,https://www.volleyhall.org/lloy-ball.html,2008 Olympic gold; Volleyball Hall of Fame 2015.,verified
apt-0756,Lloyd Mints,Lloyd,Mints,economist,science,,United States,1888,1979,semantic,4,Mints,He wrote on money supply; mints produce coinage.,,birth_name,https://en.wikipedia.org/wiki/Lloyd_Mints,,https://en.wikipedia.org/wiki/Aptronym,Audit: Lloyd_W._Mints title never existed; Lloyd Mints article covers the Chicago School economist who wrote on money supply and banking theory.,verified
apt-0757,Lorentz Fisker,Lorentz,Fisker,oceanographer,science,Royal Danish Navy,Denmark,1753,1819,translation,3,Fisker,Fisker means fisher in Danish; he mapped coasts and currents for the navy.,Danish: fisher,birth_name,https://en.wikipedia.org/wiki/Fisker_(surname),https://en.wiktionary.org/wiki/fisk,,Listed on Fisker surname page as oceanographer. Audit: person_source_url is a surname disambiguation page not a dedicated biographical source; oceanographer role confirmed on that page.,verified
apt-0758,Louis Agassiz,Louis,Agassiz,naturalist,science,Harvard University,Switzerland,1807,1873,other,2,Agassiz,Agassiz has no documented English link though he founded American glacial geology.,,birth_name,https://en.wikipedia.org/wiki/Louis_Agassiz,,,Promoted catastrophism and ice-age theory.,borderline
apt-0759,Louis Anatole La Garde,Louis Anatole,La Garde,military surgeon,medicine,U.S. Army Medical Corps,United States,1849,1920,translation,4,La Garde,La Garde means the guard in French fitting a U.S. Army colonel and military surgery pioneer.,French: la garde (the guard),birth_name,https://en.wikipedia.org/wiki/Louis_La_Garde,https://en.wiktionary.org/wiki/garde,https://www.umb.edu.pl/photo/pliki/progress-file/phs/phs_2013_2/171-174_ohry.pdf,Wrote Gunshot Injuries (1895). Audit: Louis_Anatole_La_Garde title never existed; Louis La Garde article covers the U.S. Army Medical Corps colonel and gunshot-wounds pioneer.,verified
apt-0760,Louis Armstrong,Louis,Armstrong,trumpeter and singer,arts,,United States,1901,1971,wordplay,3,Armstrong,"Armstrong reads as strong arm, apt for a trumpeter of muscular jazz phrasing.",English: strong arm,birth_name,https://en.wikipedia.org/wiki/Louis_Armstrong,,,"Nickname Satchmo from satchel mouth. Audit: Famous-name rationalising: the row reads Armstrong as strong arm and calls it apt for a trumpeter, but trumpet playing is a matter of breath and lips. The surname is genuine; the connection is invented.",rejected
apt-0761,Louis Henry Burns,Louis Henry,Burns,U.S. district judge,law,U.S. District Court for the Eastern District of Louisiana,United States,1878,1928,semantic,2,Burns,"His surname shares a root with burn, evoking arson and fire-related prosecutions.",English occupational surname,unknown,https://www.fjc.gov/history/judges/burns-louis-henry,https://www.etymonline.com/word/burn,,Former U.S. attorney for the Eastern District of Louisiana.,borderline
apt-0762,Louis Lumière,Louis,Lumière,cinema pioneer,arts,Lumière Company,France,1864,1948,translation,4,Lumière,Lumière means light in French; early film depended on light.,French: light,birth_name,https://en.wikipedia.org/wiki/Auguste_and_Louis_Lumi%C3%A8re,https://en.wiktionary.org/wiki/lumi%C3%A8re,https://en.wikipedia.org/wiki/Aptronym,,verified
apt-0763,Louis Pasteur,Louis,Pasteur,chemist,science,,France,1822,1895,phonetic,4,Pasteur,Pasteur resembles pasteurize the process he pioneered for food and wine.,,birth_name,https://en.wikipedia.org/wiki/Louis_Pasteur,,,Historical; name became a verb for sterilization. Flagged automatically: connection wording asserts a loose link.,borderline
apt-0764,Louise Slaughter,Louise,Slaughter,U.S. representative and Rules Committee chair,politics,United States House of Representatives,United States,1929,2018,semantic,2,Slaughter,"Slaughter suggests killing, a grim echo for a legislator who chaired House Rules.",,birth_name,https://en.wikipedia.org/wiki/Louise_M._Slaughter,,,Audit: Slaughter is a common surname; killing echo for a legislator is grim invented padding.,rejected
apt-0765,Luc Frieden,Luc,Frieden,Prime Minister of Luxembourg,politics,Government of Luxembourg,Luxembourg,1963,,translation,4,Frieden,"Frieden is German for peace, though he leads a government that includes defence portfolios.",German: peace,birth_name,https://en.wikipedia.org/wiki/Luc_Frieden,https://en.wiktionary.org/wiki/Frieden,https://www.politico.eu/article/nominative-determinism-brief-history-of-names-that-sound-like-jobs/,Former defence minister.,verified
apt-0766,Luchino Visconti,Luchino,Visconti,film director,arts,,Italy,1906,1976,translation,3,Visconti,"Visconti means viscount in Italian, apt for an aristocratic neorealist director.",Italian: viscount,birth_name,https://en.wikipedia.org/wiki/Luchino_Visconti,https://en.wiktionary.org/wiki/visconte,,Member of the Visconti di Modrone family.,verified
apt-0767,Lucius Cornelius Sulla Felix,Lucius,Sulla,Roman dictator,politics,Roman Republic,Roman Republic,-138,-78,translation,4,Sulla,Sulla may come from red or ruddy fitting the general whose bloody proscriptions stained Rome.,Latin: possibly rufus (red),unknown,https://en.wikipedia.org/wiki/Sulla,https://en.wiktionary.org/wiki/rufus,,Felix cognomen added after claiming fortune favored him. Audit: Felix cognomen was added after claiming fortune favored him; Sulla etymology is speculative.,rejected
apt-0768,Lucius Quinctius Cincinnatus,Lucius,Cincinnatus,Roman statesman and general,politics,Roman Republic,Roman Republic,-519,-430,translation,4,Cincinnatus,Cincinnatus means curly-haired in Latin for the dictator who twice returned to his farm.,Latin: curly-haired,birth_name,https://en.wikipedia.org/wiki/Lucius_Quinctius_Cincinnatus,https://en.wiktionary.org/wiki/Cincinnatus,,Model of civic virtue; namesake of Cincinnati. Audit: Cincinnatus means curly-haired; civic-virtue farm return is narrative not name meaning.,rejected
apt-0769,Luis Curvelo,Luis,Curvelo,minor league pitcher,sports,Gulf Coast League,Venezuela,1994,,wordplay,3,Curvelo,"His surname evokes curve, a common breaking pitch.",,unknown,https://www.baseball-reference.com/register/player.fcgi?id=curvel001lui,,,Flagged automatically: connection wording asserts a loose link.,borderline
apt-0770,Lukas Jäger,Lukas,Jäger,football midfielder,sports,SC Rheindorf Altach,Austria,1994,,translation,3,Jäger,"Jäger means hunter in German, loosely apt for a defensive midfielder.",German: hunter,birth_name,https://en.wikipedia.org/wiki/Lukas_J%C3%A4ger,https://en.wiktionary.org/wiki/J%C3%A4ger,,Austria under-21 international. Flagged automatically: connection wording asserts a loose link.,borderline
apt-0771,Luke Butcher,Luke,Butcher,head chef,food,Purnell's,United Kingdom,,,direct,5,Butcher,"His surname names the trade of cutting meat, which he practised as a Michelin-starred head chef.",English occupational surname,unknown,https://www.thecaterer.com/news/luke-batch-purnells-chef-restaurant,,,Head chef at Glynn Purnell's one Michelin-starred Purnell's for nearly 14 years.,verified
apt-0772,Luke Howard,Luke,Howard,meteorologist and cloud classifier,weather,Royal Society / amateur science,United Kingdom,1772,1864,other,3,Howard,"He created the Latin cloud nomenclature still used in meteorology, though Howard is not a weather word.",,birth_name,https://en.wikipedia.org/wiki/Luke_Howard,,,Father of cloud classification; surname not semantically apt but historically central to weather science.,borderline
apt-0773,M. Moran Weston,M. Moran,Weston,Episcopal priest and banker,business,Carver Federal Savings Bank,United States,1910,2002,wordplay,4,Weston,"He described himself as a banker-priest, combining finance and ministry in Harlem.",,birth_name,https://en.wikipedia.org/wiki/M._Moran_Weston,,,Helped found Carver Bank; rector of St. Philip's Church Harlem.,verified
apt-0774,Mackenzie Lake,Mackenzie,Lake,chief meteorologist,weather,KEYT Santa Barbara,United States,,,semantic,4,Lake,Her surname Lake denotes standing water bodies tied to microclimate forecasting.,,unknown,https://keyt.com/meet-the-team/2023/06/13/mackenzie-lake/,https://en.wiktionary.org/wiki/lake,,,verified
apt-0775,Major Owens,Major,Owens,U.S. representative,politics,United States House of Representatives,United States,1936,2007,semantic,4,Major,"His given name is Major, the army rank, during twelve terms representing Brooklyn.",,birth_name,https://en.wikipedia.org/wiki/Major_Owens,,,,verified
apt-0776,Malcolm Bolton,Malcolm,Bolton,geotechnical engineer,science,University of Cambridge,United Kingdom,,,semantic,4,Bolton,Bolton contains bolt fitting an expert in reinforced earth and bolted geotechnical structures.,,unknown,https://www-geo.eng.cam.ac.uk/directory/mdb8%40cam.ac.uk,,https://www.newscientist.com/article/mg14419546-200-feedback/,Professor emeritus of soil mechanics; reinforcement specialist.,verified
apt-0777,Malcolm Champion,Malcolm,Champion,swimmer,sports,,New Zealand,1883,1939,semantic,5,Champion,"Champion means winner, apt for New Zealand's first Olympic swimming gold medalist.",,unknown,https://www.olympedia.org/athletes/45175,,,Olympedia calls him aptly named.,verified
apt-0778,Manfred Apt,Manfred,Apt,decathlete,sports,,East Germany,1949,,wordplay,3,Apt,"Apt means suitable, loosely fitting a multi-event track athlete.",,unknown,https://intersportstats.com/athletes/3000036995,,,"Audit: Apt/suitable meta-joke about aptronyms is self-referential padding, not sport fit.",rejected
apt-0779,Manlio Bacigalupo,Manlio,Bacigalupo,football goalkeeper,sports,Genoa,Italy,1908,1977,translation|ironic,3,Bacigalupo,"Bacigalupo means wolf-wounder in Ligurian, ironic for a goalkeeper.",Ligurian: wolf-wounder,birth_name,https://en.wikipedia.org/wiki/Bacigalupo,https://en.wikipedia.org/wiki/Bacigalupo,,Brother of Valerio; Genoa and Italy goalkeeper.,verified
apt-0780,Marc Webb,Marc,Webb,film director,arts,,United States,1970,,semantic,4,Webb,He directed The Amazing Spider-Man about a hero who uses webs.,,birth_name,https://en.wikipedia.org/wiki/Marc_Webb,,https://en.wikipedia.org/wiki/Aptronym,,verified
apt-0781,Marco Spijkerman,Marco,Spijkerman,carpenter,trades,,Netherlands,,,translation,4,Spijkerman,Spijkerman means nail man in Dutch; he works as a timmerman.,Dutch: nail man,unknown,https://www.538.nl/radio/538-nieuws/artikelen/ferry-kok-die-als-kok-werkt-op-een-ferry-wint-de-eerste-hennie-de-haan-cup,https://en.wiktionary.org/wiki/spijker,,Person from Radio 538 list only.,probable
apt-1297,Marco Velo,Marco,Velo,professional road cyclist,sports,Quick-Step,Italy,1974,,translation,5,Velo,"Velo is French for bicycle, the machine he raced as a professional road cyclist.",French: bicycle,birth_name,https://en.wikipedia.org/wiki/Marco_Velo,https://en.wiktionary.org/wiki/v%C3%A9lo,,Three-time Italian national time-trial champion.,verified
apt-0782,Marcus Tullius Cicero,Marcus Tullius,Cicero,Roman orator and statesman,politics,Roman Republic,Roman Republic,-106,-43,semantic,4,Cicero,Cicero is a Latin cognomen for chickpea said to describe an ancestor's nose or farm.,Latin: cicer (chickpea),birth_name,https://en.wikipedia.org/wiki/Marcus_Tullius_Cicero,https://penelope.uchicago.edu/Thayer/E/Roman/Texts/Plutarch/Lives/Cicero*.html,,Plutarch Life of Cicero records the chickpea cognomen on an ancestor's nose. Audit: Cicero (chickpea) was a descriptive cognomen for an ancestor's nose per Plutarch; not coincidental.,rejected
apt-0783,Margaret Boyle,Margaret,Boyle,dermatologist,medicine,,United States,,,semantic,2,Boyle,"Boyle evokes boil, a common skin lesion treated in dermatology.",,unknown,https://npiregistry.cms.hhs.gov/,,https://doi.org/10.1308/147363515X14134529299420,Boyle/Hickey dermatology surnames in Limb et al. 2015; verified via NPI registry as dermatologist. Audit: Common surname with glancing link; rubric score 2 not 3.,borderline
apt-1298,Margaret Chance,Margaret,Chance,principal consulting actuary,business,Milliman,United States,,,semantic,4,Chance,Chance names probability and uncertainty at the heart of actuarial work.,,unknown,https://www.milliman.com/en/consultants/Chance-Margaret,,,FSA MAAA; joined Milliman 2003; health insurance actuary.,verified
apt-0784,Margaret Court,Margaret,Court,tennis player,sports,,Australia,1942,,semantic,4,Court,Her surname names the tennis court she dominated.,,birth_name,https://en.wikipedia.org/wiki/Margaret_Court,,https://www.theguardian.com/lifeandstyle/2018/dec/15/hannah-jane-parkinson-names-inspire-choices-life,,verified
apt-0785,Margaret Hassan,Maggie,Hassan,U.S. senator and governor,politics,United States Senate,United States,1958,,semantic,2,Wood,Wood in her maiden name Margaret Wood is a weak nature link for a senator and governor.,,unknown,https://en.wikipedia.org/wiki/Maggie_Hassan,,,Born Margaret Wood Hassan. Audit: Wood maiden name is a common surname; nature echo for a senator/governor is padding.,rejected
apt-0786,Margaret Spellings,Margaret,Spellings,U.S. Secretary of Education,politics,,United States,1957,,semantic,3,Spellings,"Her surname evokes spelling, core to education.",,birth_name,https://en.wikipedia.org/wiki/Margaret_Spellings,,https://slate.com/news-and-politics/2005/12/charol-shakeshaft-topped.html,Audit: Spellings/spelling echo is legitimate but common surname; 3 not 4. Flagged automatically: connection wording asserts a loose link.,borderline
apt-0787,Margaret Storey,Margaret,Storey,historian,science,DePaul University,United States,,,semantic,4,Storey,Storey resembles story fitting a historian who writes narrative history of the Civil War.,,unknown,https://www.depaul.edu/faculty/margaret-storey,,,Professor of U.S. history. Flagged automatically: connection wording asserts a loose link.,borderline
apt-0788,Margit Kovács,Margit,Kovács,ceramic sculptor,arts,,Hungary,1902,1977,translation,4,Kovács,Kovács means blacksmith in Hungarian; she was a celebrated sculptor working in clay.,Hungarian: blacksmith,birth_name,https://en.wikipedia.org/wiki/Margit_Kov%C3%A1cs,https://en.wiktionary.org/wiki/kov%C3%A1cs,,,verified
apt-0789,Marianne Merchez,Marianne,Merchez,astronaut and airline pilot,transport,European Space Agency,Belgium,1960,,semantic,3,Merchez,Merchez holds an airline transport pilot license alongside her astronaut training.,,birth_name,https://en.wikipedia.org/wiki/Marianne_Merchez,,,Belgian doctor and professional Boeing 737 co-pilot. Audit: Connection cites pilot license only; Merchez has no documented name-to-astronaut fit.,rejected
apt-0790,Marie T. Harte,Marie,Harte,consultant cardiologist,medicine,Saint Laurence's Hospital,Ireland,,,phonetic,4,Harte,"Harte is a homophone of heart, the organ at the centre of cardiology.",,unknown,https://doi.org/10.1378/chest.93.2.339,,https://www.bmj.com/content/347/bmj.f6627,Named in Keaney et al. 2013 as a Dublin cardiologist example.,verified
apt-0791,Marilyn vos Savant,Marilyn,vos Savant,columnist,media,,United States,1946,,translation,3,Savant,Savant denotes exceptional intelligence; she held highest recorded IQ.,"French: savant, learned person",professional_name,https://en.wikipedia.org/wiki/Marilyn_vos_Savant,https://en.wiktionary.org/wiki/savant,https://en.wikipedia.org/wiki/Aptronym,"Audit: Born Marilyn Mach; vos Savant is her mother's family name, which she adopted in preference to her father's, so the apt surname was chosen from within the family rather than inherited at birth. Wikipedia gives the birth name as Marilyn Mach.",probable
apt-0792,Mario Lek,Mario,Lek,plumber,trades,,Netherlands,,,translation,4,Lek,"Lek means leak in Dutch, apt for a loodgieter.",Dutch: leak,unknown,https://www.dbnl.org/tekst/dela012alge01_01/dela012alge01_01_05592.php,https://en.wiktionary.org/wiki/lek,https://www.538.nl/radio/538-nieuws/artikelen/ferry-kok-die-als-kok-werkt-op-een-ferry-wint-de-eerste-hennie-de-haan-cup,Listed in DBNL aptonym anthology.,probable
apt-0793,Marius Wolf,Marius,Wolf,football winger,sports,Borussia Mönchengladbach,Germany,1995,,semantic,2,Wolf,His surname Wolf evokes the animal without a club-name match.,,birth_name,https://en.wikipedia.org/wiki/Marius_Wolf,,,Germany international winger. Flagged automatically: connection wording asserts a loose link.,borderline
apt-0794,Mark Avery,Mark,Avery,conservation director,science,RSPB,England,,,semantic,3,Avery,"His surname relates to birds via aviary, fitting an ornithology conservationist.",,unknown,https://markavery.info/,,http://news.bbc.co.uk/today/hi/today/newsid_9664000/9664697.stm,Audit: Wikipedia Mark_Avery never existed; markavery.info confirms Dr Mark Avery as RSPB Conservation Director 1998-2011 and ornithology campaigner.,verified
apt-0795,Mark Butcher,Mark,Butcher,cricketer,sports,England,England,1973,,semantic,3,Butcher,"His surname is Butcher, a trade name echoed in cricket's butcher-and-baker lists.",,birth_name,https://en.wikipedia.org/wiki/Mark_Butcher,,https://www.espncricinfo.com/story/espncricinfo-xi-cricketers-names-that-are-also-professions-722219,71 Test caps for England. Flagged automatically: connection wording asserts a loose link.,borderline
apt-0796,Mark Clear,Mark,Clear,MLB relief pitcher,sports,Boston Red Sox,United States,1956,,semantic,3,Clear,As a reliever his surname evokes clearing the inning.,,unknown,https://www.baseball-reference.com/players/c/clearma01.shtml,,,Flagged automatically: connection wording asserts a loose link.,borderline
apt-0797,Mark Crossley,Mark,Crossley,football goalkeeper,sports,Nottingham Forest,Wales,1969,,semantic,3,Crossley,His surname Crossley evokes crosses that goalkeepers claim.,,birth_name,https://en.wikipedia.org/wiki/Mark_Crossley,,,Wales international; 452 league appearances. Flagged automatically: connection wording asserts a loose link.,borderline
apt-0798,Mark De Man,Mark,De Man,football defender,sports,,Belgium,1983,,wordplay,4,De Man,"His surname reads as marking an opposing player, a defender's task.",,birth_name,https://en.wikipedia.org/wiki/Mark_De_Man,,https://en.wikipedia.org/wiki/Aptronym,Audit: De Man is Dutch surname of man; marking-a-man English misreading is fabricated.,rejected
apt-1299,Mark Gunzinger,Mark,Gunzinger,directed-energy weapons analyst,military,Mitchell Institute for Aerospace Studies,United States,,,wordplay,4,Gun,His surname contains Gun and he publishes on laser and directed-energy weapons for the U.S. military.,,unknown,https://www.defensenews.com/opinion/commentary/2022/03/02/winning-21st-century-wars-requires-directed-energy-capabilities/,,https://www.newscientist.com/article/2017525-feedback-nominative-determinism-redux/,Retired USAF colonel; formerly CSBA senior fellow on directed-energy weapons.,verified
apt-0799,Mark Hart,Mark,Hart,cardiologist,medicine,,United States,,,phonetic,2,Hart,Hart is a homophone of heart.,,unknown,https://npiregistry.cms.hhs.gov/,,,Audit: person_source_url is NPI registry homepage only; confirms licence exists but not specialty or employer from this URL.,probable
apt-0800,Mark Henry,Mark,Henry,weightlifter,sports,,United States,1971,,semantic,3,Henry,"Henry echoes strength through the phrase strong as Henry, fitting a super-heavyweight lifter.",,unknown,https://www.olympedia.org/athletes/56984,,,Later became a professional wrestler. Audit: Strong as Henry is invented phrase; Henry surname has no documented strength etymology here.,rejected
apt-0801,Mark Kelly,Mark,Kelly,U.S. senator and Navy captain,politics,United States Senate,United States,1964,,semantic,2,Kelly,Kelly is a common Irish surname without a strong link to his astronaut and naval career.,,birth_name,https://en.wikipedia.org/wiki/Mark_Kelly,,,Audit: Kelly is a common Irish surname with no documented link to astronaut or senatorial work.,rejected
apt-0802,Mark L. Prophet,Mark L.,Prophet,religious leader,religion,The Summit Lighthouse,United States,1918,1973,direct,4,Prophet,His surname is the religious role he claimed.,,birth_name,https://en.wikipedia.org/wiki/Mark_L._Prophet,,https://en.wikipedia.org/wiki/Nominative_determinism,,verified
apt-0803,Mark Nicholas Payne,Mark,Payne,consultant cardiologist,medicine,Ysbyty Gwynedd,United Kingdom,,,semantic,3,Payne,"Payne suggests cardiac pain, fitting cardiology.",,unknown,https://www.doctuo.co.uk/doctors/mark-nicholas-payne,,https://doi.org/10.1308/147363515X14134529299420,Payne surname in Limb et al. 2015 cardiology examples. Flagged automatically: connection wording asserts a loose link.,borderline
apt-0804,Mark Price,Mark,Price,labor economist,science,Keystone Research Center,United States,,,semantic,3,Price,His surname Price names the core variable in the labour economics he researches.,,unknown,https://economics.utah.edu/news/Econ%20alum%20quoted%20in%20New%20York%20Times.php,,,PhD University of Utah; studies top incomes by geography. Audit: Common economist surname; score 5 inflated.,verified
apt-0805,Mark Reckless,Mark,Reckless,politician,politics,,England,1970,,semantic,4,Reckless,His surname describes his rebellious political career.,,birth_name,https://en.wikipedia.org/wiki/Mark_Reckless,,https://www.theguardian.com/media/mind-your-language/2014/oct/31/mind-your-language-nominative-determinism,,verified
apt-0806,Mark Twain,Mark,Twain,novelist and humorist,arts,,United States,1835,1910,translation,4,Twain,"Twain is riverboat slang for two fathoms, apt for the Mississippi steamboat writer.",Mississippi River slang: two fathoms,pseudonym,https://en.wikipedia.org/wiki/Mark_Twain,https://www.etymonline.com/word/twain,,Birth name Samuel Langhorne Clemens.,verified
apt-0807,Mark Wallington,Mark,Wallington,football goalkeeper,sports,Leicester City,England,1952,,semantic,4,Wallington,"His surname Wallington evokes a wall, apt for a goalkeeper.",,birth_name,https://en.wikipedia.org/wiki/Mark_Wallington_(footballer),,,460 appearances for Leicester City. Flagged automatically: connection wording asserts a loose link.,borderline
apt-0808,Markus Wolf,Markus,Wolf,sculptor,arts,,Germany,1963,,translation,4,Wolf,Wolf means wolf in German; he is a stone sculptor specializing in historical monuments.,German: wolf,birth_name,https://de.wikipedia.org/wiki/Markus_Wolf_(Bildhauer),https://en.wiktionary.org/wiki/Wolf,,Not the Stasi spymaster.,verified
apt-0809,Markus Zimmermann,Markus,Zimmermann,sculptor,arts,,Germany,1978,,translation,4,Zimmermann,Zimmermann means carpenter in German; he is a professional Bildhauer.,German: carpenter,birth_name,https://de.wikipedia.org/wiki/Markus_Zimmermann_(Bildhauer),https://en.wiktionary.org/wiki/Zimmermann,,,verified
apt-0810,Martha Graham,Martha,Graham,choreographer and dancer,arts,Martha Graham Dance Company,United States,1894,1991,semantic,2,Graham,Graham is a common Scottish surname with only a faint link to grand choreography.,,birth_name,https://en.wikipedia.org/wiki/Martha_Graham,,,Pioneer of modern dance. Audit: Graham common Scottish surname with only faint choreography link.,rejected
apt-0811,Martha Hatch,Martha,Hatch,seabird biologist,science,Institute for Seabird Research and Conservation,United States,,,semantic,4,Hatch,Hatch denotes egg hatching fitting a seabird biologist who co-founded a Pacific monitoring program.,,unknown,https://pacificseabirdgroup.org/achievement-awards/martha-and-scott-hatch/,,,Lifetime Achievement Award with Scott Hatch.,verified
apt-0812,Martin Rush,Martin,Rush,race walker,sports,,United Kingdom,1964,,semantic,4,Rush,Rush suggests hurried movement for a 20 km race walk Olympian.,,unknown,https://www.olympedia.org/athletes/69454,,,Flagged automatically: connection wording asserts a loose link.,borderline
apt-0813,Martin Schneebeli,Martin,Schneebeli,snow physicist,science,WSL Institute for Snow and Avalanche Research SLF,Switzerland,,,translation,4,Schneebeli,"His surname Schneebeli derives from Schnee, German for snow, his research medium.",German,unknown,https://www.slf.ch/en/staff/schneebm/,https://en.wiktionary.org/wiki/Schnee,,,verified
apt-0814,Mary Brush,Mary,Brush,architect,arts,Brush Architects,United States,,,direct,4,Brush,"Brush is a painter's tool, apt for an architect who restores historic facades.",English: brush,unknown,https://www.brusharchitects.com/company/,,https://www.brusharchitects.com/company/,FAIA preservation architect in Chicago.,verified
apt-0815,Mary Stampone,Mary,Stampone,state climatologist,weather,University of New Hampshire,United States,,,semantic,2,Stamp,"Her surname Stampone contains stamp, a faint echo of weather fronts stamping across maps.",Italian,unknown,https://cola.unh.edu/person/mary-stampone,,,New Hampshire State Climatologist.,borderline
apt-0816,Mary Yu,Mary,Yu,Washington Supreme Court justice,law,,United States,1957,,phonetic,2,Yu,"Her surname sounds like you, fitting a judge who officiated same-sex marriages.",,birth_name,https://en.wikipedia.org/wiki/Mary_Yu,,https://en.wikipedia.org/wiki/Aptronym,Audit: Yu/you homophone weak for judge.,probable
apt-0817,Mat Sadler,Mat,Sadler,football manager,sports,Walsall,England,1984,,wordplay,5,Sadler,"He played for and now manages Walsall, nicknamed The Saddlers.",,birth_name,https://en.wikipedia.org/wiki/Mat_Sadler,,https://www.nytimes.com/athletic/6524643/2025/08/04/football-names-clubs-managers-arsenal-wenger/,Played for Walsall twice; manager from 2023.,verified
apt-0818,Mathew Barlow,Mathew,Barlow,climate science professor,science,University of Massachusetts Lowell,United States,,,semantic,1,Barlow,His surname Barlow is not weather-related though he studies nor'easters and climate change.,,unknown,https://www.sciline.org/climate/noreasters-and-climate-change/,,,IPCC AR6 lead author.,borderline
apt-0819,Matt Beekman,Matt,Beekman,commercial beekeeper,trades,California Apiaries LLC / Sioux Honey Association,United States,,,phonetic,3,Beekman,"Beekman is an English homophone of bee-man, apt for a third-generation commercial beekeeper; the Dutch etymology is unrelated.","Dutch beek: brook, so Beekman is etymologically brook-man rather than bee-man",unknown,https://siouxhoney.com/beekeeper-matt-beekman/,https://en.wiktionary.org/wiki/beek,,"Sioux Honey profile notes the name coincidence explicitly. Audit: Cited name source /wiki/beekman does not exist. The Dutch root is beek (brook), so the aptness is the English homophone alone; recorded that explicitly and kept the type as phonetic.",verified
apt-0820,Matt Gobush,Matt,Gobush,Democratic campaign spokesperson,politics,,United States,,,ironic,4,Gobush,"His surname sounds like go Bush, ironic for a Democrat who lost to George W. Bush.",,unknown,https://slate.com/news-and-politics/2003/07/matt-gobush-democrat.html,,https://slate.com/news-and-politics/2003/07/matt-gobush-democrat.html,,verified
apt-0821,Matt Groening,Matt,Groening,cartoonist,arts,The Simpsons,United States,1954,2023,translation,2,Groening,"Groening resembles groningen or mourning in Dutch, a faint fit for satirical cartoons.",Dutch: related to groan/mourning,birth_name,https://en.wikipedia.org/wiki/Matt_Groening,https://www.etymonline.com/word/groan,,The Simpsons creator. Audit: Groening resembles groningen/mourning is invented Dutch stretch for The Simpsons creator.,rejected
apt-0822,Matt Taylor,Matt,Taylor,BBC weather presenter,weather,BBC,United Kingdom,1976,,semantic,1,Taylor,Taylor is an occupational surname unrelated to meteorology.,,birth_name,https://en.wikipedia.org/wiki/Matt_Taylor_(meteorologist),,,,borderline
apt-0823,Matthew Alan Beat,Matthew Alan,Beat,YouTube musician,arts,,United States,,,direct,4,Beat,Beat names the rhythmic unit central to the music videos he publishes.,,unknown,https://en.wikipedia.org/wiki/Aptronym,,https://en.wikipedia.org/wiki/Aptronym,Listed on Wikipedia aptronym page.,verified
apt-0824,Matthew Winter,Matthew,Winter,senior meteorologist,weather,Jersey Meteorological Section,Jersey,,,semantic,4,Winter,His surname Winter names the season central to temperate forecasting.,,unknown,https://meetingorganizer.copernicus.org/EMS2026/EMS2026-828.html,https://en.wiktionary.org/wiki/winter,,Jersey Met senior forecaster.,probable
apt-1300,Mauro Del Giudice,Mauro,Del Giudice,magistrate and jurist,law,,Italy,1857,1951,translation,5,Giudice,Del Giudice means of the judge in Italian and he served as a magistrate who led the Matteotti murder inquiry.,Italian: judge (giudice),birth_name,https://en.wikipedia.org/wiki/Mauro_Del_Giudice,https://en.wiktionary.org/wiki/giudice,https://www.nomix.it/nomi-mestieri-nomen-omen.php,,verified
apt-0825,Max Pain Griffin,Max,Griffin,mixed martial artist,sports,,United States,1985,,semantic,4,Pain,"Pain is his fight nickname, apt for a professional MMA welterweight.",,professional_name,https://www.sherdog.com/fighter/Max-Griffin-53904,,,"Legal name Max Griffin; fights as Max Pain Griffin. Audit: Pain is a chosen fight name. A fighter who picks a menacing ring name is marketing, not nominative determinism.",rejected
apt-0826,Max Schreck,Max,Schreck,actor,arts,,Germany,1879,1936,translation,4,Schreck,Schreck means fright in German; he played the vampire Count Orlok in Nosferatu.,"German: fright, terror",birth_name,https://en.wikipedia.org/wiki/Max_Schreck,https://en.wiktionary.org/wiki/Schreck,https://en.wikipedia.org/wiki/Aptronym,,verified
apt-0827,Megan Fox,Megan,Fox,avian zookeeper,trades,Nashville Zoo,United States,,,semantic,3,Fox,Her surname Fox names a wild canid while she cares for birds at the Nashville Zoo.,,unknown,https://www.nashvillezoo.org/our-blog/posts/happy-national-zookeeper-week,https://en.wiktionary.org/wiki/fox,,Avian area senior keeper.,verified
apt-0828,Megan Rivers,Megan,Rivers,field hockey player,sports,,Australia,1980,,semantic,3,Rivers,"Rivers are bodies of water, loosely apt for a Commonwealth Games gold medalist.",,unknown,https://www.olympedia.org/athletes/113966,,,Flagged automatically: connection wording asserts a loose link.,borderline
apt-1301,Meghan Rae Stork,Meghan,Stork,certified nurse midwife,medicine,Legacy Community Health,United States,,,semantic,5,Stork,Stork is folklore's baby-delivery bird and she practises as a certified nurse midwife.,,unknown,https://www.legacycommunityhealth.org/provider-directory/meghan-stork-np/,,,American Midwifery Certification Board credential since 2006; distinct from obstetrician Abby Stork in master set.,verified
apt-0829,Mel Garside-Wight,Mel,Garside-Wight,football goalkeeper,sports,Bradford City Women,England,1979,,wordplay,4,Wight,"She converted from a record-setting striker to an excellent goalkeeper, a dramatic positional wight shift.",,legal_name,https://en.wikipedia.org/wiki/Mel_Garside-Wight,,,Former England women's international; married Gillian Wight 2010. Audit: Wight-shift pun on positional change is invented wordplay; Garside-Wight has no wight meaning.,rejected
apt-0830,Melodee Armstrong,Melodee,Armstrong,Municipal court judge and magistrate,law,Dallas Municipal Court,United States,,,semantic,2,Armstrong,"Armstrong suggests strong arm of the law, weakly fitting a magistrate issuing warrants.",English nickname surname,unknown,https://www.linkedin.com/in/melodee-armstrong-a6290511,,,Presides over Dallas Class C misdemeanors and magistrate duties. Audit: LinkedIn is weak ephemeral source for municipal judge identity.,borderline
apt-1302,Melodie Reader,Melodie,Reader,children and young adult librarian,education,Sapulpa Public Library,United States,,,direct,5,Reader,Reader names one who reads and she is a public librarian coordinating youth programmes.,,unknown,https://sapulpatimes.com/41299-2/,,,Also assistant director; STEAM Con coordinator cited by Sapulpa Times.,verified
apt-0831,Mercy Otis Warren,Mercy Otis,Warren,historian and playwright,politics,,United States,1728,1814,semantic,4,Mercy,Mercy is a Puritan virtue name borne by the Revolutionary historian who wrote a three-volume history of the war.,Puritan virtue name: mercy,birth_name,https://en.wikipedia.org/wiki/Mercy_Otis_Warren,https://www.etymonline.com/word/mercy,,Sister of James Otis; advocated Bill of Rights.,verified
apt-0832,Meriwether Lewis,Meriwether,Lewis,explorer,science,Corps of Discovery,United States,1774,1809,other,2,Lewis,Lewis has no documented link to exploration though he co-led the Corps of Discovery.,,birth_name,https://en.wikipedia.org/wiki/Meriwether_Lewis,,,Lewis and Clark Expedition 1804–1806.,borderline
apt-0833,Michael Ball,Michael,Ball,footballer,sports,,England,1979,,semantic,4,Ball,His surname is the object central to association football.,,birth_name,https://en.wikipedia.org/wiki/Michael_Ball_(footballer),,https://en.wikipedia.org/wiki/Aptronym,,verified
apt-0834,Michael Bang,Michael,Bang,musician and music educator,arts,,United States,,,semantic,4,Bang,"Bang names percussive impact, fitting a drummer who leads the band Tell Me Tell Me.",Norwegian: village name,unknown,https://oaklandside.org/2026/07/07/oakland-names-aptronyms-caen/,,https://oaklandside.org/2026/07/07/oakland-names-aptronyms-caen/,Surname from Norwegian village Bagn; teaches music in the Bay Area.,verified
apt-0835,Michael Cloud,Michael,Cloud,U.S. representative,politics,United States House of Representatives,United States,1975,,semantic,2,Cloud,"Cloud evokes the skies, a distant fit for a fiscal-conservative congressman.",,unknown,https://bioguide.congress.gov/search/bio/C001115,,,Audit: Cloud is a common surname; sky echo for a congressman is generic padding.,rejected
apt-0836,Michael Faraday,Michael,Faraday,chemist and physicist,science,Royal Institution,England,1791,1867,semantic,1,Faraday,The farad unit of capacitance honors this discoverer of electromagnetic induction.,Surname Faraday; farad eponym,birth_name,https://en.wikipedia.org/wiki/Michael_Faraday,,,Invented the electric dynamo and motor. Audit: The farad unit was named after Faraday; backwards eponym error.,rejected
apt-0837,Michael Fish,Michael,Fish,television weather forecaster,weather,BBC,United Kingdom,1944,2023,semantic,2,Fish,His surname Fish is a common English word but he forecasts terrestrial weather not marine biology.,,birth_name,https://en.wikipedia.org/wiki/Michael_Fish,https://en.wiktionary.org/wiki/fish,,Audit: BBC weather forecaster named Fish is amusing but oceans-drive-weather reasoning is invented stretch.,borderline
apt-0838,Michael Grimm,Michael,Grimm,U.S. representative,politics,United States House of Representatives,United States,1970,,semantic,2,Grimm,"Grimm suggests grimness, a weak echo for a congressman later convicted of tax fraud.",,birth_name,https://en.wikipedia.org/wiki/Michael_G._Grimm,,,Audit: Grimm is a common surname; grimness echo tied to later tax conviction is post-hoc padding.,rejected
apt-0839,Michael Hart,Michael,Hart,cardiologist,medicine,,United States,,,phonetic,2,Hart,"Hart sounds like heart, central to cardiology.",,unknown,https://npiregistry.cms.hhs.gov/,,https://doi.org/10.1308/147363515X14134529299420,Audit: person_source_url is NPI registry homepage only; confirms licence exists but not specialty or employer from this URL.,probable
apt-0840,Michael Henry Lawson,Michael Henry,Lawson,Circuit judge,law,Midlands Circuit,United Kingdom,,,semantic,3,Lawson,"Lawson contains law, the field in which he served as a circuit judge until 2016.",Patronymic containing law,unknown,https://www.thetimes.com/best-law-firms/profile-legal/article/judicial-appointments-and-retirements-5lkf7xx8d2p,,https://www.counselmagazine.co.uk/articles/the-name-of-the-law,HH Judge Michael Henry Lawson QC; retired February 2016. Audit: Lawson/law embedded moderate.,verified
apt-0841,Michael Koch,Michael,Koch,urologist,medicine,,United States,,,phonetic,3,Koch,"Koch sounds like cock, slang for penis, in urology.",,unknown,https://npiregistry.cms.hhs.gov/,,,Audit: person_source_url is NPI registry homepage only; confirms licence exists but not specialty or employer from this URL.,probable
apt-0842,Michael Lean,Michael,Lean,professor of human nutrition,food,University of Glasgow,United Kingdom,1948,,semantic,4,Lean,"Lean evokes slimness, fitting a professor who researches obesity and weight management.",English adjective surname,unknown,https://www.gla.ac.uk/schools/medicine/staff/mikelean/,,https://johndabell.com/2019/07/23/aptronyms/,Chair of Human Nutrition at Glasgow Royal Infirmary. Audit: Lean evokes slimness for obesity professor is hedging on common adjective surname.,rejected
apt-0843,Michael Lord,Michael,Lord,life peer and former Deputy Speaker,politics,House of Lords,United Kingdom,1938,,direct,5,Lord,His surname is Lord and he sits as a member of the House of Lords.,,birth_name,"https://en.wikipedia.org/wiki/Michael_Lord,_Baron_Framlingham",,https://en.wikipedia.org/wiki/Aptronym,Created Baron Framlingham; could not take title Lord Lord. / Conservative MP and later Baron Framlingham. Audit: Michael_Lord_(politician) never existed; peer was created Baron Framlingham because he could not take title Lord Lord.,verified
apt-0844,Michael Pollan,Michael,Pollan,food writer,food,,United States,1955,,phonetic,3,Pollan,His surname sounds like pollen linked to food and agriculture writing.,,birth_name,https://en.wikipedia.org/wiki/Michael_Pollan,,https://www.sevendaysvt.com/arts-culture/aptronyms-2014-are-descriptive-monikers-coincidence-or-fate-2488690/,Audit: Pollan sounds like pollen for food writer is unsourced homophone.,rejected
apt-0845,Michael Rock,Michael,Rock,butterfly swimmer,sports,,United Kingdom,1987,,ironic,3,Rock,"Rocks sink in water, ironically opposite to a competitive Olympic swimmer.",,unknown,https://www.olympedia.org/athletes/115763,,,,verified
apt-0846,Michael T. Judge,Michael T.,Judge,Circuit court judge,law,Oconto County Circuit Court,United States,,,direct|wordplay,5,Judge,His surname is the everyday word for the judicial office he holds.,English occupational surname,unknown,https://www.wicourts.gov/news/thirdbranch/feb26/judge.htm,,https://www.greenbaypressgazette.com/story/news/2019/08/29/having-name-matches-your-job-can-curse-gift/2107540001/,Ran for office with 'Judge for judge' campaign signs.,verified
apt-0847,Michael Vickers,Michael,Vickers,Anglican vicar,religion,,England,,,phonetic,2,Vickers,"His surname evokes vicar, the clerical role he holds.",,unknown,http://news.bbc.co.uk/today/hi/today/newsid_9664000/9664697.stm,,http://news.bbc.co.uk/today/hi/today/newsid_9664000/9664697.stm,Audit: Vickers evokes vicar is unsourced phonetic homophone per BBC listicle. Flagged automatically: connection wording asserts a loose link.,borderline
apt-0848,Michael Wehner,Michael,Wehner,climate scientist,science,Lawrence Berkeley National Laboratory,United States,,,semantic,1,Wehner,His surname Wehner is not weather-related though he studies extreme weather attribution.,,unknown,https://newscenter.lbl.gov/2013/09/27/berkeley-lab-climate-scientists-see-better-climate-models-warmer-future/,,,IPCC AR5 lead author.,borderline
apt-0849,Michael William Fisher,Michael,Fisher,Catholic bishop,religion,Diocese of Buffalo,United States,1958,,semantic,2,Fisher,"Fisher denotes one who catches fish, loosely echoing Christ's disciples as fishers of men.",,unknown,https://www.catholic-hierarchy.org/bishop/bfisherm.html,,,Bishop of Buffalo since 2020. Audit: Fisher loosely echoing fishers of men is biblical cliché for bishop. Flagged automatically: connection wording asserts a loose link.,borderline
apt-1303,Mícheál Ó Cléirigh,Mícheál,Ó Cléirigh,Franciscan friar and chronicler,education,,Ireland,1590,1643,translation,3,Ó Cléirigh,Ó Cléirigh is cognate with cleric in Irish and he was a Franciscan scribe who compiled the Annals of the Four Masters.,Irish: cleric (cléireach),birth_name,https://en.wikipedia.org/wiki/M%C3%ADche%C3%A1l_%C3%93_Cl%C3%A9irigh,https://en.wikipedia.org/wiki/O_Cleirigh,,,verified
apt-0850,Michelle Williams Court,Michelle Williams,Court,U.S. district judge,law,U.S. District Court for the Central District of California,United States,1966,,direct,5,Court,"Her surname is courts, the tribunals where she served as a California superior court judge and now sits federally.",English common noun surname,unknown,https://www.fjc.gov/history/judges/court-michelle-williams,,,Confirmed to the Central District of California 2024.,verified
apt-0851,Mickey Bass,Mickey,Bass,jazz bassist,arts,,United States,1943,2022,direct,5,Bass,"Bass is the instrument he played for Art Blakey, Sonny Rollins and Charles Mingus.",,professional_name,https://en.wikipedia.org/wiki/Mickey_Bass,,https://en.wikipedia.org/wiki/Aptronym,Birth name Lee Oddis Bass III.,verified
apt-0852,Miguel Angel Alba Díaz,Miguel Angel,Alba Díaz,Catholic bishop,religion,Diocese of La Paz,Mexico,1951,2026,semantic,4,Angel,"His given name Miguel Angel names the archangel, fitting a Catholic bishop.",,unknown,https://www.catholic-hierarchy.org/bishop/balba.html,,,Bishop of La Paz en la Baja California Sur 2001–2026. Audit: Miguel Angel archangel given name for bishop is conventional Catholic naming.,rejected
apt-0853,Miguel Angel Nguema Bee,Miguel Angel,Nguema Bee,Catholic bishop,religion,Diocese of Bata,Equatorial Guinea,1969,,semantic,4,Angel,"His given name Miguel Angel evokes heavenly messengers, fitting a Salesian bishop.",,unknown,https://www.catholic-hierarchy.org/bishop/bnguema.html,,,Bishop of Bata Equatorial Guinea. Audit: Miguel Angel evokes heavenly messengers is hedging on conventional given name.,rejected
apt-1304,Mike Callahan,Mike,Callahan,NBA referee,sports,National Basketball Association,United States,1959,,direct,5,Callahan,Callahan names the foul calls and violations he whistled as an NBA referee for 29 seasons.,,unknown,https://www.basketball-reference.com/referees/callami99r.html,,https://www.nba.com/news/nba-referee-promotions-mike-callahan-g-league-official-release,Officiated 1626 regular-season games and 21 NBA Finals.,verified
apt-0854,Mike England,Mike,England,football manager,sports,Wales national team,Wales,1941,,wordplay,4,England,He won 44 Wales caps as a player and managed Wales for eight years.,,birth_name,https://en.wikipedia.org/wiki/Mike_England,,https://www.espn.com/espn/print?id=37577543,Never played for England; managed Wales 1980-1988.,verified
apt-0855,Mike Hookem,Mike,Hookem,UKIP fisheries spokesperson and MEP,politics,UK Independence Party,United Kingdom,1952,,semantic,3,Hookem,"His surname suggests hooking fish, fitting his role as fisheries spokesman.",,birth_name,https://en.wikipedia.org/wiki/Mike_Hookem,,https://www.politico.eu/article/nominative-determinism-brief-history-of-names-that-sound-like-jobs/,Audit: Connection uses suggests hooking; Hookem/hook is legitimate but not a 4 for fisheries spokesman. Flagged automatically: connection wording asserts a loose link.,borderline
apt-0856,Mike Stone,Mike,Stone,geomorphologist,science,University of Waterloo,Canada,,,semantic,5,Stone,His surname names stone fitting research on sediment transport and land-use change.,,unknown,https://uwaterloo.ca/geography-environmental-management/profiles/mike-stone,,,Professor of geography and environmental management.,verified
apt-0857,Mikuláš Jozef Lexmann,Mikuláš,Lexmann,Catholic priest and pilot,religion,Dominican Order,Slovakia,1899,1952,semantic,3,Lexmann,"He was the first priest-pilot in Czechoslovakia, combining ministry with aviation.",,birth_name,https://en.wikipedia.org/wiki/Mikul%C3%A1%C5%A1_Jozef_Lexmann,,,Dominican priest; flew a wreath from his plane for his brother's first Mass.,verified
apt-0858,Mildred Graves,Mildred,Graves,funeral home vice-president,trades,Graves Funeral Home,United States,,,semantic,5,Graves,Graves names the resting places her family funeral home has served since 1953.,,unknown,https://gravesfuneralhomeinc.com/our-funeral-directors-and-staff.html.html,,,Co-founded the funeral home with husband Tom Graves in 1953.,verified
apt-0859,Misty Copeland,Misty,Copeland,ballet dancer,arts,American Ballet Theatre,United States,1982,,semantic,2,Copeland,"Copeland suggests open land, a faint fit for a dancer who broke ground at ABT.",,birth_name,https://en.wikipedia.org/wiki/Misty_Copeland,,,First African American female principal at ABT. Audit: Copeland suggests open land for ground-breaking dancer is geographic stretch.,rejected
apt-0860,Mo Brooks,Mo,Brooks,U.S. representative,politics,United States House of Representatives,United States,1954,,semantic,2,Brooks,"Brooks suggests a stream, a weak echo for an Alabama congressman.",,birth_name,https://en.wikipedia.org/wiki/Mo_Brooks,,,Audit: Brooks is a common topographic surname; stream echo is invented padding.,rejected
apt-0861,Modest Mussorgsky,Modest,Mussorgsky,composer,arts,,Russia,1839,1881,ironic,3,Modest,"Modest means humble, ironically opposite to his bold operatic and orchestral works.",Russian/Latin: modest,birth_name,https://en.wikipedia.org/wiki/Modest_Mussorgsky,https://en.wiktionary.org/wiki/modest,,Given name Modest Petrovich Mussorgsky.,verified
apt-0862,Moe Gardner,Moe,Gardner,NFL defensive tackle,sports,Atlanta Falcons,United States,1968,,wordplay,2,Gardner,His surname evokes tending the field like a gardener.,,unknown,https://www.pro-football-reference.com/players/G/GardMo20.htm,,,Flagged automatically: connection wording asserts a loose link.,borderline
apt-1305,Mollee Swift,Mollee,Swift,women's soccer goalkeeper,sports,Þróttur Reykjavík,United States,2001,,semantic,4,Swift,"Swift names speed, a goalkeeper trait she showed across 304 saves at LSU and in Iceland.",,unknown,https://lsusports.net/news/2024/01/26/mollee-swift-signs-with-icelands-top-flight/,,,LSU all-time saves leader; professional deal with Iceland's Besta deild kvenna.,verified
apt-0863,Montez Sweat,Montez,Sweat,NFL defensive end,sports,Washington Commanders,United States,1995,,semantic,3,Sweat,His surname evokes the sweat of trench warfare on the defensive line.,,unknown,https://www.pro-football-reference.com/players/S/SweaMo00.htm,,,Flagged automatically: connection wording asserts a loose link.,borderline
apt-0864,Morgan Freeman,Morgan,Freeman,actor,arts,,United States,1937,,wordplay,3,Freeman,"Freeman suggests a free man, echoing the moral authority of his narrating voice.",English: free man,birth_name,https://en.wikipedia.org/wiki/Morgan_Freeman,,,Audit: Freeman suggests free man echoing narrating voice is invented.,rejected
apt-0865,Morgan Frost,Morgan,Frost,NHL center,sports,Calgary Flames,Canada,1999,,semantic,4,Frost,His surname matches the cold ice surface of hockey.,,unknown,https://www.hockey-reference.com/players/f/frostmo01.html,,,,verified
apt-0866,Moses Blah,Moses,Blah,President and Vice President of Liberia,politics,Government of Liberia,Liberia,1947,2013,phonetic,4,Blah,"His surname sounds like blah, the dismissive noise associated with empty political rhetoric.",,birth_name,https://en.wikipedia.org/wiki/Moses_Blah,,https://www.politico.eu/article/nominative-determinism-brief-history-of-names-that-sound-like-jobs/,,verified
apt-0867,Muriel Watt,Muriel,Watt,solar power researcher,science,,Australia,,,semantic,3,Watt,Watt is the SI unit of power fitting a leading Australian solar energy researcher.,,unknown,https://wit.substack.com/p/the-wits-guide-to-nominative-determinism,,https://wit.substack.com/p/the-wits-guide-to-nominative-determinism,Cited in New Scientist nominative determinism column. Audit: Muriel Watt is not James Watt the eponym; watt-as-power-unit link is legitimate but common surname warrants score 3 not 4.,probable
apt-0868,Najee Goode,Najee,Goode,NFL linebacker,sports,Philadelphia Eagles,United States,1989,,wordplay,3,Goode,"His surname is good, a word coaches use to praise solid play.",,unknown,https://www.pro-football-reference.com/players/G/GoodNa00.htm,,,,verified
apt-0869,Naomi Goldstein Cohen,Naomi,Goldstein Cohen,Talmud teacher,religion,Yeshiva University,Israel,,2022,semantic,3,Goldstein,Goldstein embeds gold and she taught Talmud for nearly 40 years as a rabbi's wife.,,legal_name,https://www.yu.edu/news/in-memoriam-dr-naomi-goldstein,,,Wife of Chief Rabbi She'ar Yashuv Cohen; co-founder of Kolech.,verified
apt-0870,Nari Contractor,Nari,Contractor,cricketer,sports,India,India,1932,2022,semantic,2,Contractor,His surname Contractor names a building trade in cricket's profession-name genre.,,birth_name,https://en.wikipedia.org/wiki/Nari_Contractor,,https://www.espncricinfo.com/story/espncricinfo-xi-cricketers-names-that-are-also-professions-722219,India opening batsman; career ended after Charlie Griffith bouncer.,verified
apt-0871,Nat Seavy,Nat,Seavy,director of migration science,science,National Audubon Society,United States,,,phonetic,2,Seavy,"His surname Seavy is a near-homophone of seavy, suggesting seabird migration he studied.",,unknown,https://www.audubon.org/people/nat-seavy,,,Former Migratory Bird Initiative director. Audit: audubon.org/content/nat-seavy 404; Audubon people page at /people/nat-seavy confirms former Director of Migration Science for the Migratory Bird Initiative.,borderline
apt-0872,Natalie-Francesca Woods,Natalie-Francesca,Woods,forestry technician,trades,USDA Forest Service,United States,,,semantic,4,Woods,Her surname Woods suits a forestry technician working in Sierra Nevada timber stands.,,unknown,https://digitalcommons.humboldt.edu/cgi/viewcontent.cgi?article=3653&context=etd,https://en.wiktionary.org/wiki/wood,,Acknowledged in Cal Poly Humboldt thesis; USFS forestry technician role.,probable
apt-0873,Nathan Cool,Nathan,Cool,meteorologist and climate author,weather,Nathan Cool Consulting,United States,,,ironic|semantic,4,Cool,His surname Cool ironically suits a forecaster who writes about global warming.,,unknown,https://nathancool.com/global_warming/author.shtml,https://en.wiktionary.org/wiki/cool,,Author of Is Hot Really Better? on global warming.,verified
apt-0874,Nathan Leeper,Nathan,Leeper,high jumper,sports,,United States,1977,,semantic,5,Leeper,"Leeper evokes leaping, fitting for an Olympic high jumper.",,unknown,https://www.olympedia.org/athletes/89146,,,Olympedia notes his name as one of the most apt ever for an athlete. Flagged automatically: connection wording asserts a loose link.,borderline
apt-0875,Nathaniel Hawthorne,Nathaniel,Hawthorne,novelist,arts,,United States,1804,1864,semantic,3,Hawthorne,"Hawthorne names the thorny shrub, apt for his dark New England moral tales.",,birth_name,https://en.wikipedia.org/wiki/Nathaniel_Hawthorne,,,Audit: Hawthorne thorny shrub for dark tales is weak botanical echo.,rejected
apt-0876,Nathaniel Sharp,Nathaniel,Sharp,anesthesiologist,medicine,,United States,,,semantic,2,Sharp,Sharp evokes needles central to anaesthesia practice.,,unknown,https://npiregistry.cms.hhs.gov/,,,Audit: person_source_url is NPI registry homepage only; confirms licence exists but not specialty or employer from this URL. Flagged automatically: connection wording asserts a loose link.,borderline
apt-0877,Naveen Kumar,Naveen,Kumar,kabaddi raider,sports,Haryana Steelers,India,2000,,semantic,3,Express,Nicknamed Naveen Express for his speedy raids in Pro Kabaddi.,,birth_name,https://en.wikipedia.org/wiki/Naveen_Kumar_(kabaddi),,,Asian Games gold 2022. Audit: Naveen Express was a nickname awarded for the speed of his raids.,rejected
apt-0878,Neil Gaiman,Neil,Gaiman,author,arts,,England,1960,1996,phonetic,2,Gaiman,"Gaiman sounds like gamine, a faint fit for a fantasy author of odd protagonists.",,unknown,https://en.wikipedia.org/wiki/Neil_Gaiman,,,Audit: Gaiman sounds like gamine is invented phonetic fit.,rejected
apt-0879,Neversink,,Neversink,submerged town,other,,United States,,,ironic,1,Neversink,"Wikipedia lists a town submerged by Neversink Reservoir, not a person.",,unknown,https://en.wikipedia.org/wiki/Aptronym,,https://en.wikipedia.org/wiki/Aptronym,"Rejected: place name, not an identifiable person.",rejected
apt-0880,Nicholas Burns-Cox,Nicholas,Burns-Cox,consultant urologist,medicine,Musgrove Park Hospital,United Kingdom,,,semantic,3,Burns,"Burns suggests burning pain, a symptom common in urological conditions.",,unknown,https://www.baus.org.uk/patients/surgical_outcomes/nephrectomy/2017/surgeon.aspx?id=1014,,https://doi.org/10.1308/147363515X14134529299420,Surname Burns cited in Limb et al. 2015 urology examples. Audit: Burns/burning pain is weak; Burns is common surname. Flagged automatically: connection wording asserts a loose link.,borderline
apt-0881,Nick Fenton-Wells,Nick,Fenton-Wells,rugby union hooker,sports,Bristol Bears,South Africa,1986,,wordplay,3,Wells,His surname Wells evokes wells of depth when he converted from flanker to hooker.,,birth_name,https://en.wikipedia.org/wiki/Nick_Fenton-Wells,,,Played hooker for Bristol from 2017 after starting as a flanker. Flagged automatically: connection wording asserts a loose link.,borderline
apt-0882,Nicolae Militaru,Nicolae,Militaru,defense minister,military,,Romania,1925,1996,translation,4,Militaru,"Militaru derives from military, fitting a defense minister.",Romanian: military,birth_name,https://en.wikipedia.org/wiki/Nicolae_Militaru,https://en.wiktionary.org/wiki/militar,https://en.wikipedia.org/wiki/Aptronym,,verified
apt-0883,Nicole Sprinkles,Nicole,Sprinkles,meteorologist,weather,National Weather Service Anchorage,United States,,,semantic,5,Sprinkles,"Her surname is sprinkles, a term for light scattered precipitation.",,unknown,https://www.weather.gov/media/publications/Aware/23aug_aware.pdf,https://en.wiktionary.org/wiki/sprinkle,,Named in NWS Aware employee profile PDF.,verified
apt-0884,Nikolai Volkov,Nikolai,Volkov,wrestler,sports,,Soviet Union,1950,2020,translation,2,Volkov,Volkov means wolf's son in Russian; he wrestled under the nickname The Russian Bear.,Russian: wolf,birth_name,https://en.wikipedia.org/wiki/Nikolai_Volkov,https://en.wiktionary.org/wiki/volk,,"Animal link is semantic not occupational. Audit: The row mixes two claims: the surname means wolf's son, but the evidence offered is a ring name, The Russian Bear, which does not match. Whichever is meant, neither is established.",borderline
apt-0885,Noah Webster,Noah,Webster,lexicographer,arts,,United States,1758,1843,semantic,4,Webster,"Webster derives from weaver, apt for a man who wove American English into a dictionary.",English: weaver,birth_name,https://en.wikipedia.org/wiki/Noah_Webster,https://www.etymonline.com/word/webster,,,verified
apt-0886,Noboru Yamada,Noboru,Yamada,mountaineer,sports,,Japan,1950,1989,translation,5,Yamada/Noboru,Yamada means mountain rice-field and noboru means to ascend in Japanese; he summited nine 8000 m peaks.,Japanese: mountain / ascend,unknown,https://ja.wikipedia.org/wiki/%E5%B1%B1%E7%94%B0%E6%98%87,https://en.wiktionary.org/wiki/%E5%B1%B1,https://ja.wikipedia.org/wiki/%E3%82%A2%E3%83%97%E3%83%88%E3%83%AD%E3%83%8B%E3%83%A0,,verified
apt-0887,Norman Conquest,Norman,Conquest,football goalkeeper,sports,Australia national team,Australia,1924,1968,ironic,4,Conquest,His surname evokes conquest while he is remembered for conceding 17 goals in one match.,,birth_name,https://en.wikipedia.org/wiki/Norman_Conquest_(footballer),,https://www.espn.com/espn/print?id=37577543,Australian goalkeeper; name references the 1066 Norman Conquest. Flagged automatically: connection wording asserts a loose link.,borderline
apt-0888,Norman Eisen,Norman,Eisen,ethics counsel,business,Brookings Institution,United States,,,semantic,4,Eisen,"Norm evokes norms, fitting his role as White House ethics czar enforcing government norms.",,unknown,https://www.brookings.edu/people/norman-eisen/,,https://en.wikipedia.org/wiki/Aptronym,"Former special counsel to President Obama for ethics and government reform. Audit: Norm evokes norms for ethics counsel is first-name pun, not surname aptronym.",rejected
apt-0889,Ocean Ramsey,Ocean,Ramsey,marine biologist and shark conservationist,science,One Ocean Diving,United States,1987,,semantic,5,Ocean,Her first name Ocean suits a marine biologist who swims with sharks.,,birth_name,https://en.wikipedia.org/wiki/Ocean_Ramsey,https://en.wiktionary.org/wiki/ocean,,,verified
apt-0890,Oceana Mackenzie,Oceana,Mackenzie,competition climber,sports,,Australia,2002,,semantic,3,Oceana,"Oceana means ocean, an unusual name for a rock climber rather than a water athlete.",,birth_name,https://en.wikipedia.org/wiki/Oceana_Mackenzie,,,Parents preferred Oceana over Oceania on her birth certificate.,verified
apt-0891,Officer Gunz,,Gunz,Police officer,law,Oshkosh Police Department,United States,,,semantic,4,Gunz,"Gunz evokes guns, the weapons police officers carry and confront daily.",Surname resembling guns,unknown,https://www.greenbaypressgazette.com/story/news/2019/08/29/having-name-matches-your-job-can-curse-gift/2107540001/,,,Named in 2019 aptronym survey of Wisconsin public servants. Audit: Green Bay Press Gazette aptronym survey names Officer Gunz without first name or department roster link.,borderline
apt-0892,Officer Officer,,Officer,Police officer,law,Brown County Sheriff's Office,United States,,,direct,5,Officer,"His surname is officer, the rank he held in the Brown County Sheriff's Office.",English occupational surname,unknown,https://www.greenbaypressgazette.com/story/news/2019/08/29/having-name-matches-your-job-can-curse-gift/2107540001/,,,First name not given in source. Audit: Press survey names surname Officer only; first name not given in source.,probable
apt-0893,Officer Pistohl,,Pistohl,Police officer,law,Oshkosh Police Department,United States,,,phonetic,4,Pistohl,"Pistohl sounds like pistol, the sidearm issued to patrol officers.",Surname phonetically near pistol,unknown,https://www.greenbaypressgazette.com/story/news/2019/08/29/having-name-matches-your-job-can-curse-gift/2107540001/,,,Named alongside Officer Gunz at Oshkosh PD. Audit: Press survey names Officer Pistohl without full identity or roster confirmation.,probable
apt-0894,Officer Puestohl,,Puestohl,Police officer,law,Oshkosh Police Department,United States,,,phonetic,3,Puestohl,"Puestohl resembles pistol, fitting a sworn officer who carries firearms.",Surname phonetically near pistol,unknown,https://www.greenbaypressgazette.com/story/news/2019/08/29/having-name-matches-your-job-can-curse-gift/2107540001/,,,Audit: Press survey names Officer Puestohl without roster confirmation.,borderline
apt-0895,Oliver Goldsmith,Oliver,Goldsmith,novelist and playwright,arts,,Ireland,1728,1774,direct,5,Goldsmith,"Goldsmith is a metalworker, and he crafted prose and drama in the Georgian era.",English: gold worker,birth_name,https://en.wikipedia.org/wiki/Oliver_Goldsmith,,https://en.wikipedia.org/wiki/Oliver_Goldsmith,,verified
apt-0896,Oliver Stone,Oliver,Stone,film director,arts,,United States,1946,,semantic,2,Stone,"Stone suggests weight and permanence, faintly apt for a political filmmaker.",,birth_name,https://en.wikipedia.org/wiki/Oliver_Stone,,,Director of Platoon and JFK. Audit: Stone suggests weight for political filmmaker is vague semantic padding.,rejected
apt-0897,Olympia Aldersey,Olympia,Aldersey,rower,sports,Rowing Australia,Australia,1992,,semantic,5,Olympia,She was named Olympia after the 1992 Olympics and became a three-time Olympic rower.,,birth_name,https://en.wikipedia.org/wiki/Olympia_Aldersey,,https://www.olympics.com.au/olympians/olympia-aldersey/,"Born 26 July 1992 during the Barcelona Olympics; dual Olympian and 2019 world champion in the coxless four. Audit: olympics.com blocks automated checks. Replaced with the Wikipedia article, which supplies the birth date and the record of her Olympic appearances.",verified
apt-0898,Otto Koch,Otto,Koch,television chef,food,ARD-Buffet,Germany,1949,,translation,5,Koch,Koch means cook in German and he is a Michelin-starred chef.,German: cook,birth_name,https://de.wikipedia.org/wiki/Otto_Koch_(Koch),https://en.wiktionary.org/wiki/Koch,https://de.wikipedia.org/wiki/Nomen_est_omen,,verified
apt-0899,P. Head,P.,Head,headteacher,education,Cobden Primary School,United Kingdom,,,direct,5,Head,Mrs Head holds the headteacher post at Cobden Primary School.,,unknown,https://www.cobden.leeds.sch.uk/page/?pid=124&title=Mrs+Head,,,Listed as Mrs P. Head; given name initial only in source.,verified
apt-1306,Panagiotis Zographos,Panagiotis,Zographos,painter,arts,,Greece,,,translation,5,Zographos,Zographos means painter in Greek and he painted battle scenes commissioned by General Makriyannis.,Greek: painter (zographos),birth_name,https://en.wikipedia.org/wiki/Panagiotis_Zographos,https://en.wikipedia.org/wiki/Zografos,,,verified
apt-0900,Paracelsus,Paracelsus,Paracelsus,physician and alchemist,medicine,,Switzerland,1493,1541,wordplay,3,Paracelsus,Paracelsus means beyond Celsus fitting a Renaissance physician who broke with Galenic tradition.,Latin: para + Celsus,pseudonym,https://en.wikipedia.org/wiki/Paracelsus,,,Birth name Theophrastus von Hohenheim; adopted Paracelsus.,verified
apt-0901,Rev. Paradise,Rev.,Paradise,minister,religion,,United States,,,semantic,4,Paradise,Paradise is a religious destination.,,unknown,https://www.chicagotribune.com/1995/05/07/a-field-day-with-aptly-named-workers/,,https://www.chicagotribune.com/1995/05/07/a-field-day-with-aptly-named-workers/,Audit: Rev. Paradise religious destination is anecdote without verified individual.,rejected
apt-0902,Pardeep Narwal,Pardeep,Narwal,kabaddi raider,sports,Patna Pirates,India,1993,,semantic,2,Narwal,"Known as the Dubki King, his raiding style made him the face of Pro Kabaddi.",,birth_name,https://en.wikipedia.org/wiki/Pardeep_Narwal,,,Pro Kabaddi all-time leading raid points scorer. Audit: Narwal has no documented name link; Dubki King nickname describes technique not surname.,rejected
apt-0903,Patience Scales,Patience,Scales,piano teacher,arts,,United States,,,direct,4,Scales,Scales names the exercises a piano teacher drills into students.,,unknown,https://en.wikipedia.org/wiki/Nominative_determinism,,https://en.wikipedia.org/wiki/Nominative_determinism,Cited by San Francisco Chronicle columnist Herb Caen; person not independently verified. Audit: Patience Scales cited only from nominative-determinism listicle; person not independently verified per row notes.,rejected
apt-0904,Patience Wright,Patience,Wright,wax sculptor,arts,,United States,1725,1786,semantic,3,Patience,Patience is a Puritan virtue name for an artist who modeled lifelike wax portraits requiring painstaking detail.,Puritan virtue name: patience,birth_name,https://en.wikipedia.org/wiki/Patience_Wright,https://www.etymonline.com/word/patience,,American Revolutionary spy; first recognized American-born sculptor.,verified
apt-0905,Patrick Burkhart,Patrick,Burkhart,geologist,science,Slippery Rock University,United States,,,semantic,4,Burkhart,Burkhart contains the German Berg meaning mountain fitting a field geologist.,German: mountain (Berg),unknown,https://sru.libguides.com/rockvoices/patrick_burkhart,https://en.wiktionary.org/wiki/Berg,,Department of Geography Geology and Environment.,verified
apt-0906,Patrick H. Brose,Patrick,Brose,research forester,trades,USDA Forest Service Northern Research Station,United States,,,semantic,2,Brose,"His surname Brose is a near-homophone of browse, vegetation deer browse in oak silviculture he researches.",,unknown,https://research.fs.usda.gov/download/treesearch/18561.pdf,https://en.wiktionary.org/wiki/browse,,Lead author Prescribing Regeneration oak silviculture guide. Audit: Brose/browse homophone for deer browse in oak silviculture is invented USDA author padding.,rejected
apt-0907,Paul Anderson,Paul,Anderson,weightlifter,sports,,United States,1932,1994,semantic,3,Anderson,Anderson is son of Anders (strong man); apt for a super-heavyweight called the strongest man ever.,,unknown,https://www.olympedia.org/athletes/56950,,,,probable
apt-0908,Paul Burns,Paul,Burns,Circuit judge,law,Walsall County Court,United Kingdom,,,semantic,3,Burns,His surname Burns evokes arson cases over which he presides as a circuit judge.,English occupational surname,unknown,https://www.judiciary.uk/appointments-and-retirements/circuit-judge-appointment-burns/,https://www.etymonline.com/word/burn,,HH Judge Burns; police misconduct panel chair. Flagged automatically: connection wording asserts a loose link.,borderline
apt-1307,Paul Fair,Paul,Fair,MLB umpire,sports,Major League Baseball,United States,,,direct,5,Fair,Fair names the fair-and-foul rulings he made as a National League umpire from 1935 to 1941.,,unknown,https://ksbaseballhof.com/fair-paul/,,https://www.retrosheet.org/downloads/csvumpires.html,Kansas Baseball Hall of Fame; also NBC umpire director.,verified
apt-0909,Paul Looney,Paul,Looney,psychiatrist,medicine,,United States,,,semantic,2,Looney,Loony is slang for mental instability in psychiatry.,,unknown,https://www.chicagotribune.com/1995/05/07/a-field-day-with-aptly-named-workers/,,https://www.chicagotribune.com/1995/05/07/a-field-day-with-aptly-named-workers/,Audit: Loony/Looney slang stretch for psychiatrist.,borderline
apt-0910,Paul McStay,Paul,McStay,football midfielder,sports,Celtic,Scotland,1964,,semantic,4,McStay,"His surname evokes staying put, fitting a one-club Celtic career.",,birth_name,https://en.wikipedia.org/wiki/Paul_McStay,,https://en.wikipedia.org/wiki/Aptronym,Spent entire senior career at Celtic. Flagged automatically: connection wording asserts a loose link.,borderline
apt-0911,Paul Schwinghammer,Paul,Schwinghammer,custom home builder,trades,Hallmark Homes,United States,,,translation,5,Schwinghammer,"Schwinghammer comes from German swing the hammer, fitting a builder and contractor.",German: swing the hammer,unknown,https://hallmarkhomes.com/staff-members/paul-schwinghammer/,https://en.geneanet.org/surnames/SCHWINGHAMMER,,President and owner of Hallmark Homes in Indiana.,verified
apt-1308,Paulinho Boca de Cantor,Paulinho,Boca de Cantor,singer and composer,arts,,Brazil,1946,,translation,4,Cantor,His stage surname Boca de Cantor includes cantor meaning singer in Portuguese.,Portuguese: singer (cantor),professional_name,https://en.wikipedia.org/wiki/Paulinho_Boca_de_Cantor,https://en.wiktionary.org/wiki/cantor#Portuguese,https://www.linoresende.jor.br/nomes-mais-que-apropriados/,,verified
apt-0912,Pekka Pouta,Pekka,Pouta,television meteorologist,weather,MTV3 Finland,Finland,1965,,translation,4,Pouta,His surname Pouta means fair or fine weather in Finnish.,Finnish,birth_name,https://fi.wikipedia.org/wiki/Pekka_Pouta,https://en.wiktionary.org/wiki/pouta,,,verified
apt-0913,Penn Jillette,Penn,Jillette,magician,arts,Penn & Teller,United States,1955,,semantic,4,Penn,"Penn evokes pen, the writing tool of a magician who scripts elaborate illusions.",,birth_name,https://en.wikipedia.org/wiki/Penn_Jillette,,,Half of Penn & Teller. Audit: Penn evokes pen for magician who scripts illusions is invented homophone.,rejected
apt-0914,Percival Pott,Percival,Pott,surgeon,medicine,St Bartholomew's Hospital,England,1714,1788,semantic,4,Pott,Pott's disease and Pott's fracture were named for this surgeon who linked spinal deformity to tuberculosis.,Surname Pott; Pott's disease eponym,birth_name,https://en.wikipedia.org/wiki/Percivall_Pott,,,Also described chimney-sweep carcinoma.,verified
apt-0915,Peter Baker,Peter,Baker,political journalist,media,The New York Times,United States,1967,,semantic,2,Baker,Baker is an occupational surname loosely echoing daily news baked fresh each morning.,English: baker,birth_name,https://en.wikipedia.org/wiki/Peter_Baker_(journalist),,,Chief White House correspondent for the Times.,borderline
apt-0916,Peter Bowler,Peter,Bowler,cricketer,sports,Western Australia,Australia,1968,2020,ironic,4,Bowler,His surname is Bowler but he was primarily a batsman.,,birth_name,https://en.wikipedia.org/wiki/Peter_Bowler,,https://en.wikipedia.org/wiki/Aptronym,Played 141 first-class matches mainly as a batter.,verified
apt-0917,Peter Burns-Cox,Peter,Burns-Cox,urologist,medicine,,England,,,wordplay,3,Burns-Cox,Dent's favourite urologist example pairs burns with anatomical slang.,,unknown,https://pocketmags.com/eu/saga-magazine/jul-24/articles/word-to-the-wise,,https://pocketmags.com/eu/saga-magazine/jul-24/articles/word-to-the-wise,Audit: Burns-Cox wordplay from Dent anecdote; weak without independent urologist profile.,borderline
apt-0918,Peter Conder,Peter,Conder,ornithologist,science,Royal Society for the Protection of Birds,United Kingdom,1919,1993,phonetic,3,Conder,Conder resembles condor a large bird fitting his career as RSPB director.,,birth_name,https://en.wikipedia.org/wiki/Peter_Conder,,https://en.wikipedia.org/wiki/Nominative_determinism,Director of RSPB 1962-1975. Flagged automatically: connection wording asserts a loose link.,borderline
apt-0919,Peter Crouch,Peter,Crouch,football striker,sports,England national team,England,1981,,ironic,4,Crouch,At 6 ft 7 in he was one of the tallest players in the Premier League despite a name meaning bend low.,,birth_name,https://en.wikipedia.org/wiki/Peter_Crouch,https://en.wiktionary.org/wiki/crouch,https://www.espn.com/espn/print?id=37577543,Premier League record for headed goals.,verified
apt-0920,Peter Doughty-Cook,Peter,Doughty-Cook,baker,food,Peter Cooks Bread Ltd,United Kingdom,,,wordplay,5,Cook,His surname embeds Cook and his bakery is literally called Peter Cooks Bread.,,unknown,https://www.petercooksbread.co.uk/our-story,,,BIA Baker of the Year 2022.,verified
apt-0921,Peter King,Peter,King,U.S. representative,politics,United States House of Representatives,United States,1944,,semantic,3,King,His surname is King while he served sixteen terms in Congress and chaired Homeland Security.,,birth_name,https://en.wikipedia.org/wiki/Peter_King_(American_politician),,,Audit: King is a common English surname; sixteen terms in Congress does not make the surname apt.,rejected
apt-0922,Péter Magyar,Péter,Magyar,prime minister,politics,,Hungary,1981,,translation,4,Magyar,"Magyar is the Hungarian word for Hungarian, fitting Hungary's prime minister.",Hungarian: Hungarian (ethnonym),birth_name,https://en.wikipedia.org/wiki/P%C3%A9ter_Magyar,https://en.wiktionary.org/wiki/magyar,https://en.wikipedia.org/wiki/Aptronym,,verified
apt-0923,Peter Pullum,Peter,Pullum,urologist,medicine,,England,,,semantic,2,Pullum,Dent cites Dr Pullum for testicular examinations.,,unknown,https://pocketmags.com/eu/saga-magazine/jul-24/articles/word-to-the-wise,,https://pocketmags.com/eu/saga-magazine/jul-24/articles/word-to-the-wise,Audit: Pullum/testicular exam anecdote from magazine only; person not independently verified.,borderline
apt-1309,Peter Short,Peter,Short,rugby lock forward,sports,Bath Rugby,England,1979,,ironic,4,Short,Short contradicts his 6-foot-5 frame as a professional rugby lock forward.,,birth_name,https://en.wikipedia.org/wiki/Peter_Short_(rugby_union),,,100 Premiership caps for Bath; England Saxons cap.,verified
apt-0924,Peter Skidmore,Peter,Skidmore,entomologist,science,Doncaster Museum,United Kingdom,1936,2009,semantic,4,Skidmore,Skidmore evokes skid fitting his specialty in insects of the cow-dung community.,,unknown,https://coleoptera.org.uk/node/24220,,https://en.wikipedia.org/wiki/Nominative_determinism,Author of Insects of the British Cow-Dung Community (1991). Flagged automatically: connection wording asserts a loose link.,borderline
apt-0925,Peter Taal,Peter,Taal,language advisor,media,NOS,Netherlands,,,translation,5,Taal,Taal means language in Dutch; he coached Dutch at the national broadcaster for decades.,Dutch: language,unknown,https://over.nos.nl/nieuws/25-jaar-taal-bij-de-nos/,https://en.wiktionary.org/wiki/taal,https://onzetaal.nl/educatie/ik-zit-op-de/basisschool/bijzondere-woorden/aptoniem,Self-described aptonym in NOS column.,verified
apt-0926,Phil Roof,Phil,Roof,MLB catcher,sports,Minnesota Twins,United States,1941,,wordplay,3,Roof,A catcher works beneath the grandstand roof behind home plate.,,unknown,https://www.baseball-reference.com/players/r/roofph01.shtml,,,,verified
apt-0927,Philander Rodman Jr.,Philander,Rodman,US Air Force serviceman and restaurateur,military,,United States,,2020,semantic,4,Philander,Philander means to engage in casual love affairs; he acknowledged fathering 29 children by 16 mothers.,,birth_name,https://www.espn.com/basketball/pba/story/_/id/29474229/philander-rodman-jr-father-dennis-rodman-dies-79,https://en.wiktionary.org/wiki/philander,https://en.wikipedia.org/wiki/Aptronym,"Father of Dennis Rodman. Served in the US Air Force, settled in Angeles City in the Philippines and died there on 14 July 2020, aged 79. A junior, so the forename was inherited rather than chosen. Audit: Cited Wikipedia article does not exist. Replaced with the ESPN obituary, corrected the name to Philander Rodman Jr. and sourced the 29 children figure to his own acknowledgement rather than his son's higher claim of 47.",verified
apt-0928,Philip Glass,Philip,Glass,composer,arts,,United States,1937,,semantic,3,Glass,"Glass suggests transparency and refraction, echoing his crystalline minimalist scores.",,birth_name,https://en.wikipedia.org/wiki/Philip_Glass,,https://www.britannica.com/biography/Philip-Glass,Audit: Glass/transparency/refraction connection is poetic invention with no name etymology.,rejected
apt-0929,Philip Howard Spiceland,Philip,Spiceland,television meteorologist,weather,CNN / WXIA Atlanta,United States,,,semantic,2,Spiceland,"His surname Spiceland suggests spice and land, a faint echo of terrain and climate.",,unknown,https://www.ajc.com/blog/radiotvtalk/whatever-happened-flip-spiceland/1e0BCs6i9lHVs6hgXT9uGK/,,https://www.treehugger.com/meteorologists-with-ridiculous-names-4863783,Known on air as Flip Spiceland; parents called him Flip.,borderline
apt-0930,Philip Sharp,Philip,Sharp,U.S. representative,politics,United States House of Representatives,United States,1942,,semantic,2,Sharp,"Sharp suggests cutting analysis, a weak fit for an energy-policy congressman.",,unknown,https://bioguide.congress.gov/search/bio/S000294,,,Audit: Sharp is a common surname; cutting-analysis echo for an energy congressman is invented.,rejected
apt-0931,Philip Syng Physick,Philip Syng,Physick,surgeon,medicine,University of Pennsylvania,United States,1768,1837,direct,5,Physick,His surname Physick is an archaic word for a physician and he became the Father of American Surgery.,Middle English physick (medicine),birth_name,https://en.wikipedia.org/wiki/Philip_Syng_Physick,https://www.etymonline.com/word/physic,https://www.umb.edu.pl/photo/pliki/progress-file/phs/phs_2013_2/171-174_ohry.pdf,Studied under John Hunter in London.,verified
apt-0932,Phyllis Green,Phyllis,Green,national park superintendent,trades,Isle Royale National Park,United States,,,semantic,4,Green,Her surname Green evokes the vegetation she stewarded as Isle Royale superintendent.,,unknown,https://www.nps.gov/isro/learn/news/isle-royale-superintendent-announces-retirement.htm,https://en.wiktionary.org/wiki/green,,18-year Isle Royale superintendent. Flagged automatically: connection wording asserts a loose link.,borderline
apt-0933,Pierre-Auguste Renoir,Pierre-Auguste,Renoir,painter,arts,,France,1841,1919,phonetic,2,Renoir,"Renoir sounds like re-noir, black again, faintly apt for luminous shadow in Impressionism.",French: black (noir),birth_name,https://en.wikipedia.org/wiki/Pierre-Auguste_Renoir,https://en.wiktionary.org/wiki/noir,,Homophone pun; surname etymology separate. Audit: Renoir/re-noir homophone is invented pun; surname etymology separate.,rejected
apt-0934,Pierre Boncoeur,Pierre,Boncoeur,cardiologist,medicine,,France,,,translation,4,Boncoeur,Bon cœur means good heart in French; he is a cardiologist.,French: good heart,unknown,https://fatrazie.com/aptonyme-2/3-exemples-d-aptonymes,https://fr.wiktionary.org/wiki/c%C5%93ur,https://fatrazie.com/aptonyme-2/51-aptonymes-2,Listed in French aptonym registry; person verification limited. Audit: Fatrazie registry only; cardiologist attested by aptonym list not independent clinic page.,borderline
apt-0935,Pierre Salinger,Pierre,Salinger,White House press secretary,politics,Kennedy administration,United States,1925,2004,semantic,2,Salinger,His surname offers only a weak link to his broadcasting and press career.,,birth_name,https://en.wikipedia.org/wiki/Pierre_Salinger,,,Audit: Score-2 press-secretary padding; connection admits only a weak unspecified link.,rejected
apt-0936,Piloo Reporter,Piloo,Reporter,cricket umpire,sports,India,India,1914,1998,direct,5,Reporter,His surname is Reporter and he stood as a Test match umpire.,,birth_name,https://en.wikipedia.org/wiki/Piloo_Reporter,,https://www.espncricinfo.com/story/espncricinfo-xi-cricketers-names-that-are-also-professions-722219,Umpired 14 Tests and 10 ODIs.,verified
apt-0937,Pim Visser,Pim,Visser,fisheries industry executive,business,VisNed,Netherlands,,,translation,5,Visser,Visser means fisher in Dutch; he led the Dutch demersal fisheries association.,Dutch: fisher,unknown,https://www.visned.nl/pers,https://en.wiktionary.org/wiki/visser,https://www.rd.nl/artikel/969153-pim-visser-dienstbaar-aan-de-visserman,,verified
apt-0938,Pinch Thomas,Pinch,Thomas,MLB catcher,sports,Boston Red Sox,United States,1888,1957,direct,4,Pinch,His first name Pinch is the baseball term for a substitute hitter.,,professional_name,https://www.baseball-reference.com/players/t/thomapi01.shtml,,,Birth name Chester David Thomas; Pinch was his longtime nickname.,verified
apt-1310,Plate,,Plate,MLB umpire,sports,Major League Baseball,United States,,,direct,3,Plate,"Plate names home plate, the base he worked as a substitute umpire on 17 July 1946.",,unknown,https://www.retrosheet.org/downloads/csvumpires.html,,https://www.retrosheet.org/downloads/csvumpires.html,"Retrosheet's umpire register lists this person as `platu901  Plate  Plate`, with no first name, no dates and a single game worked on 17 July 1946. The surname is attested in an authoritative register but no individual can be identified behind it. Audit: A surname with no first name is not an identifiable person, so this cannot be verified at a score of 5. Handled like the other surname-only cases: kept as borderline because the register entry is real, rather than rejected as invented.",borderline
apt-0939,Prentice Henry Marshall,Prentice Henry,Marshall,U.S. district judge,law,U.S. District Court for the Northern District of Illinois,United States,1926,2004,semantic,3,Marshall,"Marshall historically named a court law officer, fitting a federal trial judge.",English occupational surname,unknown,https://www.fjc.gov/history/judges/marshall-prentice-henry,https://www.etymonline.com/word/marshal,,,verified
apt-0940,Preston Brooks,Preston,Brooks,U.S. representative,politics,United States House of Representatives,United States,1819,1857,semantic,2,Brooks,Brooks is a geographic surname with no strong link to his assault on Senator Sumner.,,unknown,"https://history.house.gov/People/Listing/B/BROOKS,-Preston-Smith-(B000885)/",,,Audit: Row notes Brooks has no strong link; geographic surname padding.,rejected
apt-0941,Price Fishback,Price,Fishback,economic historian,science,University of Arizona,United States,1955,,semantic,4,Price,His given name Price denotes cost fitting an economic historian who studies wages and New Deal spending.,,unknown,https://eller.arizona.edu/people/price-v-fishback,,,Regents Professor of Economics; NBER research associate. Audit: First-name Price is stronger than surname-only economist entries but not instant score-5 obvious.,verified
apt-0942,Prince Fielder,Prince,Fielder,baseball first baseman,sports,,United States,1984,,semantic,4,Fielder,A fielder is a defensive baseball player like his father Cecil.,,birth_name,https://en.wikipedia.org/wiki/Prince_Fielder,,https://en.wikipedia.org/wiki/Aptronym,,verified
apt-0943,Publius Cornelius Lentulus Spinther,Publius,Spinther,Roman consul,politics,Roman Republic,Roman Republic,-100,-47,semantic,3,Spinther,Spinther was a stage-name cognomen from his resemblance to an actor called Spinther.,Latin: stage nickname,birth_name,https://en.wikipedia.org/wiki/Publius_Cornelius_Lentulus_Spinther,,,Audit: Spinther was a stage-name cognomen awarded for resemblance to an actor; descriptive not coincidental.,rejected
apt-0944,Publius Cornelius Scipio Africanus,Publius,Scipio,Roman general,military,Roman Republic,Roman Republic,-236,-183,other,3,Scipio,Scipio may mean staff or rod in Etruscan fitting a general who carried Rome's military authority.,Possible Etruscan: staff,birth_name,https://en.wikipedia.org/wiki/Scipio_Africanus,,,Defeated Hannibal at Zama; cognomen Africanus for Africa campaign. Audit: Africanus cognomen was awarded for the African campaign against Hannibal; name followed deed.,rejected
apt-0945,Publius Valerius Publicola,Publius,Publicola,Roman consul and statesman,politics,Roman Republic,Roman Republic,,-503,translation,5,Publicola,Publicola means friend of the people in Latin fitting a consul who helped overthrow the monarchy.,Latin: populus (people) + cola (friend),birth_name,https://en.wikipedia.org/wiki/Publius_Valerius_Publicola,https://en.wiktionary.org/wiki/Publicola,,Cognomen added after expelling Tarquin; not Quintus Pedius Publicola. Audit: Publicola cognomen was awarded after winning popular support; recent scholarship disputes friend-of-people etymology. Audit: Lowercase wiktionary entry does not exist; the Latin cognomen is capitalised.,rejected
apt-0946,Quentin Jammer,Quentin,Jammer,football cornerback,sports,,United States,1979,,semantic,4,Jammer,"A jammer disrupts receivers, a cornerback's role.",,birth_name,https://en.wikipedia.org/wiki/Quentin_Jammer,,https://slate.com/news-and-politics/2005/12/charol-shakeshaft-topped.html,,verified
apt-0947,Quinten Post,Quinten,Post,NBA power forward,sports,Golden State Warriors,Netherlands,2000,,direct,4,Post,"He plays the post, the low-block area his surname names.",,unknown,https://www.basketball-reference.com/players/p/postqu01.html,,,,verified
apt-0948,Quintus Caecilius Metellus Pius,Quintus,Pius,Roman consul and general,military,Roman Republic,Roman Republic,-128,-63,translation,4,Pius,"Pius means dutiful in Latin, given for his campaign to recall his exiled father.",Latin: dutiful,birth_name,https://en.wikipedia.org/wiki/Quintus_Caecilius_Metellus_Pius,https://en.wiktionary.org/wiki/pius,,Consul 80 BC. Audit: Pius was an agnomen given for campaigning to recall his exiled father; name followed deed.,rejected
apt-0949,Quintus Horatius Flaccus,Quintus,Flaccus,Roman poet,arts,Roman Republic,Roman Republic,-65,-8,translation,3,Flaccus,Flaccus means floppy or fat in Latin describing the physical appearance Horace's cognomen implied.,Latin: flaccus (flabby),unknown,https://en.wikipedia.org/wiki/Horace,https://en.wiktionary.org/wiki/flaccus,,Known as Horace; author of Odes and Satires.,verified
apt-0950,Quintus Pedius Publicola,Quintus,Publicola,Roman consul,politics,Roman Republic,Roman Republic,,,translation,4,Publicola,"Publicola means friend of the people in Latin, fitting a republican officeholder.",Latin: friend of the people,birth_name,https://en.wikipedia.org/wiki/Quintus_Pedius_Publicola,https://en.wiktionary.org/wiki/Publicola,,"Audit: Publicola is an awarded republican cognomen, not a birth-name coincidence. Audit: Lowercase wiktionary entry does not exist; the Latin cognomen is capitalised.",rejected
apt-0951,R. A. Sparkes,R.,Sparkes,electronics textbook author,science,,United Kingdom,,,semantic,4,Sparkes,Sparkes evokes electrical sparks fitting an author of electronics textbooks.,,unknown,https://wit.substack.com/p/the-wits-guide-to-nominative-determinism,,https://wit.substack.com/p/the-wits-guide-to-nominative-determinism,Cited in New Scientist Feedback 1994. Audit: Only cited in WIT Substack/New Scientist Feedback with no authoritative page confirming the author or occupation.,rejected
apt-0952,R. P. Waters,R. P.,Waters,sprinter,sports,,United States,,,semantic,3,Waters,"Waters evokes pools and rivers, loosely apt for a schoolboy sprint relay runner.",,unknown,https://www.olympedia.org/athletes/892394,,,1904 non-medal youth events. Flagged automatically: connection wording asserts a loose link.,borderline
apt-0953,Ralf Richter,Ralf,Richter,maritime law professor and arbitrator,law,University of Rostock,Germany,1931,2021,translation,3,Richter,Richter means judge in German; he served as a Schiedsrichter on maritime courts.,German: judge,birth_name,https://de.wikipedia.org/wiki/Ralf_Richter_(Jurist),https://en.wiktionary.org/wiki/Richter,,,verified
apt-0954,Randall Toothaker,Randall,Toothaker,dentist,medicine,,United States,,,wordplay,5,Toothaker,His surname describes extracting teeth.,,unknown,https://slate.com/news-and-politics/2005/12/charol-shakeshaft-topped.html,,https://slate.com/news-and-politics/2005/12/charol-shakeshaft-topped.html,,probable
apt-0955,Raphael Cohen,Raphael,Cohen,chief rabbi,religion,Altona-Hamburg-Wandsbek,Germany,1722,1803,translation,4,Cohen,Cohen (kohen) means priest in Hebrew; he served as chief rabbi of three cities.,Hebrew: priest,birth_name,https://en.wikipedia.org/wiki/Raphael_Cohen,https://en.wikipedia.org/wiki/Cohen,,,verified
apt-0956,Raphael Wolf,Raphael,Wolf,football goalkeeper,sports,Fortuna Düsseldorf,Germany,1988,,semantic,3,Wolf,His surname is Wolf though he never played for Wolfsburg.,,birth_name,https://en.wikipedia.org/wiki/Raphael_Wolf,,,Bundesliga and 2. Bundesliga goalkeeper.,verified
apt-0957,Ravi Tailor,Ravi,Tailor,master cutter,trades,,United States,,,direct,5,Tailor,His surname is the trade he practices on Savile Row.,,unknown,https://slate.com/news-and-politics/2005/12/charol-shakeshaft-topped.html,,https://slate.com/news-and-politics/2005/12/charol-shakeshaft-topped.html,,probable
apt-0959,Ray Guy,Ray,Guy,NFL punter,sports,Oakland Raiders,United States,1949,2022,wordplay,3,Guy,He was the guy teams sent out to punt.,,unknown,https://www.pro-football-reference.com/players/G/GuyxRa20.htm,,,,verified
apt-0960,Ray Reardon,Ray,Reardon,snooker player,sports,,United Kingdom,1932,2024,semantic,2,Pot,He won the Pot Black snooker television tournament twice.,,birth_name,https://en.wikipedia.org/wiki/Ray_Reardon,,,Connection is via Pot Black title not surname. Audit: Pot Black tournament title is not a Reardon surname reading; wrong name element.,rejected
apt-0958,Raymond Baker,Raymond,Baker,cricketer,sports,Surrey County Cricket Club,England,1954,,semantic,2,Baker,Playing with Alan Butcher he inspired the Butcher-Baker profession quip.,,birth_name,https://en.wikipedia.org/wiki/Raymond_Baker_(cricketer),,https://www.espncricinfo.com/story/the-worst-test-batsman-and-knowing-your-onions-404806,"Right-arm medium-pace bowler for Surrey between 1973 and 1978 and a team-mate of Alan Butcher, which is where the butcher-and-baker quip comes from. Audit: Cited Wikipedia article does not exist; the article is at Raymond Baker (cricketer). That source also corrects the birth year, which was recorded as 1949 rather than 1954, and shows he was a medium-pacer rather than a fast bowler.",verified
apt-0961,Raymond Ban,Raymond,Ban,on-camera meteorologist,weather,The Weather Channel,United States,,,phonetic|wordplay,2,Ray Ban,His name Ray Ban phonetically evokes blocking sun rays like the sunglasses brand.,,unknown,https://www.ems.psu.edu/profile/alumni/raymond-ban,,https://www.treehugger.com/meteorologists-with-ridiculous-names-4863783,Weak phonetic link; widely cited in weather aptronym listicles.,borderline
apt-0962,Raymond Measures,Raymond,Measures,optical sensor researcher,science,University of Toronto,Canada,,,semantic,5,Measures,His surname is measures fitting a pioneer of fiber-optic structural measurement technology.,,unknown,https://doi.org/10.1117/12.21986,,https://www.newscientist.com/article/1839781-feedback-357/,Dual nominative determinism with forename Ray noted in New Scientist.,verified
apt-0963,Red Barber,Red,Barber,MLB broadcaster,sports,Brooklyn Dodgers,United States,1908,1992,other,2,Barber,His surname is unrelated to baseball but his red hair inspired his famous nickname.,,unknown,https://baseballhall.org/discover-more/awards/frick/red-barber,,,Included for broadcaster category; aptronym fit is weak. Audit: Notes admit surname unrelated to broadcasting; red is nickname for hair color.,rejected
apt-0964,Rehman Malik,Rehman,Malik,interior minister,politics,Government of Pakistan,Pakistan,1951,2022,translation,3,Malik,Malik means king in Arabic and Urdu; he led Pakistan's interior ministry.,Arabic: king,birth_name,https://en.wikipedia.org/wiki/Rehman_Malik,https://en.wikipedia.org/wiki/Malik,,Audit: Malik (king) is a common Arabic surname; king echo for an interior minister is padding.,rejected
apt-0965,Rem Koolhaas,Rem,Koolhaas,architect,arts,,Netherlands,1944,,phonetic,3,Koolhaas,"His surname sounds like cool house in Dutch/English, fitting an architect.",,birth_name,https://en.wikipedia.org/wiki/Rem_Koolhaas,,http://news.bbc.co.uk/today/hi/today/newsid_9664000/9664697.stm,Audit: Koolhaas sounds like cool house is invented phonetic pun on architect.,rejected
apt-0966,Rembrandt,Rembrandt,van Rijn,painter and printmaker,arts,,Netherlands,1606,1669,translation,3,Rembrandt,"Rembrandt combines rem ( o ) and brandt, Dutch for burned or sword brand, apt for dramatic chiaroscuro.",Dutch: sword blade / burn mark,birth_name,https://en.wikipedia.org/wiki/Rembrandt,https://en.wiktionary.org/wiki/brand,,Full name Rembrandt Harmenszoon van Rijn. Audit: Rembrandt rem+brandt burned/sword for chiaroscuro is speculative Dutch folk reading.,rejected
apt-1311,Ren Newcomer,Ren,Newcomer,funeral director and funeral-home chain founder,trades,Newcomer Funeral Service Group,United States,,,semantic,4,Newcomer,Newcomer names his role as an innovator who opened discount funeral homes against industry tradition.,,unknown,https://www.newcomer.com/about-newcomer,,https://www.inc.com/magazine/19980401/898.html,Inc. called him aptly named when launching TV-advertised discount funeral chain; fourth-generation funeral director.,verified
apt-0967,René Magritte,René,Magritte,painter,arts,,Belgium,1898,1967,semantic,2,Magritte,Magritte has no clear occupational meaning but suits a painter of mysterious labels.,,birth_name,https://en.wikipedia.org/wiki/Ren%C3%A9_Magritte,,,The Treachery of Images. Audit: Row admits Magritte has no clear occupational meaning; kept as padding.,rejected
apt-0968,Reverend Harry Drummond Potter,Harry Drummond,Potter,Barrister,law,25 Bedford Row,United Kingdom,,,other,3,Potter,"His famous fictional-namesake aside, he is a practising criminal and prison-law barrister.",English occupational surname (potter),unknown,https://www.barstandardsboard.org.uk/barristers-register/EC7A7FFE86FBF884501C6CCB8E21CACA.html,,https://www.legalcheek.com/2016/02/lawyers-with-brilliant-names-you-just-couldnt-make-up/,Called 1993; crime and prison law.,verified
apt-0969,Rex Armstrong,Rex,Armstrong,Senior judge,law,Oregon Court of Appeals,United States,1963,,semantic,2,Armstrong,Armstrong evokes the strong arm of the state that appellate courts represent.,English nickname surname,unknown,https://www.linkedin.com/in/rex-armstrong-0769354,,,Oregon Court of Appeals judge 1995–2022. Audit: LinkedIn profile does not establish judicial role authoritatively.,borderline
apt-0970,Rex Hunt,Rex,Hunt,Australian rules footballer,sports,Richmond,Australia,1948,,semantic,4,Hunt,"His surname is Hunt, apt for a forward who kicked 276 career goals.",,unknown,https://www.afltables.com/afl/stats/players/R/Rex_Hunt.html,,,202 games; later TV fishing personality.,verified
apt-0971,Rich Batchelor,Rich,Batchelor,MLB relief pitcher,sports,Kansas City Royals,United States,1973,,wordplay,2,Batchelor,"His surname echoes bat, the essential hitting tool.",,unknown,https://www.baseball-reference.com/players/b/batchri01.shtml,,,Flagged automatically: connection wording asserts a loose link.,borderline
apt-0972,Rich Fairbank,Rich,Fairbank,bank CEO,business,Capital One,United States,1950,,wordplay,4,Fairbank,He leads a bank and holds a surname suggesting fair banking.,,birth_name,https://en.wikipedia.org/wiki/Richard_Fairbank,,https://en.wikipedia.org/wiki/Aptronym,Flagged automatically: connection wording asserts a loose link.,borderline
apt-0973,Rich Ricci,Rich,Ricci,banker,business,,United States,,,wordplay,4,Ricci,"His name reduplicates rich, fitting a Barclays investment banker.",,birth_name,https://en.wikipedia.org/wiki/Rich_Ricci,,https://en.wikipedia.org/wiki/Aptronym,,verified
apt-0974,Richard Betts,Richard,Betts,climate scientist,science,Met Office Hadley Centre / University of Exeter,United Kingdom,,,semantic,2,Betts,"His surname Betts is a homophone of bets, as in betting on climate outcomes—very weak.",,unknown,https://experts.exeter.ac.uk/22431-richard-betts,,,IPCC lead author; weak aptronym kept at score 2.,borderline
apt-0975,Richard Bright,Richard,Bright,physician,medicine,Guy's Hospital,England,1789,1858,semantic,4,Bright,Bright's disease of the kidney was named for this physician who linked dropsy to renal pathology.,Surname Bright; Bright's disease eponym,birth_name,https://en.wikipedia.org/wiki/Richard_Bright_(physician),,,Described what is now called acute nephritis.,verified
apt-0976,Richard Carver,Richard,Carver,plastic surgeon,medicine,,United States,,,semantic,3,Carver,"A carver shapes and cuts material, like a plastic surgeon sculpting tissue.",,unknown,https://npiregistry.cms.hhs.gov/,,https://doi.org/10.1308/147363515X14134529299420,Carver listed in Limb et al. 2015 plastic surgery examples; verified via NPI. Audit: Common surname with glancing link; rubric score 3 not 4.,probable
apt-0977,Richard Chopp,Richard,Chopp,urologist,medicine,,United States,,,wordplay,5,Chopp,"Known as Dr. Dick Chopp, his name is a urology pun.",,unknown,https://slate.com/news-and-politics/2005/12/charol-shakeshaft-topped.html,,https://slate.com/news-and-politics/2005/12/charol-shakeshaft-topped.html,Audit: Duplicate of apt-0986 Richard Thomas Chopp; Slate listicle does not independently identify this urologist.,rejected
apt-0978,Richard Green,Richard,Green,professional golfer,sports,,Australia,1971,,semantic,3,Green,Green is the closely mown surface golfers aim to reach.,,birth_name,https://en.wikipedia.org/wiki/Richard_Green_(golfer),,,,verified
apt-0979,Richard Grip,Richard,Grip,bank vice president,business,Fuji Bank,United States,,,semantic,4,Grip,"Grip suggests a firm handshake, loosely apt for a bank vice president.",,unknown,https://www.linkedin.com/in/richard-grip-113b5711,,,Vice president at Fuji Bank Limited 1981–2001. Audit: Grip suggests firm handshake for bank VP is LinkedIn-tier stretch.,rejected
apt-0980,Richard Hart,Richard,Hart,cardiologist,medicine,,United States,,,phonetic,2,Hart,"Hart sounds like heart, organ of cardiology.",,unknown,https://npiregistry.cms.hhs.gov/,,,Audit: person_source_url is NPI registry homepage only; confirms licence exists but not specialty or employer from this URL.,probable
apt-0981,Richard Kingson,Richard,Kingson,football goalkeeper,sports,Ghana national team,Ghana,1978,,phonetic,3,Kingson,His surname Kingson is a near-homophone of king of saves for a Ghana goalkeeper.,,legal_name,https://en.wikipedia.org/wiki/Richard_Kingson,,,Also known as Faruk Gürsoy; 2010 World Cup keeper. Audit: King of saves is invented English homophone; Kingson is Ghanaian surname.,rejected
apt-0982,Richard Law,Richard,Law,U.S. district judge,law,U.S. District Court for the District of Connecticut,United States,1733,1806,direct,5,Law,"His surname is law, matching one of the first federal district judges appointed by Washington.",English common noun surname,unknown,https://www.fjc.gov/history/judges/law-richard,,,Continental Congress delegate; mayor of New London.,verified
apt-0983,Richard Lazarus,Richard,Lazarus,psychologist,science,University of California Berkeley,United States,1918,2002,semantic,3,Lazarus,Lazarus evokes resurrection fitting a psychologist who wrote on stress and coping with mortality.,,unknown,https://senate.universityofcalifornia.edu/_files/inmemoriam/html/richardlazarus.html,,https://en.wikipedia.org/wiki/Nominative_determinism,New Scientist cited The Case Against Death title; that book may be a different Richard Lazarus.,borderline
apt-0984,Richard Limb,Richard,Limb,orthopaedic surgeon,medicine,NHS England,United Kingdom,,,semantic,4,Limb,He is an orthopaedic surgeon whose surname names the body parts his specialty treats.,,unknown,https://www.efort.org/wp-content/uploads/2016/06/CV_D_Limb.pdf,,https://doi.org/10.1308/147363515X14134529299420,Co-author of Limb et al. 2015; occupation confirmed via family CV listing and NHS profile.,probable
apt-0985,Richard Strauss,Richard,Strauss,composer,arts,,Germany,1864,1949,translation,2,Strauss,"Strauss can mean bouquet or ostrich in German, a weak pun for a tone-poem composer.",German: bouquet,birth_name,https://en.wikipedia.org/wiki/Richard_Strauss,https://en.wiktionary.org/wiki/Strauss,,Audit: Strauss bouquet/ostrich pun is weak and unrelated to composing; row already marked borderline.,rejected
apt-0986,Richard Thomas Chopp,Richard,Chopp,urologist,medicine,The Urology Team,United States,,,semantic,5,Chopp,"Known as Dr. Dick Chopp, his name is a urology pun.",,unknown,https://care.healthline.com/find-care/provider/dr-richard-chopp-1528061439,,https://www.wsj.com/articles/SB10001424052702304563104576446343572807996,Audit: opennpi.com is third-party directory; replace with Healthline provider page.,verified
apt-0987,Richard Trench,Richard,Trench,author,science,,,,,semantic,3,Trench,He co-wrote London Under London about subterranean tunnels.,,unknown,https://en.wikipedia.org/wiki/Nominative_determinism,,https://en.wikipedia.org/wiki/Nominative_determinism,,probable
apt-0988,Rick Scott,Rick,Scott,U.S. senator and governor,politics,United States Senate,United States,1952,,semantic,2,Scott,Scott is a common surname without a clear link to governing Florida.,,birth_name,https://en.wikipedia.org/wiki/Rick_Scott,,,Audit: Agent admitted Scott as intentional score-2 padding; common Scottish surname with no governing link.,rejected
apt-0989,Ringo Starr,Ringo,Starr,drummer and singer,arts,The Beatles,England,1940,,semantic,2,Starr,"Starr evokes stars, apt for one of the world's most famous pop musicians.",,professional_name,https://en.wikipedia.org/wiki/Ringo_Starr,,https://en.wikipedia.org/wiki/Aptronym,Birth name Richard Starkey; Ringo from ring-shaped jewelry. Audit: Ringo Starr stage name from ring jewelry; Starr/star echo is weak on chosen professional name. Flagged automatically: connection wording asserts a loose link.,borderline
apt-0990,River Phoenix,River,Phoenix,actor,arts,,United States,1970,1993,semantic,2,Phoenix,"Phoenix names the mythic bird reborn from ashes, foreshadowing his brief blazing career.",Greek: reborn firebird,legal_name,https://en.wikipedia.org/wiki/River_Phoenix,,,Given name River; surname Phoenix from the mythical bird. Audit: Born River Jude Bottom; family changed surname to Phoenix in childhood.,verified
apt-0991,Rob Banks,Rob,Banks,police officer,law,,England,,,ironic,5,Banks,"Rob banks means to steal from banks, opposite of a police officer's duty.",,unknown,https://en.wikipedia.org/wiki/Nominative_determinism,,https://en.wikipedia.org/wiki/Aptronym,British PC Rob Banks widely cited in nominative-determinism sources; needs dedicated news or force profile URL. Audit: person_source_url was generic Aptronym page; Rob Banks not named on that page.,probable
apt-0992,Rob Goode,Rob,Goode,NFL fullback,sports,Washington Redskins,United States,1927,2007,wordplay,2,Goode,"His surname is good, a word coaches use to praise solid play.",,unknown,https://www.pro-football-reference.com/players/G/GoodRo01.htm,,,,verified
apt-0993,"Rob ""Sunny"" Roseman",Rob,Roseman,television meteorologist,weather,KUSA Denver,United States,1918,1993,semantic,2,Sunny,KUSA branded him Sunny and paired him with Stormy Rottman in Sunny days and Stormy nights ads.,,professional_name,https://en.wikipedia.org/wiki/Stormy_Rottman,https://en.wiktionary.org/wiki/sunny,,"Professional nickname Sunny assigned by KUSA. Audit: KUSA branded him Sunny specifically to pair him with Stormy Rottman, so the aptness was assigned by an employer for effect.",borderline
apt-0994,Robert Alexander Courts,Robert Alexander,Courts,Barrister and Solicitor General,law,3PB Barristers,United Kingdom,1978,,direct,5,Courts,"His surname is courts, the tribunals where he practised and later served as HM Solicitor General.",English common noun surname,unknown,https://www.3pb.co.uk/former-3pb-barrister-becomes-his-majestys-solicitor-general/,,https://www.counselmagazine.co.uk/articles/the-name-of-the-law,Robert Courts KC MP; door tenant at 3 Paper Buildings.,verified
apt-0995,Robert Boyle,Robert,Boyle,natural philosopher,science,,Ireland,1627,1691,semantic,1,Boyle,Boyle's law embeds his surname directly in the gas law he formulated.,,birth_name,https://en.wikipedia.org/wiki/Robert_Boyle,,,Boyle's law of gases. Audit: Boyle's law embeds his surname because the law was named after him; backwards eponym.,rejected
apt-0996,Robert Burns,Robert,Burns,poet,arts,,Scotland,1759,1796,semantic,4,Burns,"Burns denotes streams and fiery passion, both apt for Scotland's national poet.",Scots: stream; English: burns,birth_name,https://en.wikipedia.org/wiki/Robert_Burns,https://scotch.scot/roots/surname/burns,,Family spelled Burness before he adopted Burns.,verified
apt-0997,Robert Burns Woodward,Robert,Woodward,chemist,science,Harvard University,United States,1917,1979,semantic,3,Woodward,Woodward means toward the wood a weak link to organic synthesis pathways.,,birth_name,https://en.wikipedia.org/wiki/Robert_Burns_Woodward,,,Organic synthesis master; Nobel 1965.,borderline
apt-0998,Robert Capa,Robert,Capa,war photographer,arts,Magnum Photos,Hungary,1913,1954,translation,2,Capa,"Capa means shark in Hungarian, apt for a photographer who swam into battle.",Hungarian: shark,pseudonym,https://en.wikipedia.org/wiki/Robert_Capa,https://en.wiktionary.org/wiki/cápa,,Birth name Endre Friedmann; chose Capa with Gerda Taro. Audit: Capa alias chosen with Gerda Taro for photography branding; birth name Endre Friedmann. Wikipedia gives the birth name as Endre Ernő Friedmann.,verified
apt-0999,Robert Cashdollar,Robert,Cashdollar,agricultural lobbyist,business,,United States,1946,2024,semantic,5,Cashdollar,"His surname combines cash and dollar, fitting a Capitol Hill staffer who drafted crop insurance law.",,unknown,https://www.hillrag.com/2024/08/22/in-memoriam-robert-a-cashdollar/,,https://slate.com/news-and-politics/2005/12/charol-shakeshaft-topped.html,Congressional staffer and lobbyist on agriculture and rural credit.,verified
apt-1000,Robert Crumb,Robert,Crumb,cartoonist,arts,,United States,1943,,semantic,3,Crumb,"Crumb suggests fragments, apt for an underground cartoonist of gritty detail.",,birth_name,https://en.wikipedia.org/wiki/Robert_Crumb,,,Zap Comix founder. Audit: Crumb suggests fragments for underground cartoonist is invented.,rejected
apt-1001,Robert Field,Robert,Field,physical chemist,science,Massachusetts Institute of Technology,United States,1944,,semantic,2,Field,Field names the electric and magnetic fields central to his laser spectroscopy research.,,birth_name,https://en.wikipedia.org/wiki/Robert_W._Field,,,Haslam and Dewey Professor of Chemistry emeritus. Audit: Field is a very common surname; electromagnetic-field link is generic physics wordplay not a strong aptronym.,borderline
apt-1002,Robert Forrest,Robert,Forrest,forestry journalist,science,,Canada,,,semantic,4,Forrest,Forrest names woodland fitting a Vancouver forestry-sciences journalist.,,unknown,https://www.neatorama.com/2013/03/19/The-Name-Number-for-Geology-and-for-Other-Professions/,,https://www.neatorama.com/2013/03/19/The-Name-Number-for-Geology-and-for-Other-Professions/,Listed in Krajick Name Number paper.,probable
apt-1003,Robert Frost,Robert,Frost,poet,arts,,United States,1874,1963,semantic,4,Frost,Frost names the icy New England landscapes central to his poetry.,,birth_name,https://en.wikipedia.org/wiki/Robert_Frost,,https://www.theguardian.com/lifeandstyle/2024/sep/17/aptronym-job-normative-determinism,,verified
apt-1004,Robert Hooke,Robert,Hooke,natural philosopher,science,Royal Society,England,1635,1703,semantic,1,Hooke,Hooke's law embeds his surname in the elasticity principle he published in 1660.,Surname Hooke; Hooke's law eponym,birth_name,https://en.wikipedia.org/wiki/Robert_Hooke,,,Also coined the term cell in biology. Audit: Hooke's law was named after Hooke; backwards eponym error.,rejected
apt-1005,Robert Joseph Baker,Robert,Baker,Catholic bishop,religion,Diocese of Birmingham,United States,1944,,direct,2,Baker,"His surname names baking, loosely echoing the bread of the Eucharist he consecrated as bishop.",,unknown,https://www.catholic-hierarchy.org/bishop/bbaker.html,,,Bishop emeritus of Birmingham Alabama. Audit: Baker/baking loosely echoing Eucharistic bread is stretch for bishop. Flagged automatically: connection wording asserts a loose link.,borderline
apt-1006,Robert Joseph Fisher,Robert,Fisher,Catholic auxiliary bishop,religion,Archdiocese of Detroit,United States,1959,,semantic,2,Fisher,"Fisher evokes fishers of men, the apostolic mission of a Catholic bishop.",,unknown,https://www.catholic-hierarchy.org/bishop/bfisherr.html,,,Auxiliary bishop of Detroit; titular bishop of Forum Popilii. Audit: Fisher evokes fishers of men for auxiliary bishop is cliché not aptronym. Flagged automatically: connection wording asserts a loose link.,borderline
apt-1007,Robert L. Gibson,Robert,Gibson,astronaut and airline pilot,transport,NASA,United States,1946,,semantic,3,Gibson,Gibson flew spacecraft and later commercial airliners as a professional pilot.,,unknown,https://www.nasa.gov/wp-content/uploads/2023/06/gibson-bio-current-gibson-robert.pdf,,,Five shuttle missions; airline transport pilot ratings.,verified
apt-1008,Robert L. Swann,Robert,Swann,ornithologist,science,Highland Ringing Group / BTO,United Kingdom,,,phonetic,3,Swann,"His surname Swann is a homophone of swan, a bird he studied in communal roost research.",,unknown,https://doi.org/10.1080/00063657509476450,https://en.wiktionary.org/wiki/swan,,Author of Communal Roosting of Robins in Aberdeenshire.,verified
apt-1009,Robert Odell Owens,Robert,Owens,U.S. representative,politics,United States House of Representatives,United States,1936,2007,semantic,3,Major,His middle name Major is the army rank during twelve terms from Brooklyn.,,birth_name,https://en.wikipedia.org/wiki/Major_Owens,,,Same person as Major Owens; listed under birth name. Audit: Duplicate of apt-0775 Major Owens under birth name; same person should not appear twice.,rejected
apt-1010,Robert Payne,Robert,Payne,cardiologist,medicine,,United States,,,semantic,2,Payne,Payne suggests chest pain evaluated by cardiologists.,,unknown,https://npiregistry.cms.hhs.gov/,,,Audit: person_source_url is NPI registry homepage only; confirms licence exists but not specialty or employer from this URL. Flagged automatically: connection wording asserts a loose link.,borderline
apt-1011,Robert Peary,Robert,Peary,Arctic explorer,science,,United States,1856,1920,semantic,2,Peary,Peary offers only a faint echo of peering into polar ice for this North Pole claimant.,,birth_name,https://en.wikipedia.org/wiki/Robert_Peary,,,Reached North Pole 1909; career pre-1920.,borderline
apt-1012,Robert Rathbun,Robert,Rathbun,basketball and baseball broadcaster,sports,,United States,1954,,semantic,3,Courtland,"His middle name Courtland contains court, apt for a longtime NBA play-by-play announcer.",,birth_name,https://en.wikipedia.org/wiki/Bob_Rathbun,,,Known as Bob Rathbun; middle name Courtland.,verified
apt-1013,Robert Skinner,Robert,Skinner,dermatologist,medicine,,United States,,,semantic,2,Skinner,"Skinner evokes skin, the dermatologist's organ.",,unknown,https://npiregistry.cms.hhs.gov/,,,Audit: person_source_url is NPI registry homepage only; confirms licence exists but not specialty or employer from this URL. Flagged automatically: connection wording asserts a loose link.,borderline
apt-1014,Robert Steele,Robert,Steele,U.S. representative,politics,United States House of Representatives,United States,1939,,semantic,2,Steele,"Steele suggests steel or strength, a weak link to a Connecticut congressman.",,unknown,https://bioguide.congress.gov/search/bio/S000836,,,Audit: Steele is a common surname; steel/strength echo for a Connecticut congressman is padding.,rejected
apt-1015,Roberta L. Nutt,Roberta,Nutt,counseling psychology professor,education,,United States,,,semantic,3,Nutt,Slang nut refers to mental state studied in counseling psychology.,,unknown,https://slate.com/news-and-politics/2005/12/charol-shakeshaft-topped.html,,https://slate.com/news-and-politics/2005/12/charol-shakeshaft-topped.html,Audit: Slang nut for mental state is invented; Nutt is a common surname in psychology.,rejected
apt-1016,Robin Fox,Robin,Fox,anthropologist,science,,,1934,2024,semantic,3,Fox,He co-authored The Imperial Animal about human nature.,,birth_name,https://en.wikipedia.org/wiki/Robin_Fox,,https://en.wikipedia.org/wiki/Nominative_determinism,,verified
apt-1017,Robin Frost,Robin,Frost,climate commentator,science,,United Kingdom,,,semantic,4,Frost,Frost denotes freezing fitting a researcher quoted on climate change.,,unknown,https://www.newscientist.com/article/2017525-feedback-nominative-determinism-redux/,,https://www.newscientist.com/article/2017525-feedback-nominative-determinism-redux/,Named in New Scientist Feedback with Hugo Winter. Audit: Only named in New Scientist Feedback with no authoritative person page; Lancaster event link dead; person unverifiable.,rejected
apt-1018,Robin Mahfood,Robin,Mahfood,nonprofit CEO,business,Food For The Poor,United States,,,phonetic,4,Mahfood,"His name sounds like robbing my food, ironic for a hunger-relief charity CEO.",,unknown,https://en.wikipedia.org/wiki/Nominative_determinism,,https://en.wikipedia.org/wiki/Nominative_determinism,Audit: Mahfood sounds like robbing my food is phonetic pun without etymology source.,rejected
apt-1019,Rod Muddle,Rod,Muddle,aviation planner,transport,,,,,semantic,3,Muddle,His surname suggests confusion though he plans aviation routes.,,unknown,http://news.bbc.co.uk/today/hi/today/newsid_9664000/9664697.stm,,http://news.bbc.co.uk/today/hi/today/newsid_9664000/9664697.stm,Audit: Surname suggests confusion is hedging; BBC Today anecdote not a documented aptronym.,rejected
apt-1020,Roger Kneebone,Roger,Kneebone,surgeon,medicine,Imperial College London,England,,,semantic,5,Kneebone,His surname names a joint surgeons operate on.,,unknown,https://www.imperial.ac.uk/people/r.kneebone,,https://www.theguardian.com/lifeandstyle/2018/dec/15/hannah-jane-parkinson-names-inspire-choices-life,,verified
apt-1021,Roger Light,Roger,Light,painter,arts,,United States,,,direct,4,Light,"Light names illumination, central to an oil painter of still lifes.",,unknown,https://rogerlight.com/,,https://rogerlight.com/,Dallas-based fine artist.,verified
apt-1022,Roger Marshall,Roger,Marshall,U.S. senator and physician,politics,United States Senate,United States,1960,,semantic,3,Marshall,"Marshall suggests a military commander, a weak echo for a senator and obstetrician.",English: marshal,birth_name,https://en.wikipedia.org/wiki/Roger_Marshall_(politician),https://www.etymonline.com/word/marshal,,Audit: Marshall is a common surname; marshal/commander echo for a senator-physician is generic padding.,rejected
apt-1023,Roger Printup,Roger,Printup,university registrar,education,,United States,,,semantic,3,Printup,Registrars print up official student records.,,unknown,https://slate.com/news-and-politics/2005/12/charol-shakeshaft-topped.html,,https://slate.com/news-and-politics/2005/12/charol-shakeshaft-topped.html,,probable
apt-1024,Rollie Fingers,Rollie,Fingers,MLB relief pitcher,sports,Oakland Athletics,United States,1946,,semantic,3,Fingers,A reliever's grip and finger placement on the ball are central to pitching.,,unknown,https://www.baseball-reference.com/players/f/fingero01.shtml,,,Birth name Roland Glen Fingers.,verified
apt-1025,Ronald Lee Watt,Ronald,Watt,master plumber,trades,Plumber's Local 3,United States,1946,2023,semantic,4,Watt,"Watt names a unit of electrical power, loosely apt for a master plumber working on building systems.",,unknown,https://www.newcomerdenver.com/obituaries/ronald-watt,,,40-year career including DIA and Pepsi Center plumbing projects. Audit: Watt as electrical unit for a plumber is a loose cross-domain stretch not a pointed fit.,rejected
apt-1026,Rookie Davis,Rookie,Davis,MLB pitcher,sports,Cincinnati Reds,United States,1993,,direct,4,Rookie,His first name Rookie is baseball jargon for a first-year player.,,unknown,https://www.baseball-reference.com/players/d/davisro03.shtml,,,Birth name William Theron Davis.,verified
apt-1027,Rory Best,Rory,Best,rugby union hooker,sports,Ulster,Northern Ireland,1982,,semantic,3,Best,"His surname is Best, fitting Ireland's most-capped hooker.",,birth_name,https://en.wikipedia.org/wiki/Rory_Best,,,124 Ireland caps; renowned scrummager.,verified
apt-1028,Rosalind Brewer,Rosalind,Brewer,corporate executive,business,Starbucks,United States,1962,,semantic,4,Brewer,"Her surname matches brewing, relevant to her Molson Coors and Starbucks roles.",,birth_name,https://en.wikipedia.org/wiki/Rosalind_Brewer,,https://en.wikipedia.org/wiki/Aptronym,,verified
apt-1312,Rosalind Canter,Rosalind,Canter,eventing rider,sports,Great Britain equestrian team,England,1986,,semantic,5,Canter,"Canter names a horse gait, the rhythm eventing riders manage in her Olympic discipline.",English: horse gait,birth_name,https://en.wikipedia.org/wiki/Rosalind_Canter,,,2024 Paris Olympics team eventing gold; 2018 world champion.,verified
apt-1029,Rowland Wolfe,Rowland,Wolfe,tumbler,sports,,United States,1914,2010,semantic,4,Flip,"Nicknamed Flip, he won Olympic gold in tumbling with aerial flipping skills.",,pseudonym,https://www.olympedia.org/athletes/31479,,,Birth name Merrill Rowland Wolfe; Flip was a lifelong nickname. Audit: Flip was a nickname awarded for his tumbling. The row's connection rests on the nickname rather than on his surname.,rejected
apt-1030,Roy Blunt,Roy,Blunt,U.S. senator and representative,politics,United States Senate,United States,1950,1993,wordplay,2,Blunt,Blunt suggests plain speaking for a senator known for direct political style.,English: blunt (direct),birth_name,https://en.wikipedia.org/wiki/Roy_Blunt,https://www.etymonline.com/word/blunt,,Distinct from Crispin Blunt MP. Audit: Blunt/plain-speaking link is post-hoc character inference; unlike Crispin Blunt there is no pointed policy pun. Flagged automatically: connection wording asserts a loose link.,borderline
apt-1031,Roy Romer,Roy,Romer,school superintendent,education,Los Angeles Unified School District,United States,1928,,semantic,3,Romer,"Romer sounds like roamer, loosely apt for a governor who roved into running a giant urban school district.",,birth_name,https://en.wikipedia.org/wiki/Roy_Romer,,https://fordhaminstitute.org/national/commentary/apt-education-aptonyms,LAUSD superintendent 2000–2006 after three terms as Colorado governor. Audit: Romer sounds like roamer is hedging phonetic padding for a superintendent.,rejected
apt-1032,Rudolf von Richter,Rudolf,Richter,military judge,law,Reichsmilitärgericht,Germany,1835,1919,translation,4,Richter,Richter means judge in German; he presided over the Reich Military Court.,German: judge,birth_name,https://de.wikipedia.org/wiki/Rudolph_von_Richter,https://en.wiktionary.org/wiki/Richter,,,verified
apt-1033,Russell Brain,Russell,Brain,neurologist,medicine,,England,1895,1966,semantic,5,Brain,His surname is the organ studied by neurologists.,,birth_name,"https://en.wikipedia.org/wiki/Russell_Brain,_1st_Baron_Brain",,https://en.wikipedia.org/wiki/Aptronym,,verified
apt-1034,Russell Hiatt,Russell,Hiatt,barber,trades,Floyd's City Barber Shop,United States,,,semantic,3,Hiatt,"Hiatt ran Floyd's City Barber Shop, named for the fictional Floyd the Barber.",,unknown,https://en.wikipedia.org/wiki/Floyd_Lawson,,,Mt Airy NC barber; shop renamed Floyd's City Barber Shop 1989. Audit: Connection describes Floyd's City Barber Shop naming not Hiatt surname meaning.,rejected
apt-1035,Russell Mark,Russell,Mark,trap shooter,sports,,Australia,1964,,semantic,4,Mark,"Mark means a target hit, apt for an Olympic trap shooting gold medalist.",,unknown,https://www.olympedia.org/athletes/41182,,,,verified
apt-1036,Ruth Apt,Ruth,Apt,swimmer,sports,,Uruguay,1953,,wordplay,4,Apt,"Apt means suitable or fitting, echoing aptronym itself for an Olympic swimmer.",,unknown,https://www.olympedia.org/athletes/50932,,,"Audit: Meta apt/aptronym echo is self-referential, not a swimming name fit.",rejected
apt-1037,Ryan Winterton,Ryan,Winterton,NHL center,sports,Seattle Kraken,Canada,2002,,semantic,4,Winterton,"His surname embeds winter, the season synonymous with hockey.",,unknown,https://www.hockey-reference.com/players/w/wintery01.html,,,,verified
apt-1038,Sales (Shooters Hill auctioneer),,Sales,auctioneer,business,Shooters Hill district,England,,,direct,4,Sales,An auctioneer surnamed Sales was listed at Shooters Hill in the 1888 Kentish Note Book.,English: sales,unknown,https://en.wikipedia.org/wiki/Kentish_Note_Book,https://www.etymonline.com/word/sale,https://en.wikipedia.org/wiki/Nominative_determinism,Individual not identified in parish records; Rennick ground rules apply. Audit: 1888 directory anecdote; individual auctioneer never identified in parish records.,rejected
apt-1039,Sally Ride,Sally,Ride,astronaut,transport,NASA,United States,1951,2012,semantic,4,Ride,"Ride denotes travel, fitting the first American woman in space.",,birth_name,https://en.wikipedia.org/wiki/Sally_Ride,,https://en.wikipedia.org/wiki/Aptronym,STS-7 and STS-41-G mission specialist.,verified
apt-1040,Salmon Portland Chase,Salmon Portland,Chase,Chief justice of the United States,law,Supreme Court of the United States,United States,1808,1873,semantic,3,Chase,"Chase suggests pursuit and apprehension, apt for a chief justice who had been Lincoln's Treasury secretary during the Civil War.",English occupational surname,unknown,https://www.fjc.gov/history/judges/chase-salmon-portland,https://www.etymonline.com/word/chase,,Sixth chief justice; presided over Reconstruction-era cases. Audit: Chase/pursuit common surname. Flagged automatically: connection wording asserts a loose link.,borderline
apt-1041,Salva Sevilla,Salva,Sevilla,football midfielder,sports,Sevilla FC,Spain,1984,,wordplay,4,Sevilla,"His surname matches Sevilla, the club where he came through the youth system.",,birth_name,https://en.wikipedia.org/wiki/Salva_Sevilla,,https://www.nytimes.com/athletic/6524643/2025/08/04/football-names-clubs-managers-arsenal-wenger/,Only reached Sevilla B team; later starred at Real Betis.,verified
apt-1042,Salvador Dalí,Salvador,Dalí,painter,arts,,Spain,1904,1989,translation,2,Salvador,Salvador means savior in Spanish for the surrealist who proclaimed a new visual religion.,Spanish: savior,birth_name,https://en.wikipedia.org/wiki/Salvador_Dal%C3%AD,https://en.wiktionary.org/wiki/salvador,,"Self-styled savior of modern art; surname Dalí is Catalan toponymic. Audit: Salvador means savior is baptismal given name, not surname coincidence with surrealism.",rejected
apt-1043,Sam Byrd,Sam,Byrd,professional golfer,sports,,United States,1907,1981,semantic,3,Byrd,"Byrd evokes birdie, one under par in golf.",,birth_name,https://en.wikipedia.org/wiki/Sam_Byrd,,,Also played Major League Baseball. Flagged automatically: connection wording asserts a loose link.,borderline
apt-1044,Sam Hunt,Sam,Hunt,Australian rules footballer,sports,Essendon,Australia,1983,,semantic,3,Hunt,His surname Hunt fits an AFL player hunting the ball.,,unknown,https://www.afltables.com/afl/stats/players/S/Sam_Hunt.html,,,Seven AFL games for Essendon.,verified
apt-1045,Samantha Power,Samantha,Power,U.S. ambassador,politics,United Nations,United States,1970,,semantic,3,Power,Her surname names diplomatic power she wielded at the UN.,,birth_name,https://en.wikipedia.org/wiki/Samantha_Power,,https://www.sevendaysvt.com/arts-culture/aptronyms-2014-are-descriptive-monikers-coincidence-or-fate-2488690/,Audit: Power is a common English word/surname; diplomatic power wordplay applies to any ambassador.,rejected
apt-1046,Samuel Augustus Foot,Samuel,Foot,U.S. senator and governor of Connecticut,politics,United States Senate,United States,1780,1846,wordplay,3,Foot,His surname Foot lent its name to the Foot Resolution on public-land sales he introduced in the Senate.,,unknown,https://en.wikipedia.org/wiki/Samuel_A._Foote,,,Also spelled Foote. Audit: Foot Resolution was named after him; the legislative eponym is not a name-to-role aptronym.,rejected
apt-1047,Samuel Champion,Samuel,Champion,television meteorologist,weather,The Weather Channel / WABC,United States,1961,,semantic,2,Champion,"His surname Champion suggests winning the weather, a faint broadcast-personality pun.",,birth_name,https://en.wikipedia.org/wiki/Sam_Champion,https://en.wiktionary.org/wiki/champion,https://www.treehugger.com/meteorologists-with-ridiculous-names-4863783,,borderline
apt-1048,Samuel Chase,Samuel,Chase,Associate justice of the Supreme Court,law,Supreme Court of the United States,United States,1741,1811,semantic,2,Chase,"Chase suggests pursuit and apprehension, core activities of criminal justice.",English occupational surname (huntsman),unknown,https://www.fjc.gov/history/judges/chase-samuel,https://www.etymonline.com/word/chase,,Impeached 1804; acquitted 1805. Audit: Chase/pursuit common surname. Flagged automatically: connection wording asserts a loose link.,borderline
apt-1049,Samuel Collier Major,Samuel,Major,U.S. representative,politics,United States House of Representatives,United States,1836,1887,semantic,4,Major,His surname is the army rank Major during Reconstruction-era service in Congress.,,unknown,https://bioguide.congress.gov/search/bio/M000047,,,,verified
apt-1050,Samuel Foote,Samuel,Foote,actor and playwright,arts,,England,1720,1777,ironic,4,Foote,Foote lost a leg in a riding accident yet continued joking about foot and leg on stage.,,birth_name,https://en.wikipedia.org/wiki/Samuel_Foote,,https://en.wikipedia.org/wiki/Aptronym,Classic inaptronym cited in aptronym literature.,verified
apt-1051,Sandy Archer,Sandy,Archer,ice hockey player,sports,,United Kingdom,1910,1997,semantic,2,Archer,Archer means bowman; a distant fit for a 1936 Olympic ice hockey gold medalist.,,unknown,https://www.olympedia.org/athletes/83683,,,,borderline
apt-1052,Sara Blizzard,Sara,Blizzard,weather presenter,weather,BBC,England,1970,,semantic,5,Blizzard,"Her surname names a severe winter storm, fitting a meteorologist.",,birth_name,https://en.wikipedia.org/wiki/Sara_Blizzard,,https://en.wikipedia.org/wiki/Aptronym,,verified
apt-1053,Sarah Al Mazrouei,Sarah,Al Mazrouei,train captain,transport,Etihad Rail,United Arab Emirates,,,semantic,3,Captain,Captain Sarah Al Mazrouei is the first Emirati female train captain on the national railway.,,unknown,https://gulfnews.com/uae/emirati-pioneers-take-controls-etihad-rail-passenger-service-names-first-national-train-captains-1.500443203,,,First Emirati female train captain for Etihad Rail passenger service. Audit: name_element is job title Captain not surname; no Al Mazrouei etymology supports train captain.,rejected
apt-1054,Sarah Counsell,Sarah,Counsell,Circuit judge,law,Canterbury Combined Court Centre,United Kingdom,,,direct,5,Counsell,"Her surname is counsel, the formal term for the barristers and advocates she now leads from the bench.",English legal term surname,unknown,https://www.judiciary.uk/appointments-and-retirements/circuit-judge-appointment-counsell/,,https://www.counselmagazine.co.uk/articles/the-name-of-the-law,Known as Her Honour Judge Counsell.,verified
apt-1055,Sarah Frampton,Sarah,Frampton,CPA and bookkeeper,business,Ledger Linq LLC,United States,,,semantic,5,Ledger,Ledger names the account books she maintains as a licensed CPA and bookkeeper.,,unknown,https://www.ledgerlinq.com/about,,,"Owner of Ledger Linq LLC in Fairbanks, Alaska.",verified
apt-1056,Sarah Hall,Sarah,Hall,geomorphologist,science,College of the Atlantic,United States,,,semantic,3,Hall,Hall suggests a chamber of rock fitting a geomorphologist studying landscape erosion.,,unknown,https://www.coa.edu/academics/faculty/,,,Professor of Earth sciences at COA.,borderline
apt-1057,Sarah Payne,Sarah,Payne,cardiologist,medicine,,United States,,,semantic,2,Payne,Payne denotes pain assessed in cardiology.,,unknown,https://npiregistry.cms.hhs.gov/,,,Audit: person_source_url is NPI registry homepage only; confirms licence exists but not specialty or employer from this URL.,probable
apt-1058,Sarah Slater,Sarah,Slater,Convicted thief,crime,,United Kingdom,,1800,semantic,2,Slater,"Slater denotes one who slates or roofer, weakly echoing slinking theft she committed.",English occupational surname,unknown,https://www.londonlives.org/record/t17840526-5,,,Indicted 1784 for stealing a cloak from Thomas Banks's shop. Audit: Slater/roofer echo for a thief is invented; common occupational surname.,rejected
apt-1059,Sarah Vowell,Sarah,Vowell,nonfiction writer,arts,,United States,1969,,phonetic,3,Vowell,"Her surname sounds like vowel, a unit of written language.",,birth_name,https://en.wikipedia.org/wiki/Sarah_Vowell,,https://www.theguardian.com/lifeandstyle/2024/sep/17/aptronym-job-normative-determinism,"Audit: Vowell sounds like vowel is mild phonetic echo, not aptronym.",rejected
apt-1060,Satchel Paige,Satchel,Paige,Negro leagues and MLB pitcher,sports,Kansas City Monarchs,United States,1906,1982,semantic,3,Satchel,His nickname Satchel referred to the bag he carried as a porter before pitching.,,professional_name,https://www.baseball-reference.com/players/p/paigesa01.shtml,,,"Birth name Leroy Robert Paige. Audit: Satchel came from the bags he carried as a boy working as a railway porter. It describes an earlier job and has no relation to pitching, so it is not an aptronym for a pitcher.",rejected
apt-1061,Saul Perlmutter,Saul,Perlmutter,astrophysicist,science,University of California Berkeley,United States,1959,,translation,3,Perlmutter,Perlmutter means pearl mother in German loosely evoking luminous supernovae he discovered.,German: pearl mother,birth_name,https://en.wikipedia.org/wiki/Saul_Perlmutter,https://en.wiktionary.org/wiki/Perlmutter,,Nobel laureate for accelerating universe discovery. Flagged automatically: connection wording asserts a loose link.,borderline
apt-1062,Scott Diamond,Scott,Diamond,MLB pitcher,sports,Minnesota Twins,Canada,1986,,semantic,4,Diamond,He pitched on the sport's diamond-shaped infield.,,unknown,https://www.baseball-reference.com/players/d/diamosc01.shtml,,,,verified
apt-1063,Scott Goodyear,Scott,Goodyear,race car driver,sports,,United States,1959,,wordplay,3,Goodyear,He shares a name with the tire brand used in racing.,,birth_name,https://en.wikipedia.org/wiki/Scott_Goodyear,,https://slate.com/news-and-politics/2005/12/charol-shakeshaft-topped.html,"Audit: Goodyear tire-brand homonym is corporate coincidence, not name-to-motorsport meaning.",rejected
apt-1064,Scott H. Stoleson,Scott,Stoleson,research wildlife biologist,trades,USDA Forest Service Northern Research Station,United States,,,semantic,2,Stoleson,"His surname resembles nestling, apt for a wildlife biologist studying forest birds.",,unknown,https://research.fs.usda.gov/download/treesearch/38176.pdf,,,Co-author oak silviculture synthesis. Audit: Stoleson resembles nestling is hedging; invented phonetic padding from USDA co-author list.,rejected
apt-1065,Scott Hatch,Scott,Hatch,seabird biologist,science,Institute for Seabird Research and Conservation,United States,,,semantic,4,Hatch,Hatch denotes the hatching of eggs fitting a marine biologist who studies North Pacific seabird breeding.,,unknown,https://orcid.org/0000-0002-0064-8187,,https://www.neatorama.com/2013/03/19/The-Name-Number-for-Geology-and-for-Other-Professions/,USGS research wildlife biologist retired 2012.,verified
apt-1066,Scott McClellan,Scott,McClellan,White House press secretary,politics,George W. Bush administration,United States,1968,,phonetic,2,McClellan,"McClellan sounds like clear, a faint fit for a press secretary who later criticized the administration.",,birth_name,https://en.wikipedia.org/wiki/Scott_McClellan,,,Audit: Agent admitted score-2 press-secretary padding; McClellan/clear homophone is fabricated.,rejected
apt-1067,Scott Perry,Scott,Perry,U.S. representative and National Guard officer,politics,United States House of Representatives,United States,1962,,semantic,2,Perry,"Perry suggests persisting, a weak echo for a helicopter pilot in Congress.",,birth_name,https://en.wikipedia.org/wiki/Scott_Perry_(politician),,,Audit: Agent admitted Perry as score-2 padding; persist echo from Perry is invented.,rejected
apt-1068,Scott Speed,Scott,Speed,race car driver,sports,,United States,1983,,semantic,5,Speed,"His surname names velocity, the essence of motorsport.",,birth_name,https://en.wikipedia.org/wiki/Scott_Speed,,https://en.wikipedia.org/wiki/Aptronym,,verified
apt-1069,Sean Baker,Sean,Baker,executive chef,food,Gather Restaurant,United States,,,direct,5,Baker,"His surname names the trade of baking, which he practised as Gather's founding chef.",English occupational surname,unknown,https://www.berkeleyside.org/2015/10/09/bites-butchers-son-to-university-gathers-new-chef/,,,Founding chef at Gather in Berkeley.,verified
apt-1070,Sean Cash,Sean,Cash,economist,science,Tufts University,United States,,,semantic,3,Cash,His surname Cash names the medium of exchange studied by economists.,,unknown,https://orcid.org/0000-0002-7561-3392,,,Bergstrom Professor of Global Nutrition; applied economist. Audit: Economist named Cash is a common-surname glance; score 5 inflated.,verified
apt-1071,Sebastian Wolf,Sebastian,Wolf,football goalkeeper,sports,SpVgg Unterhaching,Germany,1993,,semantic,2,Wolf,His surname Wolf evokes wolves without a club-name coincidence.,,birth_name,"https://en.wikipedia.org/wiki/Sebastian_Wolf_(footballer,_born_1993)",,,Munich-born goalkeeper. Flagged automatically: connection wording asserts a loose link.,borderline
apt-1072,Selwyn Image,Selwyn,Image,artist and designer,arts,,England,1849,1930,direct,5,Image,Image names the visual works he created as a Pre-Raphaelite artist.,,birth_name,https://en.wikipedia.org/wiki/Selwyn_Image,,https://en.wikipedia.org/wiki/Aptronym,Co-founder of the Century Guild of Artists.,verified
apt-1073,Seulgi Moon,Seulgi,Moon,geomorphologist and planetary scientist,science,"University of California, Los Angeles",United States,,,semantic,3,Moon,"Her surname names the Moon, and alongside terrestrial hillslope work she publishes on lunar surface processes.",,unknown,https://epss.ucla.edu/seulgi-moon/,,,"Associate professor of Earth, planetary and space sciences at UCLA. Her published work includes ice stability and surface roughness in the lunar south polar region (Moon et al., 2021, Geophysical Research Letters), so the earlier audit note that she does no lunar science was wrong. Audit: Her lab page times out; replaced with the UCLA department directory. The audit had downgraded this on the grounds that she studies hillslopes rather than the Moon, but she does publish on lunar surfaces, so the score goes back to 3 while staying borderline because Moon is a common Korean surname.",borderline
apt-1074,Dr. Seuss,Dr.,Seuss,author and illustrator,arts,,United States,1904,1991,wordplay,3,Seuss,"Seuss echoes deuce and spruce, fitting the rhyming whimsy of his children's books.",,pseudonym,https://en.wikipedia.org/wiki/Dr._Seuss,,,Birth name Theodor Seuss Geisel; Seuss his middle name. Flagged automatically: connection wording asserts a loose link.,borderline
apt-1075,Sextus Aelius Paetus Catus,Sextus,Catus,Roman consul and jurist,politics,Roman Republic,Roman Republic,,,translation,4,Catus,"Catus means clever in Latin, earned for his legal expertise as consul and censor.",Latin: clever,birth_name,https://en.wikipedia.org/wiki/Sextus_Aelius_Paetus_Catus,https://en.wiktionary.org/wiki/catus,,Consul 198 BC. Audit: Catus (clever) was earned for legal expertise; awarded cognomen not coincidental.,rejected
apt-1076,Seymour Nurse,Seymour,Nurse,cricketer,sports,West Indies,Barbados,1933,2019,ironic,3,Nurse,His surname is Nurse but he murdered bowling in his final Test with 258.,,birth_name,https://en.wikipedia.org/wiki/Seymour_Nurse,,https://www.espncricinfo.com/story/espncricinfo-xi-cricketers-names-that-are-also-professions-722219,Barbados and West Indies batsman.,verified
apt-1077,Shabbatai HaKohen,Shabbatai,HaKohen,talmudist,religion,,Poland,1621,1662,translation,4,HaKohen,HaKohen means the priest in Hebrew; he was a celebrated halakhic authority called the Shakh.,Hebrew: the priest,unknown,https://en.wikipedia.org/wiki/Shabbethai_Kohen,https://en.wikipedia.org/wiki/Kohen,,,verified
apt-1313,Shane Hurley,Shane,Hurley,hurling goalkeeper,sports,Cork GAA,Ireland,1997,,direct,5,Hurley,"Hurley names the ash stick hurlers use, and he keeps goal for Cork.",Irish: hurley stick,birth_name,https://en.wikipedia.org/wiki/Shane_Hurley,,,Native name Seán Ó hUrthuile; St Finbarr's and Cork senior panel.,verified
apt-1078,Shane Lechler,Shane,Lechler,NFL punter,sports,Oakland Raiders,United States,1976,,wordplay,2,Lechler,His surname evokes launching the ball like a leeching kick.,,unknown,https://www.pro-football-reference.com/players/L/LechSh20.htm,,,Audit: Leeching kick is invented; Lechler surname has no documented launch etymology.,rejected
apt-1079,Shannon Walker,Shannon,Walker,astronaut,transport,NASA,United States,1965,,semantic,3,Walker,Walker suggests walking through space on long-duration ISS missions.,,unknown,https://www.nasa.gov/news-release/nasa-astronaut-shannon-walker-retires/,,,Soyuz TMA-19 and SpaceX Crew-1; licensed pilot. Audit: Walker suggests walking through space is hedging; no documented surname-to-astronaut fit.,rejected
apt-1080,Shari Skinner,Shari,Skinner,dermatologist,medicine,,United States,,,semantic,2,Skinner,"Skinner evokes skin, the organ of dermatology.",,unknown,https://npiregistry.cms.hhs.gov/,,,Audit: person_source_url is NPI registry homepage only; confirms licence exists but not specialty or employer from this URL. Flagged automatically: connection wording asserts a loose link.,borderline
apt-1081,She'ar Yashuv Cohen,She'ar Yashuv,Cohen,chief rabbi,religion,Haifa Rabbinate,Israel,1927,2016,translation,4,Cohen,"Cohen means priest in Hebrew, fitting an Ashkenazi chief rabbi of Haifa.",Hebrew: priest,birth_name,https://en.wikipedia.org/wiki/She%27ar_Yashuv_Cohen,https://en.wiktionary.org/wiki/kohen,,Chief rabbi of Haifa 1974–2011.,verified
apt-1082,Sheila Boyle,Sheila,Boyle,dermatologist,medicine,,United States,,,semantic,2,Boyle,"Boyle suggests boil, a dermatological lesion.",,unknown,https://npiregistry.cms.hhs.gov/,,https://doi.org/10.1308/147363515X14134529299420,Audit: Common surname with glancing link; rubric score 2 not 3. Flagged automatically: connection wording asserts a loose link.,borderline
apt-1083,Shelby Goldgrab,Shelby,Goldgrab,tax accountant,business,,United States,,,wordplay,4,Goldgrab,"Her surname suggests grabbing gold, fitting a tax accountant.",,unknown,https://en.wikipedia.org/wiki/Nominative_determinism,,https://en.wikipedia.org/wiki/Nominative_determinism,Audit: Goldgrab grabbing gold for tax accountant is listicle padding without verification.,rejected
apt-1084,Shepard Smith,Shepard,Smith,television news anchor,media,Fox News,United States,1964,,semantic,3,Shepard,Shepard suggests guiding viewers through breaking news like a flock.,,birth_name,https://en.wikipedia.org/wiki/Shepard_Smith,,,Now at CNBC; formerly Fox News Channel. Flagged automatically: connection wording asserts a loose link.,borderline
apt-1085,Sherman Glenn Finesilver,Sherman Glenn,Finesilver,U.S. district judge,law,U.S. District Court for the District of Colorado,United States,1927,2006,wordplay,4,Fine,"His surname embeds fine, the monetary penalty judges impose at sentencing.",Compound surname containing English fine,unknown,https://www.fjc.gov/history/judges/finesilver-sherman-glenn,,,Denver chief judge 1982–1994.,verified
apt-1086,Sidney Ray,Sidney,Ray,optics authority,science,,United Kingdom,,,semantic,4,Ray,Ray names a line of light fitting a British authority on camera optics.,,unknown,https://wit.substack.com/p/the-wits-guide-to-nominative-determinism,,https://wit.substack.com/p/the-wits-guide-to-nominative-determinism,Cited in New Scientist Feedback 1994.,probable
apt-1087,Sigmund Freud,Sigmund,Freud,psychiatrist,medicine,,Austria,1856,1939,translation,3,Freud,Freude means joy in German; Jung cited him studying pleasure.,German: joy (Freude),unknown,https://en.wikipedia.org/wiki/Sigmund_Freud,https://en.wiktionary.org/wiki/Freude,https://en.wikipedia.org/wiki/Nominative_determinism,,verified
apt-1088,Silas Masih,Silas,Masih,chef and restaurateur,food,Pepper and Salt Restaurant,Australia,,,semantic,4,Pepper,"Masih calls himself the pepper in Pepper and Salt, his spice-driven fine dining restaurant.",,unknown,https://www.pepperandsalt.com.au/about,,,Founder and head chef at Pepper and Salt at Forest Hill Winery since 2010.,verified
apt-1089,Simon Archer,Simon,Archer,badminton player,sports,,United Kingdom,1973,,semantic,3,Archer,"Archer means bowman, apt surname though he competed in badminton.",,unknown,http://www.olympedia.org/athletes/75,,,Olympic badminton bronze medalist.,verified
apt-1314,Simon Gagné,Simon,Gagné,NHL winger,sports,Philadelphia Flyers,Canada,1980,2010,translation,4,Gagné,"Gagné is French for won, apt for an NHL winger who scored 291 goals and won the Stanley Cup.",French: won,birth_name,https://en.wikipedia.org/wiki/Simon_Gagn%C3%A9,https://en.wiktionary.org/wiki/gagner,,2012 Stanley Cup with Los Angeles Kings.,verified
apt-1090,Simon Grove,Simon,Grove,forest entomologist,science,Tasmanian Museum and Art Gallery,Australia,,,semantic,5,Grove,Grove names a small wood fitting an entomologist whose PhD was on tropical rainforest insects.,,unknown,https://www.redmap.org.au/my-redmap/view/DrSimonGroveTMAG/,,https://www.neatorama.com/2013/03/19/The-Name-Number-for-Geology-and-for-Other-Professions/,Senior Curator of Invertebrate Zoology. Audit: arts.tas.gov.au literary-awards URL 404; REDmap scientist profile confirms Simon Grove as Senior Curator of Invertebrate Zoology at Tasmanian Museum and Art Gallery.,verified
apt-1091,Simon Head,Simon,Head,headmaster,education,Chafyn Grove School,United Kingdom,,,direct,5,Head,His surname is the common short title for the headteacher he has been since 2010.,,unknown,https://www.salisburyjournal.co.uk/news/24494031.chafyn-grove-simon-head-reacts-labours-private-schools-policy/,,,Headmaster of Chafyn Grove School Salisbury since 2016.,verified
apt-1092,Sina Movahed,Sina,Movahed,chess grandmaster,sports,,Iran,2011,,phonetic,3,Movahed,His name sounds like seen a move ahead in chess.,,birth_name,https://en.wikipedia.org/wiki/Sina_Movahed,,https://en.wikipedia.org/wiki/Aptronym,,borderline
apt-1093,Skip Waters,Skip,Waters,chief meteorologist,weather,WCTI New Bern,United States,1953,2014,semantic,4,Waters,His surname Waters denotes the oceans and hydrosphere central to coastal weather.,,unknown,https://wcti12.com/archive/skip-waters-1953-2014,https://en.wiktionary.org/wiki/water,,,verified
apt-1094,Snowden D. Flora,Snowden,Flora,climatologist and tornado researcher,weather,Weather Bureau / NOAA,United States,1906,1957,semantic,4,Snowden,"His given name Snowden embeds snow, the frozen precipitation he studied as a climatologist.",,birth_name,https://en.wikipedia.org/wiki/Snowden_D._Flora,https://en.wiktionary.org/wiki/snow,,Middle name D.; Flora surname also evokes plant life and nature.,verified
apt-1095,Sonia Seneviratne,Sonia,Seneviratne,climate scientist,science,ETH Zurich,Switzerland,,,semantic,1,Seneviratne,Her surname is not weather-related though she co-authored IPCC weather extremes chapters.,,unknown,https://www.ipcc.ch/people/sonia-seneviratne/,,,IPCC WG I vice-chair.,borderline
apt-1096,Sonya Lucatero,Sonya,Lucatero,forestry technician,trades,USDA Forest Service Tahoe National Forest,United States,,,semantic,2,Lucatero,Her work as timber sales administrator manages forest harvest on Tahoe National Forest.,,unknown,https://www.fs.usda.gov/about-agency/features/forestry-technician,https://en.wiktionary.org/wiki/forest,,Featured USFS forestry technician profile. Audit: Connection describes forestry work only; Lucatero has no documented name-to-forestry fit.,rejected
apt-1097,Sparky Lyle,Sparky,Lyle,MLB relief pitcher,sports,New York Yankees,United States,1944,,semantic,3,Sparky,His nickname Sparky suggested the lively fastball of a fireman reliever.,,professional_name,https://www.baseball-reference.com/players/l/lylesp01.shtml,,,"Birth name Albert Walter Lyle. Audit: The row argues the nickname suggested his fastball, which inverts the causation and is unsupported besides.",rejected
apt-1098,Spottswood Poles,Spottswood,Poles,Negro leagues outfielder,sports,New York Lincoln Giants,United States,1887,1960,wordplay,2,Poles,His surname evokes the foul poles that define fair territory.,,unknown,https://www.baseball-reference.com/players/p/polessp01.shtml,,,Audit: Foul-pole echo applies to any player named Poles on a diamond; weak generic wordplay. Flagged automatically: connection wording asserts a loose link.,borderline
apt-1099,St. John Fisher,John,Fisher,Catholic cardinal and bishop,religion,Diocese of Rochester,England,1469,1535,semantic,2,Fisher,"Fisher evokes fishers of men, the apostolic title of a martyred bishop and cardinal.",,unknown,https://www.catholic-hierarchy.org/bishop/bfishe.html,,,Bishop of Rochester; canonized 1935. Audit: Fisher/fishers of men for Cardinal Fisher is standard biblical wordplay. Flagged automatically: connection wording asserts a loose link.,borderline
apt-1100,Stacy L. Clark,Stacy,Clark,research forester,trades,USDA Forest Service Southern Research Station,United States,,,semantic,2,Clark,Her surname Clark may evoke clarkia wildflowers in southern oak forest ecology she studies.,,unknown,https://www.srs.fs.usda.gov/pubs/gtr/gtr_srs237/gtr_srs237.pdf,,,Oak symposium co-editor. Audit: Clark may evoke clarkia wildflowers is hedging; invented USDA author padding.,rejected
apt-1101,Stan Lee,Stan,Lee,comic book writer,arts,Marvel Comics,United States,1922,2018,wordplay,1,Lee,Lee suggests leading the Marvel universe he co-created.,,professional_name,https://en.wikipedia.org/wiki/Stan_Lee,,,"Birth name Stanley Martin Lieber. Audit: Lee suggests leading Marvel is vague on birth name Stanley Lieber. Audit: Connection reads ""Lee suggests leading"", which is not a meaning of the name; Lee is one of the commonest surnames in English and the professional name was chosen from Stanley Lieber. Wikipedia gives the birth name as Stanley Martin Lieber.",rejected
apt-1315,Stefano Disegni,Stefano,Disegni,satirical cartoonist,arts,,Italy,1953,,translation,3,Disegni,Disegni is the plural of drawing in Italian and he works as a vignettista and strip artist.,Italian: drawings (disegni),professional_name,https://it.wikipedia.org/wiki/Stefano_Disegni,https://it.wiktionary.org/wiki/disegno,https://www.nomix.it/nomi-mestieri-nomen-omen.php,Born Stefano Di Segni; Disegni is his professional name.,verified
apt-1102,Stella Law,Stella,Law,astronomer,science,International Astronomical Union,United Kingdom,,,wordplay,4,Law,Her forename Stella means star fitting an IAU member in interstellar matter.,Latin: star,unknown,https://www.iau.org/Profile?ID=30089,https://en.wiktionary.org/wiki/stella,https://en.wikipedia.org/wiki/Nominative_determinism,IAU Division H member; née Harris.,verified
apt-1103,Stephanie Nicola Barwise,Stephanie Nicola,Barwise,Barrister,law,Atkin Chambers,United Kingdom,,,wordplay,4,Barwise,"Barwise puns on bar-wise, apt for a leading construction and professional-negligence silk.",Compound of bar + wise,unknown,https://www.atkinchambers.com/profile/stephanie-barwise-kc/,,https://www.counselmagazine.co.uk/articles/the-name-of-the-law,QC 2006; Grenfell Inquiry counsel.,verified
apt-1104,Stephen Buyer,Stephen,Buyer,U.S. representative,politics,United States House of Representatives,United States,1958,,ironic,4,Buyer,"His surname is Buyer, ironic after his conviction for buying stock on insider information.",,birth_name,https://en.wikipedia.org/wiki/Steve_Buyer,,https://en.wikipedia.org/wiki/Aptronym,Former U.S. representative; convicted 2023 of securities fraud.,verified
apt-1105,Stephen J. Pope,Stephen,Pope,theology professor,religion,Boston College,United States,,,semantic,4,Pope,His surname is the title of the head of the Roman Catholic Church he studies and teaches.,,unknown,https://www.bc.edu/bc-web/sites/bc-news/articles/2025/spring/theology-professor-stephen-pope-receives-bellarmine-award.html,,https://www.theledger.com/story/news/2003/07/26/theyve-heard-the-jokes-the-religious-people-with-names-like-sin-priest-pope/26065659007/,Lay theologian; not a Catholic priest.,verified
apt-1106,Stephen King,Stephen,King,novelist,arts,,United States,1947,,semantic,3,King,"King suggests sovereignty over fiction, fitting the bestselling horror author.",,birth_name,https://en.wikipedia.org/wiki/Stephen_King,,,Audit: King suggests sovereignty over fiction is metaphor padding on bestseller.,rejected
apt-1107,Stephen Knight,Stephen,Knight,U.S. representative,politics,United States House of Representatives,United States,1967,,semantic,3,Knight,His surname Knight evokes the feudal rank name while he served in Congress.,,unknown,https://bioguide.congress.gov/search/bio/K000387,,,Audit: Knight is a common surname; feudal-rank echo for a congressman is generic padding.,rejected
apt-1108,Stephen Sparks,Stephen,Sparks,volcanologist,science,University of Bristol,United Kingdom,1949,,semantic,5,Sparks,His surname names the sparks and pyroclastic ejecta central to explosive volcanism.,,birth_name,https://en.wikipedia.org/wiki/Steve_Sparks_(volcanologist),,https://www.newscientist.com/article/2017525-feedback-nominative-determinism-redux/,Sir Robert Stephen John Sparks FRS.,verified
apt-1109,Steve King,Steve,King,U.S. representative,politics,United States House of Representatives,United States,1949,,semantic,3,King,His surname is King during nine terms representing Iowa in the House.,,birth_name,https://en.wikipedia.org/wiki/Steve_King,,,Audit: King is a common English surname; nine House terms do not create an aptronym.,rejected
apt-1110,Steve Pool,Steve,Pool,chief weather forecaster,weather,KOMO Seattle,United States,1953,2023,semantic,4,Pool,"His surname Pool denotes a body of water, apt for a Pacific Northwest weather anchor.",,birth_name,https://en.wikipedia.org/wiki/Steve_Pool,https://en.wiktionary.org/wiki/pool,,42-year KOMO weather career.,verified
apt-1111,Steve Slater,Steve,Slater,rugby league winger,sports,Bradford Bulls,England,1954,,semantic,2,Slater,His surname Slater evokes sliding into tackles on the rugby league wing.,,unknown,https://en.wikipedia.org/wiki/Steve_Slater,,,"Great Britain international winger. Audit: No Steve Slater appears among the 20 Slaters in the Rugby League Project player database, the cited Wikipedia article does not exist, and Bradford Bulls did not exist under that name until 1996, so a 1954-born winger could not have played for them. The connection also has no lexical basis. Treated as fabricated.",rejected
apt-1316,Steve Slowly,Steve,Slowly,sprinter,sports,Jamaica national athletics team,Jamaica,1979,,ironic,4,Slowly,Slowly contradicts speed for a Jamaican sprinter who won world junior relay gold in 1998.,,unknown,https://worldathletics.org/athletes/jamaica/steve-slowly-14202229,,https://en.wikipedia.org/wiki/1998_World_Junior_Championships_in_Athletics_%E2%80%93_Men%27s_4_%C3%97_100_metres_relay,200 m personal best 20.27 seconds.,verified
apt-1112,Steve Wohlenhaus,Steve,Wohlenhaus,meteorologist,weather,KARE 11 Minneapolis,United States,,,semantic,4,Sunny,"He used the on-air persona Sunny Haus, a sunny-weather pun on his real surname.",,pseudonym,https://www.kare11.com/article/news/post-sven-sundgaard-destined-for-weather-greatness/89-86458546,https://en.wiktionary.org/wiki/sunny,,Stage persona Sunny Haus; birth name Steve Wohlenhaus.,verified
apt-1113,Steven Bookman,Steven,Bookman,university archivist,science,Old Dominion University,United States,,,semantic,4,Bookman,Bookman literally means book man fitting a university archivist and records keeper.,,unknown,https://www.linkedin.com/in/steven-bookman-12009426,,,"University Archivist at Old Dominion University. Person source is a professional social profile, self-reported.",probable
apt-1114,Stevie Wonder,Stevie,Wonder,singer-songwriter,arts,,United States,1950,,semantic,3,Wonder,Wonder names the awe in his soul catalog from Motown onward.,,birth_name,https://en.wikipedia.org/wiki/Stevie_Wonder,,,Birth name Stevland Hardaway Judkins. Audit: Wonder names awe in soul catalog is vague on stage name Stevland Hardaway Judkins.,rejected
apt-1115,Sting,Sting,,singer-songwriter,arts,The Police,England,1951,1984,semantic,4,Sting,Sting names the sharp vocal attack of the former Police frontman.,,professional_name,https://en.wikipedia.org/wiki/Sting_(musician),,https://en.wikipedia.org/wiki/Aptronym,"Birth name Gordon Matthew Thomas Sumner; nickname from a striped sweater. Audit: Sting nickname came from black-and-yellow striped sweater (wasp), not vocal attack; connection invented.",rejected
apt-1116,Sting Ray Robb,Sting,Robb,IndyCar racing driver,transport,A.J. Foyt Enterprises,United States,2002,,semantic,4,Sting Ray,"His given name Sting Ray nods to the Corvette sports car, fitting a professional race driver.",,birth_name,https://en.wikipedia.org/wiki/Sting_Ray_Robb,,https://www.foxsports.com/stories/motor/sting-ray-robb-unique-name-indycar,Parents named him after the Chevrolet Corvette Stingray.,verified
apt-1117,Stone Phillips,Stone,Phillips,television journalist,media,NBC News,United States,1954,,semantic,3,Stone,"Stone suggests solidity, a quality expected of a network news anchor.",,birth_name,https://en.wikipedia.org/wiki/Stone_Phillips,,,Host of Dateline NBC. Audit: Stone suggests solidity for news anchor is vague padding.,rejected
apt-1118,Storm Dunlop,Storm,Dunlop,"meteorologist, astronomer and author",weather,British Astronomical Association,England,1942,2025,semantic,5,Storm,"His forename names severe weather, fitting a meteorology author.",,unknown,https://www.rmets.org/news/remembering-storm-dunlop,,https://en.wikipedia.org/wiki/Aptronym,"Fellow of the Royal Astronomical and Royal Meteorological Societies, president of the British Astronomical Association 1986-87, lead author of the Collins Guide to the Night Sky and author of several weather books. Died 23 January 2025. Whether Storm is his birth forename is not established. Audit: Cited Wikipedia article does not exist. Replaced with the Royal Meteorological Society obituary, which also supplies the dates and the professional affiliations.",verified
apt-1119,Storm Field,Storm,Field,weather reporter,weather,,United States,1948,,semantic,4,Storm,His forename names severe weather he reports on.,,birth_name,https://en.wikipedia.org/wiki/Storm_Field,,https://en.wikipedia.org/wiki/Nominative_determinism,Audit: person_source_url pointed to Nominative determinism Wikipedia not Storm Field; nickname given at birth per Storm Field Wikipedia.,probable
apt-1120,Storm Huntley,Storm,Huntley,television weather presenter,weather,ITV / STV,United Kingdom,1987,,semantic,5,Storm,Her first name Storm matches the severe weather systems she presents.,,birth_name,https://en.wikipedia.org/wiki/Storm_Huntley,https://en.wiktionary.org/wiki/storm,,,verified
apt-1121,Stromile Swift,Stromile,Swift,NBA forward,sports,Memphis Grizzlies,United States,1979,,semantic,3,Swift,His surname matches the speed expected of an athletic forward.,,unknown,https://www.basketball-reference.com/players/s/swiftst01.html,,,,verified
apt-1122,Suani Save,Suani,Save,football goalkeeper,sports,American Samoa U20,American Samoa,1991,,direct,5,Save,His surname is Save and he plays as a goalkeeper.,,unknown,https://www.transfermarkt.com/suani-save/profil/spieler/185099,https://en.wiktionary.org/wiki/save,https://www.oceaniafootball.com/archives-7383/,American Samoa under-20 international.,verified
apt-1123,Subrahmanyan Chandrasekhar,Subrahmanyan,Chandrasekhar,astrophysicist,science,University of Chicago,India,1910,1995,translation,3,Chandra,Chandra means moon in Sanskrit fitting a stellar structure theorist.,Sanskrit: moon,birth_name,https://en.wikipedia.org/wiki/Subrahmanyan_Chandrasekhar,https://en.wiktionary.org/wiki/chandra,,Chandrasekhar limit namesake.,verified
apt-1124,Sue Yoo,Sue,Yoo,lawyer,law,Sullivan & Cromwell,United States,,,phonetic,5,Yoo,"Her name sounds like sue you, fitting a litigator.",,unknown,https://slate.com/news-and-politics/2006/05/aptronym-watch-sue-yoo-too.html,,https://slate.com/news-and-politics/2005/12/charol-shakeshaft-topped.html,,verified
apt-1125,Summer Trolli,Summer,Trolli,meteorologist,weather,WWAY Wilmington,United States,,,semantic,4,Summer,Her first name Summer names the warmest season she forecasts.,,unknown,https://www.wwaytv3.com/bios/summer-trolli/,https://en.wiktionary.org/wiki/summer,,,verified
apt-1126,Sumner Starrfield,Sumner,Starrfield,astrophysicist,science,Arizona State University,United States,,,semantic,5,Starrfield,His surname names a field of stars fitting a Regents Professor who studies stellar explosions and novae.,,unknown,https://search.asu.edu/profile/16,,https://www.newscientist.com/article/mg14419546-200-feedback/,Computational astrophysicist; long NASA Goddard collaborator.,verified
apt-1127,Sunny Hostin,Sunny,Hostin,television host,media,The View,United States,1968,,wordplay,4,Hostin,"Her surname is a near-homophone of hosting, her television role.",,birth_name,https://en.wikipedia.org/wiki/Sunny_Hostin,,https://en.wikipedia.org/wiki/Aptronym,,verified
apt-1128,Sunshine Brosi,Sunshine,Brosi,forest ecologist and professor,science,Utah State University,United States,,,semantic,5,Sunshine,Her first name Sunshine suits a forester and wildland resources professor.,,unknown,https://eastern.usu.edu/directory/sunshine-brosi,https://en.wiktionary.org/wiki/sunshine,https://www.srs.fs.usda.gov/pubs/gtr/gtr_srs237/gtr_srs237.pdf,Former Frostburg State ethnobotany and forestry coordinator.,verified
apt-1129,Surekha Yadav,Surekha,Yadav,train driver,transport,Indian Railways,India,1965,,semantic,3,Yadav,"She became India's first female train driver, retiring after 36 years on the rails.",,unknown,https://www.bbc.com/news/articles/cx2x44g441yo,,,Locomotive pilot on Rajdhani Express on her final run. Audit: Yadav is a common Indian caste surname; first female train driver is achievement not name fit.,rejected
apt-1130,Susan L. Stout,Susan,Stout,research forester,trades,USDA Forest Service Northern Research Station,United States,,,semantic,2,Stout,Her surname Stout suggests sturdy trees in the oak forests her research station manages.,,unknown,https://research.fs.usda.gov/download/treesearch/18561.pdf,https://en.wiktionary.org/wiki/stout,,Project leader Irvine PA. Audit: Stout suggests sturdy trees is hedging; invented USDA author padding.,rejected
apt-1131,Susan Powell,Susan,Powell,BBC weather forecaster,weather,BBC,United Kingdom,1974,,semantic,1,Powell,Powell is not weather-related though she keeps backyard chickens as a poultry fancier.,,unknown,https://www.bbc.co.uk/weather/about/19113136,,,,borderline
apt-1317,Susan Spicer,Susan,Spicer,chef,food,,United States,,,direct,5,Spicer,Spicer names the spice trade and she works as a chef.,,unknown,https://www.deseret.com/1997/6/22/19319526/vocationally-apt-names-aren-t-always-a-blessing-ask-undertaker-cramer-stiff-judge-aaron-ment-or-exte/,,,Sister of herb broker Tom Spicer; named in Dow Jones/Deseret News 1997 roundup.,probable
apt-1132,Sven Sundgaard,Sven,Sundgaard,television meteorologist,weather,KARE 11 Minneapolis,United States,,,translation|phonetic,3,Sund,"His surname Sundgaard contains Scandinavian sund, cognate with sun, source of weather and light.",Scandinavian,unknown,https://bringmethenews.com/minnesota-lifestyle/sven-sundgaard-is-suing-former-employer-kare-11,https://en.wiktionary.org/wiki/sund,,Former KARE 11 morning meteorologist.,probable
apt-1133,Tasha Snow,Tasha,Snow,glaciologist,science,University of Colorado Boulder,United States,,,semantic,5,Snow,Her surname Snow matches the frozen precipitation and ice sheets she studies.,,unknown,https://nsidc.org/news-analyses/news-stories/q-tasha-snow-journey-thwaites-glacier,https://en.wiktionary.org/wiki/snow,https://thwaitesglacier.org/blog/snow-ice-headed-south-1,NSIDC profile explicitly notes her name.,verified
apt-1134,Taylor Hunt,Taylor,Hunt,Australian rules footballer,sports,Geelong,Australia,1990,,semantic,3,Hunt,His surname Hunt fits an AFL defender who hunted the ball.,,unknown,https://www.afltables.com/afl/stats/players/T/Taylor_Hunt.html,,,105 games for Geelong 2010-2015.,verified
apt-1135,Taylor Swift,Taylor,Swift,singer-songwriter,arts,,United States,1989,,semantic,3,Swift,"Swift suggests speed, apt for a prolific pop songwriter.",,birth_name,https://en.wikipedia.org/wiki/Taylor_Swift,,,Audit: Swift suggests speed for prolific songwriter is generic adjective stretch.,rejected
apt-1136,Ten Million,Ten,Million,minor league baseball outfielder,sports,Northwestern League,United States,1889,1964,other,3,Million,Ten Million was given his unusual forename by a grandmother and played pre-WWI Northwestern League baseball.,Given name Ten; surname Million,birth_name,https://en.wikipedia.org/wiki/Ten_Million,,https://en.wikipedia.org/wiki/Aptronym,Featured in Spokesman-Review Names Figure in Sports Careers (1912).,verified
apt-1318,Tennys Sandgren,Tennys,Sandgren,tennis player,sports,ATP Tour,United States,1991,,phonetic,4,Sandgren,"Sandgren's first name Tennys homophones tennis, the sport he plays on the ATP Tour.",,birth_name,https://en.wikipedia.org/wiki/Tennys_Sandgren,,,2019 Australian Open quarterfinalist.,verified
apt-1137,Terrell Suggs,Terrell,Suggs,NFL linebacker,sports,Baltimore Ravens,United States,1983,,semantic,4,Suggs,"His surname evokes sacks, the stat that defined his pass-rushing career.",,unknown,https://www.pro-football-reference.com/players/S/SuggTe99.htm,,,Audit: Suggs/sacks homophone is invented; Suggs is not an English sack word.,rejected
apt-1138,Terri Gale,Terri,Gale,meteorologist,weather,CTV News Winnipeg,Canada,,,semantic,5,Gale,"Her surname matches gale, a strong wind classified in meteorology.",,unknown,https://guelph.ctvnews.ca/team/terri-gale/,https://en.wiktionary.org/wiki/gale,https://www.washingtonpost.com/news/capital-weather-gang/wp/2016/03/16/the-20-funniest-and-most-fitting-names-in-weather/,,verified
apt-1139,Terry Godlove,Terry,Godlove,religion professor,education,,United States,,,wordplay,4,Godlove,His surname combines God and love in religious studies.,,unknown,https://slate.com/news-and-politics/2005/12/charol-shakeshaft-topped.html,,https://slate.com/news-and-politics/2005/12/charol-shakeshaft-topped.html,,probable
apt-1140,Æthelred the Unready,Æthelred,Unready,King of England,politics,Kingdom of England,England,966,1016,wordplay,4,Unready,Æthelred means noble counsel but the Old English unræd (bad counsel) was punned as unready in later English.,Old English unræd (ill-advised); folk etymology unready,birth_name,https://en.wikipedia.org/wiki/%C3%86thelred_the_Unready,https://en.wiktionary.org/wiki/unready,,Epithet is contemporary Old English not modern nickname. Audit: Unready is a later English folk-etymology epithet on Old English unræd; nickname not aptronym.,rejected
apt-1141,Thierry Le Luron,Thierry,Le Luron,comedian and impersonator,arts,,France,1952,1986,translation,4,Luron,Luron means joker or buffoon in French; he was a celebrated humorist.,French: joker,birth_name,https://en.wikipedia.org/wiki/Thierry_Le_Luron,https://fr.wiktionary.org/wiki/luron,https://www.dicopathe.com/quest-donc-un-dictionnaire-des-aptonymes/,,verified
apt-1142,Thomas Banks,Thomas,Banks,Milliner and prosecution witness,crime,,United Kingdom,,1800,semantic,2,Banks,"Banks evokes banks and money, contextually apt in a stolen bank-note trial he witnessed.",English topographic surname,unknown,https://www.oldbaileyonline.org/record/t17950701-27,,,Shopkeeper witness in William Dean theft trial 1795. Audit: Banks/money echo in bank-note trial is contextual coincidence not aptronym.,rejected
apt-1143,Thomas Bowler,Thomas,Bowler,cricketer,sports,Wiltshire,England,1989,,direct,5,Bowler,His surname is Bowler and he bowls legbreak for Wiltshire.,,unknown,https://www.espncricinfo.com/cricketers/thomas-bowler-458894,,,Minor counties legbreak bowler.,verified
apt-1144,Thomas Crapper,Thomas,Crapper,sanitary engineer,trades,,England,1836,1910,semantic,4,Crapper,His surname became slang for a toilet though he did not invent the flush toilet.,,birth_name,https://en.wikipedia.org/wiki/Thomas_Crapper,,https://en.wikipedia.org/wiki/Aptronym,,verified
apt-1145,Thomas Edward Kill,Thomas Edward,Kill,would-be medical student,medicine,,United States,,,ironic,4,Kill,"Kill is lethal, so he changed his surname to Jirgensohn before pursuing medicine.",,unknown,https://en.wikipedia.org/wiki/Nominative_determinism,,https://www.newscientist.com/article/2017525-feedback-nominative-determinism-redux/,"Name change to Jirgensohn documented by Ralph Slovenko, Journal of Psychiatry and Law 1983.",probable
apt-1146,Thomas Grace,Thomas,Grace,Catholic bishop,religion,Diocese of Sacramento,United States,1841,1921,semantic,4,Grace,Grace names divine favor central to the sacramental ministry of a Catholic bishop.,,unknown,https://www.catholic-hierarchy.org/bishop/bgracet.html,,,Bishop of Sacramento 1896–1921.,verified
apt-1147,Thomas Graves Jr.,Thomas,Graves Jr.,funeral director,trades,Graves Funeral Home,United States,,,semantic,5,Graves,"Graves evokes burial places, fitting the founder of a family funeral home.",,unknown,https://gravesfuneralhomeinc.com/our-funeral-directors-and-staff.html.html,,,Founded Graves Funeral Home Norfolk Virginia in 1953. Flagged automatically: connection wording asserts a loose link.,borderline
apt-1148,Thomas Hacker,Thomas,Hacker,computer scientist,science,Purdue University,United States,,,semantic,4,Hacker,His surname names hackers the threat model in the cyber infrastructure he researches.,,unknown,https://polytechnic.purdue.edu/profile/tjhacker,,https://www.sevendaysvt.com/arts-culture/aptronyms-2014-are-descriptive-monikers-coincidence-or-fate-2488690/,Professor of Computer and Information Technology.,verified
apt-1149,Thomas Hodgkin,Thomas,Hodgkin,physician,medicine,,England,1798,1866,semantic,3,Hodgkin,Hodgkin lymphoma was later named for this pathologist who described lymphadenoma.,Surname Hodgkin; Hodgkin disease eponym,birth_name,https://en.wikipedia.org/wiki/Thomas_Hodgkin,,,Quaker physician and social reformer.,verified
apt-1150,Thomas Hunt Morgan,Thomas,Morgan,geneticist,science,Columbia University,United States,1866,1945,semantic,3,Hunt,His middle name Hunt pairs with fly genetics as he hunted mutant Drosophila for heredity.,,birth_name,https://en.wikipedia.org/wiki/Thomas_Hunt_Morgan,,,Nobel 1933; middle-name aptronym.,verified
apt-1151,Thomas Huxley,Thomas,Huxley,biologist,science,,England,1825,1895,other,2,Huxley,Huxley has no documented name meaning though he was Darwin's Bulldog.,,birth_name,https://en.wikipedia.org/wiki/Thomas_Henry_Huxley,,,Coined agnostic; championed evolution.,borderline
apt-1152,Thomas Langdon Grace,Thomas Langdon,Grace,Catholic archbishop,religion,Archdiocese of Saint Paul,United States,1814,1897,semantic,4,Grace,"Grace denotes divine favor, fitting a Dominican archbishop and missionary bishop.",,unknown,https://www.catholic-hierarchy.org/bishop/bgracetl.html,,,First bishop of Saint Paul Minnesota 1859–1884.,verified
apt-1153,Thomas Love Peacock,Thomas Love,Peacock,novelist and poet,arts,,England,1785,1866,semantic,3,Peacock,"Peacock suggests ornate display, fitting his satirical Regency novels.",,birth_name,https://en.wikipedia.org/wiki/Thomas_Love_Peacock,,,Audit: Peacock ornate display for satirical novelist is vague animal metaphor.,rejected
apt-1154,Thomas Neill Cream,Thomas Neill,Cream,physician,medicine,,Canada,1850,1892,ironic,3,Cream,"Cream suggests healing balm, yet he was a doctor who poisoned patients as the Lambeth Poisoner.",,birth_name,https://en.wikipedia.org/wiki/Thomas_Neill_Cream,,,Flagged automatically: connection wording asserts a loose link.,borderline
apt-1155,Thomas Porter,Thomas,Porter,Catholic vicar apostolic,religion,Vicariate of Jamaica,Jamaica,1828,1888,semantic,2,Porter,"Porter suggests one who carries the Gospel, fitting a Jesuit vicar apostolic.",,unknown,https://www.catholic-hierarchy.org/bishop/bporter.html,,,Vicar apostolic of Jamaica 1877–1888. Audit: Porter carries Gospel for vicar apostolic is invented metaphor. Flagged automatically: connection wording asserts a loose link.,borderline
apt-1156,Thomas Rush,Thomas,Rush,NFL defensive lineman,sports,Pittsburgh Steelers,United States,2000,,semantic,4,Rush,As a pass rusher his surname matches the rush he was tasked with.,,unknown,https://www.pro-football-reference.com/players/R/RushTh00.htm,,,,verified
apt-1157,Thurgood Marshall,Thurgood,Marshall,Associate justice of the Supreme Court,law,Supreme Court of the United States,United States,1908,1993,semantic,3,Marshall,"Marshall originally denoted a law officer, fitting a Supreme Court justice.",English occupational surname (law officer),unknown,https://www.fjc.gov/history/judges/marshall-thurgood,https://www.etymonline.com/word/marshal,,First African American Supreme Court justice.,verified
apt-1158,Tiger Jack Payne,Tiger Jack,Payne,boxer,sports,,United States,,,semantic,4,Payne,"Payne and Tiger evoke pain and ferocity, apt for a hard-hitting light heavyweight.",,pseudonym,https://boxrec.com/en/box-pro/35579,,,Also known as Jack Payne. Flagged automatically: connection wording asserts a loose link.,borderline
apt-1159,Tiger Woods,Tiger,Woods,golfer,sports,,United States,1975,,semantic,4,Woods,A wood is a type of golf club.,,birth_name,https://en.wikipedia.org/wiki/Tiger_Woods,,https://en.wikipedia.org/wiki/Aptronym,,verified
apt-1160,Tim Cahill,Tim,Cahill,football midfielder,sports,Australia national team,Australia,1979,,semantic,4,Cahill,"He scored many famous goals with his head, making his name synonymous with aerial strikes.",,birth_name,https://en.wikipedia.org/wiki/Tim_Cahill,,https://news.williamhill.com/football/premier-league/most-headed-goals-in-top-flight-history/,Australia's all-time leading scorer. Audit: Cahill does not mean header; connection substitutes aerial-goal reputation for etymology.,rejected
apt-1161,Tim Field,Tim,Field,physicist,science,McMaster University,Canada,,,semantic,4,Field,Field names the electromagnetic fields he models in scattering and propagation research.,,unknown,https://www.eng.mcmaster.ca/ece/faculty/dr-tim-field/,,,Associate professor of electrical and computer engineering.,verified
apt-1162,Tim Scott,Tim,Scott,U.S. senator,politics,United States Senate,United States,1965,,semantic,2,Scott,Scott is a common Scottish surname without a clear link to his Senate service.,,birth_name,https://en.wikipedia.org/wiki/Tim_Scott,,,Audit: Agent admitted Scott as intentional score-2 padding; common Scottish surname.,rejected
apt-1163,Tim Timmer,Tim,Timmer,carpenter,trades,,Netherlands,,,translation,5,Timmer,Timmer means carpenter in Dutch; he works as a timmerman.,Dutch: carpenter,unknown,https://www.538.nl/radio/538-nieuws/artikelen/ferry-kok-die-als-kok-werkt-op-een-ferry-wint-de-eerste-hennie-de-haan-cup,https://en.wiktionary.org/wiki/timmer,,Person from Radio 538 list only.,probable
apt-1164,Tobias Jäger,Tobias,Jäger,football goalkeeper,sports,FC Augsburg,Germany,2005,,translation|ironic,3,Jäger,"Jäger means hunter in German, contrary to a goalkeeper's role.",German: hunter,unknown,https://www.bundesliga.com/en/player/tobias-jager,https://en.wiktionary.org/wiki/J%C3%A4ger,,Augsburg goalkeeper; German-Austrian dual national.,verified
apt-1165,Toby Savin,Toby,Savin,football goalkeeper,sports,,England,2000,,phonetic,4,Savin,Saving is the goalkeeper's primary duty.,,birth_name,https://en.wikipedia.org/wiki/Toby_Savin,,https://en.wikipedia.org/wiki/Aptronym,,verified
apt-1166,Todd Apted,Todd,Apted,decathlete,sports,,Australia,1970,,wordplay,2,Apted,"Apted resembles apt, suggesting suitability for a multi-event specialist.",,unknown,https://worldathletics.org/athletes/australia/todd-apted-14600416,,,"Audit: Apted/apt resemblance is mild English echo, not a documented name meaning. Flagged automatically: connection wording asserts a loose link.",borderline
apt-1167,Todd Hunter,Todd,Hunter,Texas state representative,politics,Texas House of Representatives,United States,1953,,semantic,3,Hunter,His surname Hunter fits a lawyer-legislator who chaired redistricting and calendars.,,birth_name,https://en.wikipedia.org/wiki/Todd_Ames_Hunter,,,,verified
apt-1168,Todd Sleeper,Todd,Sleeper,anesthesiologist,medicine,,United States,,,semantic,5,Sleeper,Sleeper names the unconscious state anaesthesiologists induce.,,unknown,https://npiregistry.cms.hhs.gov/,,,Audit: person_source_url is NPI registry homepage only; confirms licence exists but not specialty or employer from this URL.,probable
apt-1169,Tom Cook,Tom,Cook,head chef,food,Le Pont De La Tour,United Kingdom,1976,,direct,5,Cook,His surname is Cook and he is a Michelin-starred head chef.,English occupational surname,unknown,https://tastingbritain.com/profile-tom-cook-le-pont-de-la-tour/,,,Head chef at Michelin-starred Le Pont De La Tour in London. Audit: Occupational direct fit underst scored at 4.,verified
apt-1170,Tom Finch,Tom,Finch,ornithologist,science,University of Cambridge,United Kingdom,,,semantic,5,Finch,His surname names the finch a bird group central to his farmland bird ecology research.,,unknown,https://www.globalfood.cam.ac.uk/memberdirectory/tomfinch,,,Conservation scientist with RSPB and Cambridge.,verified
apt-1171,Tom Lehrer,Tom,Lehrer,mathematics professor,education,University of California Santa Cruz,United States,1928,2025,translation,4,Lehrer,"Lehrer means teacher in German, fitting a mathematician who taught at Harvard, MIT and UCSC.",German: teacher,birth_name,https://en.wikipedia.org/wiki/Tom_Lehrer,https://en.wiktionary.org/wiki/Lehrer#German,https://apnews.com/article/tom-lehrer-son-satirist-mathematician-dies-9caa7ee01faf4fbfb793d7ba984c179d,Also famed as a satirical songwriter.,verified
apt-1172,Tom Loveless,Tom,Loveless,education researcher,education,,United States,,,ironic,3,Loveless,Loveless is contrary to the love of learning his Brookings education research explores.,,unknown,https://tomloveless.com/,,https://fordhaminstitute.org/national/commentary/apt-education-aptonyms,Former Brookings senior fellow; author of Brown Center Report.,verified
apt-1173,Tom Screech,Tom,Screech,owl sanctuary founder,science,Screech Owl Sanctuary,United Kingdom,,,semantic,5,Screech,His surname names the screech owl the bird his Cornwall sanctuary rehabilitates.,,unknown,https://www.bbc.com/news/uk-england-cornwall-16068468,,https://www.newscientist.com/article/1849552-feedback-507/,Founded sanctuary with Carolyn Screech in 1990.,verified
apt-1319,Tom Spicer,Tom,Spicer,specialty-herb broker,food,,United States,,,direct,5,Spicer,Spicer names the spice trade and he works as a specialty-herb broker.,,unknown,https://www.deseret.com/1997/6/22/19319526/vocationally-apt-names-aren-t-always-a-blessing-ask-undertaker-cramer-stiff-judge-aaron-ment-or-exte/,,,Brother of chef Susan Spicer; named in Dow Jones/Deseret News 1997 roundup.,probable
apt-1174,Tom Terry,Tom,Terry,chief meteorologist,weather,WFTV Orlando,United States,1969,,semantic,1,Terry,Terry is not a weather word; included only because prior search flagged him—weak.,,unknown,https://www.wftv.com/station/eyewitness-news-staff/tom-terry/34433384/,,,Rejected weak link; kept at score 1 for coverage.,borderline
apt-1175,Tom Youngs,Tom,Youngs,rugby union hooker,sports,Leicester Tigers,England,1987,,wordplay,3,Youngs,He became a hooker in a family of scrum-halves named Youngs.,,birth_name,https://en.wikipedia.org/wiki/Tom_Youngs,,,215 games for Leicester; brother Ben Youngs scrum-half.,verified
apt-1176,Tomasz Schafernaker,Tomasz,Schafernaker,BBC weather presenter,weather,BBC,United Kingdom,1979,,semantic,1,Schafernaker,Schafernaker is a Polish surname with no English weather meaning.,Polish,birth_name,https://en.wikipedia.org/wiki/Tomasz_Schafernaker,,,,borderline
apt-1177,Tony Snow,Tony,Snow,White House press secretary,politics,,United States,1955,2008,semantic,4,Snow,"Snowing is slang for misleading spin, associated with press secretaries.",,birth_name,https://en.wikipedia.org/wiki/Tony_Snow,,https://slate.com/news-and-politics/2005/12/charol-shakeshaft-topped.html,,verified
apt-1178,Topper Shutt,Topper,Shutt,chief meteorologist,weather,WUSA Washington DC,United States,,,semantic,1,Shutt,Some viewers pun his name with shut the windows during storms; link is speculative.,,unknown,https://www.wusa9.com/article/about-us/team-bios/topper-shutt-chief-meteorologist/65-72614410,,,Score 1 speculative pun; person verified.,borderline
apt-1179,Tormod Frostad,Tormod,Frostad,freestyle skier,sports,,Norway,2002,,semantic,4,Frostad,"Frostad contains frost, apt for an Olympic big air gold medalist.",,unknown,https://www.olympedia.org/athletes/139268,,,,verified
apt-1180,Tōru Takemitsu,Tōru,Takemitsu,composer,arts,,Japan,1930,1996,translation,2,Takemitsu,"Take means bamboo and mitsu means light, faintly apt for delicate orchestral textures.",Japanese: bamboo + light,birth_name,https://en.wikipedia.org/wiki/T%C5%8Dru_Takemitsu,https://japanese-names.info/last-name/takemitsu/,,Kanji reading-dependent. Audit: Take/mitsu bamboo+light is kanji-dependent speculation per row notes.,rejected
apt-1181,Trent Franks,Trent,Franks,U.S. representative,politics,United States House of Representatives,United States,1957,,phonetic,3,Franks,"Franks resembles franking, the postage privilege granted to members of Congress.",Congressional franking privilege,birth_name,https://en.wikipedia.org/wiki/Trent_Franks,,,Audit: Franks/franking postage homophone for a congressman is invented wordplay.,rejected
apt-1182,Trina Brake,Trina,Brake,deputy administrator for field operations,trades,USDA Farm Service Agency,United States,,,wordplay|ironic,3,Field,"Her job title is Deputy Administrator for Field Operations while her surname is Brake, not Field—ironic near-miss.",,unknown,https://www.fsa.usda.gov/about-fsa/fsa-leadership/trina-brake,https://en.wiktionary.org/wiki/field,,Near-miss: oversees Field Operations but surname is Brake; included as ironic wordplay on field agriculture. Audit: Near-miss Field Operations vs Brake surname is self-described ironic wordplay failure.,rejected
apt-1183,Troy Puckett,Troy,Puckett,MLB pitcher,sports,Philadelphia Phillies,United States,1890,1971,wordplay,3,Puckett,"His surname contains puck, the object used in ice hockey.",,unknown,https://www.baseball-reference.com/players/p/pucketr01.shtml,,,,verified
apt-1320,Tuomari Nurmio,Tuomari,Nurmio,rock singer-songwriter,arts,,Finland,1950,,translation,3,Tuomari,He performs as Tuomari Nurmio because tuomari means judge in Finnish and he holds a law degree.,Finnish: judge (tuomari),professional_name,https://en.wikipedia.org/wiki/Tuomari_Nurmio,https://en.wiktionary.org/wiki/tuomari,,Birth name Hannu Juhani Nurmio; stage name references his legal qualification.,verified
apt-1184,Twining Lynes,Twining,Lynes,music teacher,arts,Groton School,United States,,,phonetic,3,Lynes,"Lynes sounds like lines of music, apt for an editor of the Groton School Sing-Song Book.",,unknown,https://tomfolio.pbworks.com/w/page/22340473/AuthorAptronyms,,https://tomfolio.pbworks.com/w/page/22340473/AuthorAptronyms,Verified via Gwen Foss author-aptronym book list.,probable
apt-1185,Ty Long,Ty,Long,NFL punter,sports,Los Angeles Chargers,United States,1993,,semantic,4,Long,As a punter his surname matches the long kicks he was paid to deliver.,,unknown,https://www.pro-football-reference.com/players/L/LongTy00.htm,,,,verified
apt-1186,Ulysses S. Grant,Ulysses,Grant,President and commanding general,military,United States Army,United States,1822,1885,semantic,3,Grant,Grant suggests granting orders and surrender terms he issued as general and president.,English: grant (to give),unknown,https://en.wikipedia.org/wiki/Ulysses_S._Grant,https://www.etymonline.com/word/grant,,Flagged automatically: connection wording asserts a loose link.,borderline
apt-1187,Unai Aguirre,Unai,Aguirre,water polo goalkeeper,sports,Spain national team,Spain,2002,,semantic,2,Aguirre,His Basque surname is a place name but he is widely ranked among the world's best water polo keepers.,Basque: place-name surname,birth_name,https://en.wikipedia.org/wiki/Unai_Aguirre,https://en.wiktionary.org/wiki/Aguirre,,World champion 2022; scored from own goal line 2024.,borderline
apt-1188,Urban Shocker,Urban,Shocker,MLB pitcher,sports,New York Yankees,United States,1890,1928,semantic,4,Shocker,His surname suggests the shock a batter feels facing a hard thrower.,,unknown,https://www.baseball-reference.com/players/s/shockur01.shtml,,,Born Urbain Jacques Shockcor; Anglicized to Urban James Shocker. Flagged automatically: connection wording asserts a loose link.,borderline
apt-1189,Usain Bolt,Usain,Bolt,sprinter,sports,,Jamaica,1986,,semantic,5,Bolt,A bolt means to run suddenly and fast.,,birth_name,https://en.wikipedia.org/wiki/Usain_Bolt,,https://en.wikipedia.org/wiki/Aptronym,,verified
apt-1190,Val Castor,Val,Castor,storm chaser and meteorologist,weather,News 9 Oklahoma City,United States,,,phonetic,2,Castor,"His surname Castor is a near-homophone of caster, as in weathercaster.",,unknown,https://cas.okstate.edu/alumni/distinguished_alumni/castor_val.html,,,,verified
apt-1191,Valerio Bacigalupo,Valerio,Bacigalupo,football goalkeeper,sports,Torino,Italy,1924,1949,translation|ironic,4,Bacigalupo,"Bacigalupo means wolf-wounder in Ligurian, ironic for a goalkeeper rather than a hunter.",Ligurian: wolf-wounder,birth_name,https://en.wikipedia.org/wiki/Bacigalupo,https://en.wikipedia.org/wiki/Bacigalupo,,Grande Torino goalkeeper; died in Superga air disaster.,verified
apt-1192,Vernon Byrd,Vernon,Byrd,ornithologist,science,U.S. Fish and Wildlife Service,United States,,,semantic,5,Byrd,His surname is bird fitting a wildlife biologist who published major Aleutian Islands avifauna studies.,,unknown,https://doi.org/10.2307/1368041,,https://www.neatorama.com/2013/03/19/The-Name-Number-for-Geology-and-for-Other-Professions/,Co-author of The Birds of Adak Island Alaska.,verified
apt-1193,Victor Martinez,Victor,Martinez,barber,trades,,Spain,,,semantic,3,Barber,"Known professionally as Victor Barber, he cuts hair for tennis star Carlos Alcaraz.",,professional_name,https://www.benrothenberg.com/p/victor-barber-carlos-alcaraz-hair-victor-martinez-cutting-words-interview-tennis-french-open-roland-garros-haircut,,,Instagram handle @victorbarbers5.,verified
apt-1194,Victoria Fairweather,Victoria,Fairweather,climate and health researcher,science,University of Exeter,United Kingdom,,,semantic|ironic,4,Fairweather,Her surname Fairweather denotes calm conditions while she studies climate-driven health impacts.,,unknown,https://doi.org/10.1111/all.14511,https://en.wiktionary.org/wiki/fair_weather,,Co-author on climate and allergic disease.,verified
apt-1195,Vijay Merchant,Vijay,Merchant,cricketer,sports,India,India,1911,1987,semantic,2,Merchant,"His surname Merchant names a trader, opening the ESPNcricinfo profession XI.",,professional_name,https://en.wikipedia.org/wiki/Vijay_Merchant,,https://www.espncricinfo.com/story/espncricinfo-xi-cricketers-names-that-are-also-professions-722219,"First-class batting average 71.64. Audit: Born Vijay Madhavji Thackersey; Merchant was adopted, and the only stated basis for the entry is inclusion in an ESPNcricinfo novelty XI rather than any link between the name and cricket. Wikipedia gives the birth name as Vijay Madhavji Thackersey.",borderline
apt-1196,Virginia Woolf,Virginia,Woolf,novelist,arts,,England,1882,1941,semantic,3,Woolf,"Woolf evokes wool and warmth, contrasting with her modernist psychological fiction.",,birth_name,https://en.wikipedia.org/wiki/Virginia_Woolf,,,Born Adeline Virginia Stephen. Audit: Woolf evokes wool/warmth contrasting modernism is invented literary metaphor.,rejected
apt-1197,Vitus Bering,Vitus,Bering,explorer,science,Russian Navy,Denmark,1681,1741,other,2,Bering,Bering Strait bears his name but the surname has no documented semantic link to exploration.,,birth_name,https://en.wikipedia.org/wiki/Vitus_Bering,,,Namesake of the Bering Strait and Sea.,borderline
apt-1198,Vivien Goldman,Vivien,Goldman,music journalist and musician,media,,England,1952,,semantic,3,Goldman,"Goldman suggests gold records, fitting a veteran reggae and punk music writer.",,birth_name,https://en.wikipedia.org/wiki/Vivien_Goldman,,https://www.viviengoldman.com/about,Bob Marley's first UK publicist. Flagged automatically: connection wording asserts a loose link.,borderline
apt-1199,Waha Thuweeka,Waha,Thuweeka,ornithologist and raptor center co-director,science,Sia Essential Species Repository,United States,,,other,2,Thuweeka,Comanche ornithologist running an eagle conservation center; Thuweeka etymology unverified.,,unknown,https://www.audubon.org/magazine/native-run-raptor-center-safeguarding-sacred-birds-feathers-and-practices,,,Co-director Sia Comanche eagle aviary.,borderline
apt-1200,Walker Snowden,Walker,Snowden,television meteorologist,weather,The Weather Group / Local Now,United States,,,semantic,5,Snowden,"His surname embeds snow, the frozen precipitation he reports on air.",,unknown,https://www.weathergroup.com/personalities/walker-snowden,https://en.wiktionary.org/wiki/snow,,,verified
apt-1321,Wallace Morrison Graves Jr.,Wallace,Graves,clinical pathologist and chief medical examiner,crime,,United States,1939,2019,semantic,4,Graves,Graves names burial places and he served as chief medical examiner for Florida Judicial District 21.,,unknown,https://linnemannfuneralhomes.com/obituary/wallace-graves-jr-m-d/,,,Former Fort Myers pathologist; district medical examiner; obituary confirms role.,verified
apt-1201,Waller Thomas Burns,Waller Thomas,Burns,U.S. district judge,law,U.S. District Court for the Southern District of Texas,United States,1858,1917,semantic,1,Burns,Burns echoes fire and arson cases that federal criminal courts handle.,English occupational surname (burner),unknown,https://www.fjc.gov/history/judges/burns-waller-thomas,https://www.etymonline.com/word/burn,,Historical judge; weak fire link. Audit: Burns/fire weak link.,borderline
apt-1202,Wally Funk,Wally,Funk,aviator and astronaut,transport,Blue Origin,United States,1939,2026,semantic,3,Funk,Funk flew as a Mercury 13 aviator and became the oldest person in space on New Shepard.,,birth_name,https://en.wikipedia.org/wiki/Wally_Funk,,,Licensed flight instructor; flew on Blue Origin NS-16 in 2021. Audit: Funk has no documented aviation meaning; Mercury 13 fame padding.,rejected
apt-1203,Walter Bathe,Walter,Bathe,breaststroke swimmer,sports,,Germany,1892,1959,semantic,5,Bathe,"Bathe means to wash in water, apt for a double Olympic breaststroke gold medalist.",,unknown,https://www.olympedia.org/athletes/47775,,,Died while swimming on holiday.,verified
apt-1204,Warren Breeding,Warren,Breeding,ranch manager,science,,Australia,,,semantic,4,Breeding,Breeding names reproduction fitting a ranch manager overrun by breeding rabbits.,,unknown,https://www.newscientist.com/article/1839781-feedback-357/,,https://www.newscientist.com/article/2168762-old-scientist-nominative-determinism-through-the-ages/,Quoted in The Australian on rabbit plague levels; agriculture not academia.,probable
apt-1205,Warren Burns,Warren,Burns,fire inspector,trades,,United States,,,semantic,5,Burns,His surname names what fires do.,,unknown,https://www.chicagotribune.com/1995/05/07/a-field-day-with-aptly-named-workers/,,https://www.chicagotribune.com/1995/05/07/a-field-day-with-aptly-named-workers/,,borderline
apt-1206,Warren Davidson,Warren,Davidson,U.S. representative,politics,United States House of Representatives,United States,1970,,semantic,2,Warren,Warren as given name glances at fortified places for an Army veteran in Congress.,English: warren (enclosure),birth_name,https://en.wikipedia.org/wiki/Warren_Davidson,https://www.etymonline.com/word/warren,,Audit: Warren as given name glancing at rabbit-warren enclosure is common-name padding.,rejected
apt-1207,Warren Magnuson,Warren,Magnuson,U.S. senator,politics,United States Senate,United States,1905,1989,semantic,2,Warren,Warren as surname glances at fortified places while he chaired Commerce and Appropriations.,English: warren (enclosure),birth_name,https://en.wikipedia.org/wiki/Warren_Magnuson,https://www.etymonline.com/word/warren,,Audit: Warren is a common surname/given name; fortified-place echo is generic padding.,rejected
apt-1208,Warren Rudman,Warren,Rudman,U.S. senator,politics,United States Senate,United States,1930,2012,semantic,2,Warren,His given name Warren pairs with his work on deficit-reduction and Armed Services.,English: warren (enclosure),birth_name,https://en.wikipedia.org/wiki/Warren_Rudman,https://www.etymonline.com/word/warren,,Audit: Warren as given name with warren (enclosure) etymology is common-name padding.,rejected
apt-1209,Washington Irving,Washington,Irving,writer,arts,,United States,1783,1859,semantic,2,Irving,Irving is a Scottish place name with only a weak link to American folklore writing.,,birth_name,https://en.wikipedia.org/wiki/Washington_Irving,,,Author of The Legend of Sleepy Hollow. Audit: Irving Scottish place name with weak link to folklore writing.,rejected
apt-1210,Wayne Gall,Wayne,Gall,entomologist,science,Buffalo Museum of Science,United States,,,semantic,4,Gall,Gall names the plant swellings caused by insects fitting a museum curator of entomology.,,unknown,https://www.nyentsoc.org/march-2016,,https://www.neatorama.com/2013/03/19/The-Name-Number-for-Geology-and-for-Other-Professions/,Former curator of entomology; caddisfly specialist.,verified
apt-1211,Wayne Schmuck,Wayne,Schmuck,used-car distributor,business,,United States,,,translation,4,Schmuck,Schmuck is Yiddish/German slang for a foolish person; he sold rolled-back odometer cars.,,unknown,https://slate.com/news-and-politics/2005/12/charol-shakeshaft-topped.html,https://en.wiktionary.org/wiki/schmuck,https://slate.com/news-and-politics/2005/12/charol-shakeshaft-topped.html,,probable
apt-1212,Werner Herzog,Werner,Herzog,film director,arts,,Germany,1942,,translation,3,Herzog,"Herzog means duke in German, fitting an auteur who commands his sets.",German: duke,birth_name,https://en.wikipedia.org/wiki/Werner_Herzog,https://en.wiktionary.org/wiki/Herzog,,Herz also means heart in German. Audit: Herzog duke for auteur commanding sets is noble title unrelated to directing.,rejected
apt-1213,Werner Richter,Werner,Richter,constitutional court judge,law,Federal Constitutional Court,Germany,1959,,translation,5,Richter,"Richter is German for judge, matching his role as a Bundesverfassungsgericht judge.",German: judge,birth_name,https://de.wikipedia.org/wiki/Werner_Richter_(Jurist),https://en.wiktionary.org/wiki/Richter,https://de.wikipedia.org/wiki/Nomen_est_omen,,verified
apt-1214,Wes Souster,Wes,Souster,bespoke tailor,trades,Souster and Hicks,United Kingdom,,,translation,5,Souster,"Souster derives from Old English seowian to sew, fitting a third-generation bespoke tailor.",Old English: to sew,unknown,https://www.sousterandhicks.com/the-souster-surname.html,https://www.etymonline.com/word/sew,,Director of Souster and Hicks in Woburn Bedfordshire.,verified
apt-1215,Wesley Rush,Wesley,Rush,sportscaster,sports,,United States,1927,2009,semantic,3,Rush,"Rush suggests speed, apt for a broadcaster who called NBA and MLB games for decades.",,birth_name,https://en.wikipedia.org/wiki/Red_Rush,,,Known professionally as Red Rush. Flagged automatically: connection wording asserts a loose link.,borderline
apt-1216,Will Power,Will,Power,IndyCar racing driver,transport,Team Penske,Australia,1981,,semantic,5,Power,"Power suggests engine output and speed, fitting a professional race car driver.",,birth_name,https://en.wikipedia.org/wiki/Will_Power,,https://www.autoweek.com/racing/indycar/a2006731/indycar-star-will-power-thats-my-name/,2014 IndyCar Series champion. Flagged automatically: connection wording asserts a loose link.,borderline
apt-1217,Will Spear,Will,Spear,sabre fencer,sports,,United States,1993,,semantic,4,Spear,"A spear is a thrusting weapon, apt for a Youth Olympic sabre medalist.",,unknown,https://www.olympedia.org/athletes/1304215,,,Brother of Jeff Spear.,verified
apt-1218,William Baker,William,Baker,sugar baker,crime,,England,,1750,direct,4,Baker,William Baker was indicted as a sugar baker a trade matching his surname at the Old Bailey in 1750.,English occupational surname (baker),unknown,https://www.oldbaileyonline.org/record/t17501205-75,,https://en.wikipedia.org/wiki/Nominative_determinism,Trial for forging tea warrants; 1750 predates surname-as-coincidence era but post-descriptive naming.,verified
apt-1219,William Beaumont,William,Beaumont,Army surgeon,medicine,U.S. Army,United States,1785,1853,semantic,3,Beaumont,Beaumont means beautiful mountain a weak echo for the Father of Gastric Physiology who studied digestion.,French: beau mont (beautiful mountain),birth_name,https://en.wikipedia.org/wiki/William_Beaumont,https://en.wiktionary.org/wiki/beau,,Experiments on Alexis St. Martin's gastric fistula. Flagged automatically: connection wording asserts a loose link.,borderline
apt-1220,William Blackstone,William,Blackstone,jurist,law,,England,1723,1780,semantic,2,Blackstone,Blackstone suggests a dark cornerstone fitting the author of Commentaries on the Laws of England.,English topographic: black stone,birth_name,https://en.wikipedia.org/wiki/William_Blackstone,https://www.etymonline.com/word/black,,Commentaries shaped Anglo-American common law. Audit: Blackstone/dark cornerstone is speculative. Flagged automatically: connection wording asserts a loose link.,borderline
apt-1221,William Blake,William,Blake,poet and painter,arts,,England,1757,1827,semantic,3,Blake,"Blake means pale or dark, apt for a visionary poet of shadow and fire.","English: pale, black",birth_name,https://en.wikipedia.org/wiki/William_Blake,https://www.etymonline.com/word/blake,,Audit: Blake pale/dark for visionary poet is contradictory unsourced surname reading.,rejected
apt-1222,William Cash,William,Cash,Member of Parliament,politics,House of Commons,United Kingdom,1940,,semantic,3,Cash,"His surname is Cash, noted during parliamentary expenses scrutiny over rental payments.",,birth_name,https://en.wikipedia.org/wiki/Sir_Bill_Cash,,https://www.theguardian.com/politics/2009/may/29/bill-cash-conservatives-mps-expenses,,verified
apt-1223,William Clark,William,Clark,explorer,science,Corps of Discovery,United States,1770,1838,other,2,Clark,Clark is a clerk-derived surname with no strong link to his mapping of the Louisiana Purchase.,English: clerk,birth_name,https://en.wikipedia.org/wiki/William_Clark_(explorer),https://www.etymonline.com/word/clerk,,Co-leader of Lewis and Clark Expedition.,borderline
apt-1224,William Cowper,William,Cowper,anatomist,medicine,St Thomas's Hospital,England,1666,1709,semantic,2,Cowper,Cowper describes glands he discovered though the surname is unrelated to anatomy.,Surname Cowper; Cowper's glands eponym,birth_name,https://en.wikipedia.org/wiki/William_Cowper_(anatomist),,,Described Cowper's glands; not the poet.,borderline
apt-1225,William Dean,William,Dean,Convicted thief,crime,,United Kingdom,,1750,semantic,2,Dean,"Dean suggests deanery and authority, weakly contrasting his theft conviction at the Old Bailey.",English occupational surname,unknown,https://www.oldbaileyonline.org/record/t17950701-27,,,Tried July 1795 for stealing a bank note; witness Robert Banks also apt. Audit: Dean/deanery echo contrasting theft is invented; common surname.,rejected
apt-1226,William Dement,William,Dement,sleep researcher,medicine,,United States,1928,2020,semantic,4,Dement,His surname relates to dementia and disordered consciousness in sleep medicine.,,birth_name,https://en.wikipedia.org/wiki/William_Dement,,https://slate.com/news-and-politics/2005/12/charol-shakeshaft-topped.html,,verified
apt-1227,William Flood,William,Flood,meteorologist,weather,KKCO 11 News Grand Junction,United States,,,semantic,5,Flood,His surname Flood denotes catastrophic inundation events he forecasts on the Western Slope.,,unknown,https://www.kkco11news.com/authors/william.flood/,https://en.wiktionary.org/wiki/flood,,,verified
apt-1228,William Frost,William,Frost,chemist,science,University of Bristol,United Kingdom,,,semantic,4,Frost,Frost is frozen water fitting a chemist developing sustainable catalysis.,,unknown,https://research-information.bris.ac.uk/en/persons/william-frost,,,research-information.bris.ac.uk/en/persons/william-frost returns Page not found; no Professor William Frost in Bristol chemistry found—likely conflated with Christopher Frost at Bath.,rejected
apt-1229,William Gilbert,William,Gilbert,physician and natural philosopher,science,,England,1544,1603,semantic,4,Gilbert,Gilbert demonstrated terrestrial magnetism in De Magnete founding the field later linked to his surname.,Surname Gilbert; gauss unit context,birth_name,https://en.wikipedia.org/wiki/William_Gilbert_(physician),,,Court physician to Elizabeth I.,verified
apt-1230,William H. Steele,William H.,Steele,U.S. district judge,law,U.S. District Court for the Southern District of Alabama,United States,1951,,semantic,2,Steele,"Steele puns with steal, the crime he prosecuted as an assistant U.S. attorney before taking the bench.",English occupational surname,unknown,https://www.fjc.gov/history/judges/steele-william-h,https://www.etymonline.com/word/steal,,Former assistant district attorney and U.S. attorney. Audit: Steele/steal pun weak.,verified
apt-1231,William Harvey,William,Harvey,physician,medicine,,England,1578,1657,semantic,2,Harvey,Harvey has no strong occupational link though he discovered the circulation of blood.,,birth_name,https://en.wikipedia.org/wiki/William_Harvey,,,Included as canonical physician; name fit borderline.,borderline
apt-1232,William Headline,William,Headline,journalist,media,CNN,United States,1931,2008,wordplay,4,Headline,His surname is a newsroom term for a story title.,,birth_name,https://en.wikipedia.org/wiki/William_Headline,,https://en.wikipedia.org/wiki/Aptronym,Surname Americanized from Swedish ancestor.,verified
apt-1233,William Hogarth,William,Hogarth,painter and engraver,arts,,England,1697,1764,wordplay,3,Hogarth,Hogarth puns on hog and art fitting a satirical painter of urban life.,English hog + art,birth_name,https://en.wikipedia.org/wiki/William_Hogarth,,,A Rake's Progress and Marriage à-la-mode.,probable
apt-1234,William Hunter,William,Hunter,anatomist,medicine,St George's Hospital,Scotland,1718,1783,semantic,3,Hunter,Hunter denotes one who hunts fitting an anatomist who procured cadavers for dissection.,English occupational surname (hunter),birth_name,https://en.wikipedia.org/wiki/William_Hunter_(anatomist),https://www.etymonline.com/word/hunt,,Brother of John Hunter; founded Hunterian Museum.,verified
apt-1235,William Lawson,William,Lawson,County court judge,law,County Courts Circuit No. 35,United Kingdom,1890,1970,semantic,3,Lawson,"Lawson contains law, apt for a county court judge serving four decades.",Patronymic containing law,unknown,https://doi.org/10.1093/ww/9780199540884.013.u52588,,,His Honour William Lawson; judge 1937–1962. Audit: Lawson/law embedded moderate.,verified
apt-1236,William Lockhart Garwood,William,Garwood,U.S. court of appeals judge,law,U.S. Court of Appeals for the Fifth Circuit,United States,1931,2011,ironic|semantic,3,Lockhart,"Lockhart suggests locking up prisoners, though he served on the appellate bench rather than as a warden.",Middle name Lockhart; Scottish place-name element lock,unknown,https://www.fjc.gov/history/judges/garwood-william-lockhart,,,Former Texas Supreme Court associate justice. Flagged automatically: connection wording asserts a loose link.,borderline
apt-1237,William Lovell Finley,William Lovell,Finley,ornithologist and conservationist,science,Oregon Audubon Society,United States,1876,1953,phonetic,2,Finley,"His surname Finley is a near-homophone of finch, the birds he photographed and protected.",,unknown,https://www.oregonencyclopedia.org/articles/finley_william_l_1876_1953_/,https://en.wiktionary.org/wiki/finch,,Finley National Wildlife Refuge namesake.,borderline
apt-1238,William Makepeace Thackeray,William Makepeace,Thackeray,novelist,arts,,England,1811,1863,semantic,4,Makepeace,Makepeace is a virtue middle name fitting the satirist of vanity and social conflict in Vanity Fair.,English virtue name: make peace,birth_name,https://en.wikipedia.org/wiki/William_Makepeace_Thackeray,https://www.etymonline.com/word/peace,,Given name William; Makepeace from maternal family.,verified
apt-1239,William Moody,William,Moody,mortician,trades,,United States,1954,2013,wordplay,5,Bearer,"As licensed mortician William Moody he used the ring name Paul Bearer, a pun on pallbearer.",,professional_name,https://en.wikipedia.org/wiki/Paul_Bearer,https://www.etymonline.com/word/pallbearer,https://encyclopediaofalabama.org/article/william-moody/,Also WWE manager of The Undertaker; degree in mortuary science.,verified
apt-1240,William Painter,William,Painter,inventor,science,Crown Cork and Seal Company,United States,1838,1906,direct,5,Painter,Painter invented the crown cork bottle cap and founded the Crown Cork and Seal Company.,English: painter (coater),birth_name,https://en.wikipedia.org/wiki/William_Painter_(inventor),,,Crown cap still standard on glass bottles.,verified
apt-1241,William S. Strong,William S.,Strong,Attorney,law,"Kotin, Crabtree & Strong, LLP",United States,,,semantic,1,Strong,Strong faintly evokes the strong arm of copyright enforcement he practises.,English nickname surname,unknown,https://www.kcslegal.com/attorneys/profile/william-s-strong/,,https://www.legalcheek.com/2016/02/lawyers-with-brilliant-names-you-just-couldnt-make-up/,IP and publishing-law partner in Boston. Audit: Strong/strong arm faint echo.,borderline
apt-1242,William Schwind,William,Schwind,Mesonet systems meteorologist,weather,Kentucky Mesonet,United States,,,translation,4,Schwind,"His surname Schwind is German for wind, measured by the mesonet he maintains.",German,unknown,http://l.kymesonet.org/about.html,https://en.wiktionary.org/wiki/Wind,,Also listed as Billy Schwind on staff page. Audit: Duplicate of apt-0120 Billy Schwind (same Kentucky Mesonet staff page); William and Billy are the same person.,rejected
apt-1243,William Shakespeare,William,Shakespeare,playwright and poet,arts,,England,1564,1616,wordplay,3,Shakespeare,"Shakespeare can be read as shake spear, apt for a dramatist of martial history.",,birth_name,https://en.wikipedia.org/wiki/William_Shakespeare,,https://en.wikipedia.org/wiki/Aptronym,Etymology disputed; folk reading widely cited. Audit: Shake spear folk reading of Shakespeare is disputed etymology per row notes.,rejected
apt-1244,William Strong,William,Strong,Associate justice of the Supreme Court,law,Supreme Court of the United States,United States,1808,1895,semantic,2,Strong,Strong evokes the strong arm of the law that Supreme Court justices wield.,English nickname surname,unknown,https://www.fjc.gov/history/judges/strong-william,https://www.etymonline.com/word/strong,,Grant appointee; served 1870–1880. Audit: Strong/strong arm common surname. Flagged automatically: connection wording asserts a loose link.,borderline
apt-1245,William Thomson,William,Thomson,physicist,science,,United Kingdom,1824,1907,direct,1,Kelvin,Lord Kelvin took his title from the kelvin temperature unit derived from his work.,,legal_name,https://en.wikipedia.org/wiki/Lord_Kelvin,,,Known as Lord Kelvin. Audit: Kelvin temperature unit and Lord Kelvin title derive from his work; connection is backwards and the river Kelvin title predates the unit naming convention.,rejected
apt-1246,William Wayne Justice,William Wayne,Justice,U.S. district judge,law,U.S. District Court for the Eastern District of Texas,United States,1920,2009,direct,5,Justice,His surname matches the honorific title of a judge and his middle name completes the phrase William Wayne Justice.,English virtue surname,unknown,https://www.fjc.gov/history/judges/justice-william-wayne,,https://www.counselmagazine.co.uk/articles/the-name-of-the-law,Chief judge 1980–1990; prominent civil-rights-era jurist.,verified
apt-1247,William Wilkinson,William,Wilkinson,baker,crime,,England,,1831,semantic,3,Wilkinson,Wilkinson was a journeyman baker robbed by his employee at the Old Bailey in 1831.,Patronymic; not Baker,unknown,https://www.oldbaileyonline.org/record/t18311201-16,,,Victim not defendant; surname fit is weak but occupation confirmed. Audit: Notes admit weak fit; Wilkinson is patronymic not Baker despite baker occupation in trial.,rejected
apt-1248,William Wordsworth,William,Wordsworth,poet,arts,,England,1770,1850,wordplay,4,Wordsworth,"His surname combines words and worth, fitting a poet of language.",,birth_name,https://en.wikipedia.org/wiki/William_Wordsworth,,https://en.wikipedia.org/wiki/Aptronym,,verified
apt-1249,Willie Steele,Willie,Steele,long jumper,sports,,United States,1923,1989,semantic,3,Steele,"Steele suggests steel strength, loosely fitting a powerful long jump gold medalist.",,unknown,https://www.olympedia.org/athletes/79092,,,Flagged automatically: connection wording asserts a loose link.,borderline
apt-1250,Willie Thrower,Willie,Thrower,football quarterback,sports,,United States,1930,2002,semantic,4,Thrower,A quarterback throws the football.,,birth_name,https://en.wikipedia.org/wiki/Willie_Thrower,,https://slate.com/news-and-politics/2005/12/charol-shakeshaft-topped.html,,verified
apt-1251,Willy Bach,Willy,Bach,Barrister and police commissioner,law,King Street Chambers,United Kingdom,1946,,phonetic,4,Bach,"Bach homophones with bar, the institution whose members he joined when called in 1972.",German surname; homophone of bar in legal context,birth_name,"https://en.wikipedia.org/wiki/Willy_Bach,_Baron_Bach",,https://www.legalcheek.com/2016/02/lawyers-with-brilliant-names-you-just-couldnt-make-up/,Chaired the Bach Commission on access to justice; Leicestershire PCC 2016–2021.,verified
apt-1252,Witmer Stone,Witmer,Stone,ornithologist,science,Academy of Natural Sciences,United States,1866,1939,semantic,5,Stone,His surname is stone while he became the foremost American ornithologist of his generation.,,unknown,https://archives.upenn.edu/exhibits/penn-people/biography/witmer-stone/,,,Curator of birds at Academy of Natural Sciences for fifty years.,verified
apt-1253,Wolf Blitzer,Wolf,Blitzer,television news anchor,media,CNN,United States,1948,,translation|wordplay,4,Blitzer,"Blitzer combines Wolf with blitz, lightning in German, apt for a fast-breaking news anchor.",German: lightning,birth_name,https://en.wikipedia.org/wiki/Wolf_Blitzer,https://en.wiktionary.org/wiki/Blitz,https://en.wikipedia.org/wiki/Wolf_Blitzer,Hebrew pen name Ze'ev Barak also means wolf and lightning.,verified
apt-1254,Wolfgang Amadeus Mozart,Wolfgang Amadeus,Mozart,composer,arts,,Austria,1756,1791,translation,3,Amadeus,"Amadeus means loved by God in Latin, apt for a prodigy composer.",Latin: loved by God,birth_name,https://en.wikipedia.org/wiki/Wolfgang_Amadeus_Mozart,https://en.wiktionary.org/wiki/Amadeus,,"Full name Johannes Chrysostomus Wolfgangus Theophilus Mozart. Audit: Amadeus is Latin baptismal name chosen for Mozart, not a coincidental surname fit to composing.",rejected
apt-1322,Wolfgang Stark,Wolfgang,Stark,FIFA football referee,sports,German Football Association,Germany,1969,,translation,3,Stark,"Stark means strong in German, fitting a FIFA referee who controlled World Cup and Bundesliga matches.",German: strong,birth_name,https://en.wikipedia.org/wiki/Wolfgang_Stark,https://en.wiktionary.org/wiki/stark#German,,Retired 2017; 2010 FIFA World Cup referee.,verified
apt-1255,Wolfgang Wolf,Wolfgang,Wolf,football manager,sports,VfL Wolfsburg,Germany,1957,,semantic,5,Wolf,He managed a club whose name and mascot are wolves.,,birth_name,https://en.wikipedia.org/wiki/Wolfgang_Wolf,,https://en.wikipedia.org/wiki/Aptronym,,verified
apt-1256,Woody Allen,Woody,Allen,film director and comedian,arts,,United States,1935,,semantic,1,Allen,"Allen is a common surname; Woody adds timber, a weak link to his neurotic New York films.",,professional_name,https://en.wikipedia.org/wiki/Woody_Allen,,,Birth name Allan Stewart Konigsberg. Audit: Woody Allen adds timber to common Allen surname; professional name Allan Konigsberg. Audit: Connection concedes Allen is a common surname and that the timber reading of Woody is weak; the name is a chosen professional name over Allan Konigsberg. Wikipedia gives the birth name as Allan Stewart Konigsberg.,rejected
apt-1257,World B. Free,Lloyd,Free,NBA guard,sports,Philadelphia 76ers,United States,1953,,wordplay,4,Free,His adopted name World B. Free evokes free throws and freelancing offense.,,professional_name,https://www.basketball-reference.com/players/f/freewo01.html,,,Birth name Lloyd Bernard Free; changed to World B. Free. Flagged automatically: connection wording asserts a loose link.,borderline
apt-1323,Yamamotoyama Ryūta,Yamamotoyama,Ryūta,sumo wrestler,sports,Japan Sumo Association,Japan,1984,,translation,4,yama,"Yama means mountain in his shikona, fitting one of the heaviest Japanese sumo wrestlers.",Japanese: mountain,professional_name,https://en.wikipedia.org/wiki/Yamamotoyama_Ry%C5%ABta,https://en.wiktionary.org/wiki/%E5%B1%B1,,Birth name Yamamoto Ryūichi; shikona adds yama (mountain).,verified
apt-1258,Yisrael Meir Kagan,Yisrael Meir,Kagan,rabbi and ethicist,religion,,Lithuania,1838,1933,translation,4,Kagan,Kagan (kohen) means priest in Hebrew; he was a leading Orthodox rabbi known as the Chofetz Chaim.,Hebrew: priest,birth_name,https://en.wikipedia.org/wiki/Yisrael_Meir_Kagan,https://en.wikipedia.org/wiki/Kohen,,Also known as ha-Kohen.,verified
apt-1259,Yolande Laloi,Yolande,Laloi,lawyer,law,,France,,,translation,4,Laloi,Laloi reads as la loi (the law) in French; she practises as an avocate.,French: the law,unknown,https://fatrazie.com/aptonyme-2/54-aptonymes-par-domiciliation,https://fr.wiktionary.org/wiki/loi,,Listed in French aptonym registry. Audit: Fatrazie registry only; avocat attested by aptonym list not independent firm page.,borderline
apt-1260,Yong-Jae Moon,Yong-Jae,Moon,solar physicist,science,Kyung Hee University,South Korea,,,semantic,3,Moon,His surname Moon names the Moon while he leads a Sun and Space Weather laboratory.,,unknown,https://sunspaceweather.khu.ac.kr/members/prof-y-j-moon,,,Professor of astronomy and space science. Audit: KHU profile confirms solar/space-weather focus not lunar research; surname coincidence not near-exact fit.,verified
apt-1261,Yvonne Katherine Koch,Yvonne,Koch,urologist,medicine,Baptist Health Urology,United States,,,phonetic,3,Koch,"Koch sounds like cock, slang for penis, in a urology context.",,unknown,https://baptisthealth.net/doctors/yvonne-katherine-koch/2292289,,https://doi.org/10.1308/147363515X14134529299420,,verified
apt-1324,Zé Cantor,Zé,Cantor,forró singer,arts,,Brazil,1971,,translation,3,Cantor,His stage name Zé Cantor pairs the word cantor meaning singer in Portuguese with his career as a vocalist.,Portuguese: singer (cantor),professional_name,https://pt.wikipedia.org/wiki/Z%C3%A9_Cantor,https://en.wiktionary.org/wiki/cantor#Portuguese,,Given name José Raimundo de Lima; Cantor was assigned by João Bandeira.,verified
apt-1262,Zebulon Pike,Zebulon,Pike,U.S. Army officer and explorer,military,United States Army,United States,1779,1813,semantic,3,Pike,Pike names a spear or peak fitting an explorer who mapped the Rocky Mountain peak later named Pikes Peak.,English: pike (spear/peak),birth_name,https://en.wikipedia.org/wiki/Zebulon_Pike,https://www.etymonline.com/word/pike,,Pikes Peak namesake; died in War of 1812.,verified
apt-1263,Zhu Ting,Zhu,Ting,football forward,sports,Dalian Shide,China,1985,,phonetic,4,Ting,"His name Zhu Ting is pronounced like shooting in Mandarin, fitting a striker.",Mandarin: 朱挺 (Tǐng),birth_name,https://en.wikipedia.org/wiki/Zhu_Ting_(footballer),https://en.wiktionary.org/wiki/%E6%8C%BA,https://www.topendsports.com/fun/names/apt.htm,Also played right-back; China international.,verified
apt-1264,Zita Galvin,Zita,Galvin,gastroenterology specialist registrar,medicine,Mater Misericordiae University Hospital Liver Centre,Ireland,,,other,1,Galvin,She is a gastroenterology registrar affiliated with the hospital Liver Centre in a nominative-determinism paper.,,unknown,https://www.bmj.com/content/347/bmj.f6627,,https://doi.org/10.1136/bmj.f6627,Audit: Galvin has no liver etymology; affiliation with Liver Centre is coincidence.,verified
apt-1265,Zoltan Ovary,Zoltan,Ovary,immunologist and professor of pathology,medicine,New York University School of Medicine,United States,1907,2005,semantic,1,Ovary,Madden suggested gynecologist; he was an immunologist.,,unknown,https://archives.med.nyu.edu/taxonomy/term/8392,,https://slate.com/news-and-politics/2005/12/charol-shakeshaft-topped.html,"Born Zoltan Purjesz Ovary in Kolozsvar in 1907; discovered the passive cutaneous anaphylaxis reaction. Kept as a rejected row because the widely repeated claim that he was a gynaecologist is false. Audit: Cited Wikipedia article does not exist. Replaced with the NYU medical archives record, which confirms the dates and that he was an immunologist, not a gynaecologist.",rejected
apt-1325,Žydrūnas Ilgauskas,Žydrūnas,Ilgauskas,NBA center,sports,Cleveland Cavaliers,Lithuania,1975,,translation,4,Ilgauskas,"Ilgauskas comes from Lithuanian ilgas meaning long or tall, fitting a 7-foot-3 NBA center.",Lithuanian: long/tall,birth_name,https://en.wikipedia.org/wiki/%C5%BDydr%C5%ABnas_Ilgauskas,https://en.wiktionary.org/wiki/ilgas,,Two-time NBA All-Star; Cavaliers career blocks leader.,verified
